"Min,Max,Modal Price from Maharashtra,Aurangabad[Ginger(Dry)],Aurangabad from 01-Jan-2010To24-Oct-2020 (Total-1340) (Total-1340)",,,,,,,,,
Sl no.,District Name,Market Name,Commodity,Variety,Grade,Min Price (Rs./Quintal),Max Price (Rs./Quintal),Modal Price (Rs./Quintal),Price Date
1,Aurangabad,Aurangabad,Ginger(Dry),Other,FAQ,1000,3500,2250,30-Apr-20
2,Aurangabad,Aurangabad,Ginger(Dry),Other,FAQ,1000,3700,2350,19-Apr-20
3,Aurangabad,Aurangabad,Ginger(Dry),Other,FAQ,800,3500,2150,16-Apr-20
4,Aurangabad,Aurangabad,Ginger(Dry),Other,FAQ,800,3700,2250,5-Apr-20
5,Aurangabad,Aurangabad,Ginger(Dry),Other,FAQ,800,3500,2150,2-Apr-20
6,Aurangabad,Aurangabad,Ginger(Dry),Other,FAQ,800,3200,2000,29-Mar-20
7,Aurangabad,Aurangabad,Ginger(Dry),Other,FAQ,1000,3500,2250,26-Mar-20
8,Aurangabad,Aurangabad,Ginger(Dry),Other,FAQ,800,4000,2400,19-Mar-20
9,Aurangabad,Aurangabad,Ginger(Dry),Other,FAQ,1000,3800,2400,15-Mar-20
10,Aurangabad,Aurangabad,Ginger(Dry),Other,FAQ,800,3600,2200,12-Mar-20
11,Aurangabad,Aurangabad,Ginger(Dry),Other,FAQ,1000,3700,2350,8-Mar-20
12,Aurangabad,Aurangabad,Ginger(Dry),Other,FAQ,1000,3600,2300,5-Mar-20
13,Aurangabad,Aurangabad,Ginger(Dry),Other,FAQ,1500,4200,2850,1-Mar-20
14,Aurangabad,Aurangabad,Ginger(Dry),Other,FAQ,700,3500,2100,27-Feb-20
15,Aurangabad,Aurangabad,Ginger(Dry),Other,FAQ,800,3200,2000,23-Feb-20
16,Aurangabad,Aurangabad,Ginger(Dry),Other,FAQ,800,3600,2200,20-Feb-20
17,Aurangabad,Aurangabad,Ginger(Dry),Other,FAQ,800,3600,2200,16-Feb-20
18,Aurangabad,Aurangabad,Ginger(Dry),Other,FAQ,800,3200,2000,9-Feb-20
19,Aurangabad,Aurangabad,Ginger(Dry),Other,FAQ,1000,3200,2100,2-Feb-20
20,Aurangabad,Aurangabad,Ginger(Dry),Other,FAQ,1000,3500,2250,30-Jan-20
21,Aurangabad,Aurangabad,Ginger(Dry),Other,FAQ,1200,3900,2550,23-Jan-20
22,Aurangabad,Aurangabad,Ginger(Dry),Other,FAQ,1000,3500,2250,19-Jan-20
23,Aurangabad,Aurangabad,Ginger(Dry),Other,FAQ,1800,4000,3500,16-Jan-20
24,Aurangabad,Aurangabad,Ginger(Dry),Other,FAQ,1200,4400,2800,12-Jan-20
25,Aurangabad,Aurangabad,Ginger(Dry),Other,FAQ,1000,4300,2650,9-Jan-20
26,Aurangabad,Aurangabad,Ginger(Dry),Other,FAQ,1600,4500,3050,5-Jan-20
27,Aurangabad,Aurangabad,Ginger(Dry),Other,FAQ,1000,4300,2650,2-Jan-20
28,Aurangabad,Aurangabad,Ginger(Dry),Other,FAQ,1000,4300,2650,30-Dec-19
29,Aurangabad,Aurangabad,Ginger(Dry),Other,FAQ,1000,4300,2650,26-Dec-19
30,Aurangabad,Aurangabad,Ginger(Dry),Other,FAQ,1200,4200,2700,22-Dec-19
31,Aurangabad,Aurangabad,Ginger(Dry),Other,FAQ,2500,5000,3750,19-Dec-19
32,Aurangabad,Aurangabad,Ginger(Dry),Other,FAQ,1500,5000,3250,15-Dec-19
33,Aurangabad,Aurangabad,Ginger(Dry),Other,FAQ,1200,4000,2600,12-Dec-19
34,Aurangabad,Aurangabad,Ginger(Dry),Other,FAQ,1200,4200,2700,8-Dec-19
35,Aurangabad,Aurangabad,Ginger(Dry),Other,FAQ,1000,4000,2500,5-Dec-19
36,Aurangabad,Aurangabad,Ginger(Dry),Other,FAQ,1000,4500,2750,1-Dec-19
37,Aurangabad,Aurangabad,Ginger(Dry),Other,FAQ,1200,5000,3100,28-Nov-19
38,Aurangabad,Aurangabad,Ginger(Dry),Other,FAQ,2000,5200,3600,24-Nov-19
39,Aurangabad,Aurangabad,Ginger(Dry),Other,FAQ,1000,5500,3250,21-Nov-19
40,Aurangabad,Aurangabad,Ginger(Dry),Other,FAQ,1000,5000,3000,17-Nov-19
41,Aurangabad,Aurangabad,Ginger(Dry),Other,FAQ,1400,5500,3450,14-Nov-19
42,Aurangabad,Aurangabad,Ginger(Dry),Other,FAQ,1000,4000,2500,10-Nov-19
43,Aurangabad,Aurangabad,Ginger(Dry),Other,FAQ,1000,5000,3000,7-Nov-19
44,Aurangabad,Aurangabad,Ginger(Dry),Other,FAQ,3500,7000,5250,3-Nov-19
45,Aurangabad,Aurangabad,Ginger(Dry),Other,FAQ,3000,8000,5500,31-Oct-19
46,Aurangabad,Aurangabad,Ginger(Dry),Other,FAQ,3000,6200,4600,27-Oct-19
47,Aurangabad,Aurangabad,Ginger(Dry),Other,FAQ,3000,6500,4750,24-Oct-19
48,Aurangabad,Aurangabad,Ginger(Dry),Other,FAQ,2500,6500,4500,20-Oct-19
49,Aurangabad,Aurangabad,Ginger(Dry),Other,FAQ,2500,6500,4500,17-Oct-19
50,Aurangabad,Aurangabad,Ginger(Dry),Other,FAQ,3000,6500,4750,13-Oct-19
51,Aurangabad,Aurangabad,Ginger(Dry),Other,FAQ,3000,6000,4500,10-Oct-19
52,Aurangabad,Aurangabad,Ginger(Dry),Other,FAQ,2500,5500,4000,6-Oct-19
53,Aurangabad,Aurangabad,Ginger(Dry),Other,FAQ,1500,6000,3750,3-Oct-19
54,Aurangabad,Aurangabad,Ginger(Dry),Other,FAQ,3000,6800,4900,29-Sep-19
55,Aurangabad,Aurangabad,Ginger(Dry),Other,FAQ,3500,7900,5700,26-Sep-19
56,Aurangabad,Aurangabad,Ginger(Dry),Other,FAQ,3500,7800,5650,22-Sep-19
57,Aurangabad,Aurangabad,Ginger(Dry),Other,FAQ,5000,7500,6250,19-Sep-19
58,Aurangabad,Aurangabad,Ginger(Dry),Other,FAQ,4000,7500,5750,15-Sep-19
59,Aurangabad,Aurangabad,Ginger(Dry),Other,FAQ,5800,7200,6500,13-Sep-19
60,Aurangabad,Aurangabad,Ginger(Dry),Other,FAQ,5800,7200,6500,12-Sep-19
61,Aurangabad,Aurangabad,Ginger(Dry),Other,FAQ,3000,7000,5000,8-Sep-19
62,Aurangabad,Aurangabad,Ginger(Dry),Other,FAQ,4000,9000,6500,5-Sep-19
63,Aurangabad,Aurangabad,Ginger(Dry),Other,FAQ,4500,9000,6750,1-Sep-19
64,Aurangabad,Aurangabad,Ginger(Dry),Other,FAQ,3500,6000,4750,29-Aug-19
65,Aurangabad,Aurangabad,Ginger(Dry),Other,FAQ,3000,7300,5150,25-Aug-19
66,Aurangabad,Aurangabad,Ginger(Dry),Other,FAQ,3500,8000,5750,23-Aug-19
67,Aurangabad,Aurangabad,Ginger(Dry),Other,FAQ,3500,8000,5750,22-Aug-19
68,Aurangabad,Aurangabad,Ginger(Dry),Other,FAQ,3500,7000,5250,18-Aug-19
69,Aurangabad,Aurangabad,Ginger(Dry),Other,FAQ,5000,9000,7000,15-Aug-19
70,Aurangabad,Aurangabad,Ginger(Dry),Other,FAQ,3000,9000,6000,11-Aug-19
71,Aurangabad,Aurangabad,Ginger(Dry),Other,FAQ,9000,11000,10000,8-Aug-19
72,Aurangabad,Aurangabad,Ginger(Dry),Other,FAQ,5500,10500,8000,4-Aug-19
73,Aurangabad,Aurangabad,Ginger(Dry),Other,FAQ,7000,10500,8750,1-Aug-19
74,Aurangabad,Aurangabad,Ginger(Dry),Other,FAQ,4500,9500,7000,28-Jul-19
75,Aurangabad,Aurangabad,Ginger(Dry),Other,FAQ,3000,9500,6250,25-Jul-19
76,Aurangabad,Aurangabad,Ginger(Dry),Other,FAQ,3000,8500,5750,21-Jul-19
77,Aurangabad,Aurangabad,Ginger(Dry),Other,FAQ,5000,9500,7250,18-Jul-19
78,Aurangabad,Aurangabad,Ginger(Dry),Other,FAQ,4500,9500,7000,14-Jul-19
79,Aurangabad,Aurangabad,Ginger(Dry),Other,FAQ,3500,10000,6750,11-Jul-19
80,Aurangabad,Aurangabad,Ginger(Dry),Other,FAQ,5000,9500,7250,7-Jul-19
81,Aurangabad,Aurangabad,Ginger(Dry),Other,FAQ,3700,10600,7150,4-Jul-19
82,Aurangabad,Aurangabad,Ginger(Dry),Other,FAQ,7000,12000,9500,30-Jun-19
83,Aurangabad,Aurangabad,Ginger(Dry),Other,FAQ,7000,12000,9500,27-Jun-19
84,Aurangabad,Aurangabad,Ginger(Dry),Other,FAQ,3500,9500,6500,23-Jun-19
85,Aurangabad,Aurangabad,Ginger(Dry),Other,FAQ,3000,8500,5750,20-Jun-19
86,Aurangabad,Aurangabad,Ginger(Dry),Other,FAQ,4500,8500,6500,16-Jun-19
87,Aurangabad,Aurangabad,Ginger(Dry),Other,FAQ,3500,9500,6500,13-Jun-19
88,Aurangabad,Aurangabad,Ginger(Dry),Other,FAQ,2500,8200,5350,9-Jun-19
89,Aurangabad,Aurangabad,Ginger(Dry),Other,FAQ,3200,8200,5700,6-Jun-19
90,Aurangabad,Aurangabad,Ginger(Dry),Other,FAQ,3000,8000,5500,2-Jun-19
91,Aurangabad,Aurangabad,Ginger(Dry),Other,FAQ,1000,8500,4300,30-May-19
92,Aurangabad,Aurangabad,Ginger(Dry),Other,FAQ,3500,8500,6000,26-May-19
93,Aurangabad,Aurangabad,Ginger(Dry),Other,FAQ,3000,9000,6000,23-May-19
94,Aurangabad,Aurangabad,Ginger(Dry),Other,FAQ,3000,6800,4900,12-May-19
95,Aurangabad,Aurangabad,Ginger(Dry),Other,FAQ,3000,6500,4750,9-May-19
96,Aurangabad,Aurangabad,Ginger(Dry),Other,FAQ,3000,6400,4700,5-May-19
97,Aurangabad,Aurangabad,Ginger(Dry),Other,FAQ,1500,6000,3750,2-May-19
98,Aurangabad,Aurangabad,Ginger(Dry),Other,FAQ,1500,6200,3850,28-Apr-19
99,Aurangabad,Aurangabad,Ginger(Dry),Other,FAQ,1500,6500,4000,25-Apr-19
100,Aurangabad,Aurangabad,Ginger(Dry),Other,FAQ,1200,6000,3600,18-Apr-19
101,Aurangabad,Aurangabad,Ginger(Dry),Other,FAQ,1200,6000,3600,17-Apr-19
102,Aurangabad,Aurangabad,Ginger(Dry),Other,FAQ,1000,6200,3600,14-Apr-19
103,Aurangabad,Aurangabad,Ginger(Dry),Other,FAQ,1500,5500,3500,11-Apr-19
104,Aurangabad,Aurangabad,Ginger(Dry),Other,FAQ,1500,6000,3750,7-Apr-19
105,Aurangabad,Aurangabad,Ginger(Dry),Other,FAQ,2000,6000,4000,4-Apr-19
106,Aurangabad,Aurangabad,Ginger(Dry),Other,FAQ,2000,6300,4150,31-Mar-19
107,Aurangabad,Aurangabad,Ginger(Dry),Other,FAQ,2500,6500,4500,28-Mar-19
108,Aurangabad,Aurangabad,Ginger(Dry),Other,FAQ,3000,6300,4650,24-Mar-19
109,Aurangabad,Aurangabad,Ginger(Dry),Other,FAQ,4500,6000,5250,17-Mar-19
110,Aurangabad,Aurangabad,Ginger(Dry),Other,FAQ,3500,6400,4950,14-Mar-19
111,Aurangabad,Aurangabad,Ginger(Dry),Other,FAQ,4500,6500,5500,10-Mar-19
112,Aurangabad,Aurangabad,Ginger(Dry),Other,FAQ,4500,6300,5400,7-Mar-19
113,Aurangabad,Aurangabad,Ginger(Dry),Other,FAQ,4500,6300,5400,3-Mar-19
114,Aurangabad,Aurangabad,Ginger(Dry),Other,FAQ,3000,6300,4650,28-Feb-19
115,Aurangabad,Aurangabad,Ginger(Dry),Other,FAQ,2000,7100,4550,24-Feb-19
116,Aurangabad,Aurangabad,Ginger(Dry),Other,FAQ,3000,7000,5000,21-Feb-19
117,Aurangabad,Aurangabad,Ginger(Dry),Other,FAQ,4500,6600,5550,17-Feb-19
118,Aurangabad,Aurangabad,Ginger(Dry),Other,FAQ,3000,6500,4750,14-Feb-19
119,Aurangabad,Aurangabad,Ginger(Dry),Other,FAQ,2500,6300,4400,10-Feb-19
120,Aurangabad,Aurangabad,Ginger(Dry),Other,FAQ,3200,5800,4500,7-Feb-19
121,Aurangabad,Aurangabad,Ginger(Dry),Other,FAQ,4000,6100,5050,3-Feb-19
122,Aurangabad,Aurangabad,Ginger(Dry),Other,FAQ,3500,5500,4500,31-Jan-19
123,Aurangabad,Aurangabad,Ginger(Dry),Other,FAQ,3000,5700,4350,27-Jan-19
124,Aurangabad,Aurangabad,Ginger(Dry),Other,FAQ,2500,5500,3500,24-Jan-19
125,Aurangabad,Aurangabad,Ginger(Dry),Other,FAQ,3500,6000,4750,20-Jan-19
126,Aurangabad,Aurangabad,Ginger(Dry),Other,FAQ,4500,6000,5250,17-Jan-19
127,Aurangabad,Aurangabad,Ginger(Dry),Other,FAQ,2500,5500,3500,13-Jan-19
128,Aurangabad,Aurangabad,Ginger(Dry),Other,FAQ,3000,5500,4250,10-Jan-19
129,Aurangabad,Aurangabad,Ginger(Dry),Other,FAQ,4500,5400,4950,6-Jan-19
130,Aurangabad,Aurangabad,Ginger(Dry),Other,FAQ,2000,5700,3850,3-Jan-19
131,Aurangabad,Aurangabad,Ginger(Dry),Other,FAQ,2500,5500,4000,30-Dec-18
132,Aurangabad,Aurangabad,Ginger(Dry),Other,FAQ,2500,5500,4000,27-Dec-18
133,Aurangabad,Aurangabad,Ginger(Dry),Other,FAQ,2500,5100,3800,23-Dec-18
134,Aurangabad,Aurangabad,Ginger(Dry),Other,FAQ,2500,5400,3950,20-Dec-18
135,Aurangabad,Aurangabad,Ginger(Dry),Other,FAQ,1200,5500,3350,16-Dec-18
136,Aurangabad,Aurangabad,Ginger(Dry),Other,FAQ,2500,5700,4100,13-Dec-18
137,Aurangabad,Aurangabad,Ginger(Dry),Other,FAQ,2500,5500,3500,9-Dec-18
138,Aurangabad,Aurangabad,Ginger(Dry),Other,FAQ,1500,5500,3500,6-Dec-18
139,Aurangabad,Aurangabad,Ginger(Dry),Other,FAQ,1500,5500,3500,2-Dec-18
140,Aurangabad,Aurangabad,Ginger(Dry),Other,FAQ,3000,6000,4500,29-Nov-18
141,Aurangabad,Aurangabad,Ginger(Dry),Other,FAQ,1500,5500,3500,25-Nov-18
142,Aurangabad,Aurangabad,Ginger(Dry),Other,FAQ,3500,5500,4500,22-Nov-18
143,Aurangabad,Aurangabad,Ginger(Dry),Other,FAQ,1500,6200,3850,18-Nov-18
144,Aurangabad,Aurangabad,Ginger(Dry),Other,FAQ,2500,6000,4250,15-Nov-18
145,Aurangabad,Aurangabad,Ginger(Dry),Other,FAQ,5000,7000,6000,11-Nov-18
146,Aurangabad,Aurangabad,Ginger(Dry),Other,FAQ,2500,6500,4500,8-Nov-18
147,Aurangabad,Aurangabad,Ginger(Dry),Other,FAQ,1700,3500,2600,4-Nov-18
148,Aurangabad,Aurangabad,Ginger(Dry),Other,FAQ,1700,4500,3100,1-Nov-18
149,Aurangabad,Aurangabad,Ginger(Dry),Other,FAQ,3000,6500,4550,28-Oct-18
150,Aurangabad,Aurangabad,Ginger(Dry),Other,FAQ,2700,6000,4250,25-Oct-18
151,Aurangabad,Aurangabad,Ginger(Dry),Other,FAQ,1700,7200,4450,21-Oct-18
152,Aurangabad,Aurangabad,Ginger(Dry),Other,FAQ,4500,7000,5750,18-Oct-18
153,Aurangabad,Aurangabad,Ginger(Dry),Other,FAQ,5000,7000,6000,14-Oct-18
154,Aurangabad,Aurangabad,Ginger(Dry),Other,FAQ,5000,7000,6000,11-Oct-18
155,Aurangabad,Aurangabad,Ginger(Dry),Other,FAQ,5500,6500,6000,7-Oct-18
156,Aurangabad,Aurangabad,Ginger(Dry),Other,FAQ,5500,8000,6750,4-Oct-18
157,Aurangabad,Aurangabad,Ginger(Dry),Other,FAQ,5000,6200,5600,30-Sep-18
158,Aurangabad,Aurangabad,Ginger(Dry),Other,FAQ,4000,6700,5350,27-Sep-18
159,Aurangabad,Aurangabad,Ginger(Dry),Other,FAQ,1500,5000,3250,23-Sep-18
160,Aurangabad,Aurangabad,Ginger(Dry),Other,FAQ,4500,5000,4750,20-Sep-18
161,Aurangabad,Aurangabad,Ginger(Dry),Other,FAQ,1500,2500,2000,17-Sep-18
162,Aurangabad,Aurangabad,Ginger(Dry),Other,FAQ,3500,5000,4250,16-Sep-18
163,Aurangabad,Aurangabad,Ginger(Dry),Other,FAQ,3500,5500,4500,13-Sep-18
164,Aurangabad,Aurangabad,Ginger(Dry),Other,FAQ,3500,4700,4100,9-Sep-18
165,Aurangabad,Aurangabad,Ginger(Dry),Other,FAQ,3500,4500,4000,6-Sep-18
166,Aurangabad,Aurangabad,Ginger(Dry),Other,FAQ,4000,4500,4250,2-Sep-18
167,Aurangabad,Aurangabad,Ginger(Dry),Other,FAQ,3000,4500,3750,30-Aug-18
168,Aurangabad,Aurangabad,Ginger(Dry),Other,FAQ,3000,4000,3500,26-Aug-18
169,Aurangabad,Aurangabad,Ginger(Dry),Other,FAQ,3000,4600,3800,23-Aug-18
170,Aurangabad,Aurangabad,Ginger(Dry),Other,FAQ,4000,5300,4650,19-Aug-18
171,Aurangabad,Aurangabad,Ginger(Dry),Other,FAQ,3000,4600,3800,16-Aug-18
172,Aurangabad,Aurangabad,Ginger(Dry),Other,FAQ,2000,4500,3250,12-Aug-18
173,Aurangabad,Aurangabad,Ginger(Dry),Other,FAQ,1700,4200,2950,9-Aug-18
174,Aurangabad,Aurangabad,Ginger(Dry),Other,FAQ,3000,4000,3500,5-Aug-18
175,Aurangabad,Aurangabad,Ginger(Dry),Other,FAQ,2000,4000,3000,2-Aug-18
176,Aurangabad,Aurangabad,Ginger(Dry),Other,FAQ,2700,5000,3850,29-Jul-18
177,Aurangabad,Aurangabad,Ginger(Dry),Other,FAQ,3000,5000,4000,26-Jul-18
178,Aurangabad,Aurangabad,Ginger(Dry),Other,FAQ,3000,5000,4000,23-Jul-18
179,Aurangabad,Aurangabad,Ginger(Dry),Other,FAQ,3000,5500,4250,22-Jul-18
180,Aurangabad,Aurangabad,Ginger(Dry),Other,FAQ,2100,5000,3550,19-Jul-18
181,Aurangabad,Aurangabad,Ginger(Dry),Other,FAQ,3500,5100,4300,15-Jul-18
182,Aurangabad,Aurangabad,Ginger(Dry),Other,FAQ,2500,6300,4400,12-Jul-18
183,Aurangabad,Aurangabad,Ginger(Dry),Other,FAQ,2500,4500,3500,8-Jul-18
184,Aurangabad,Aurangabad,Ginger(Dry),Other,FAQ,2500,4500,3500,5-Jul-18
185,Aurangabad,Aurangabad,Ginger(Dry),Other,FAQ,3000,5200,4100,1-Jul-18
186,Aurangabad,Aurangabad,Ginger(Dry),Other,FAQ,4500,5200,4850,28-Jun-18
187,Aurangabad,Aurangabad,Ginger(Dry),Other,FAQ,4000,6300,5150,24-Jun-18
188,Aurangabad,Aurangabad,Ginger(Dry),Other,FAQ,5000,6200,5600,21-Jun-18
189,Aurangabad,Aurangabad,Ginger(Dry),Other,FAQ,1500,5500,3500,17-Jun-18
190,Aurangabad,Aurangabad,Ginger(Dry),Other,FAQ,2500,5500,3500,14-Jun-18
191,Aurangabad,Aurangabad,Ginger(Dry),Other,FAQ,1500,5800,3650,10-Jun-18
192,Aurangabad,Aurangabad,Ginger(Dry),Other,FAQ,1000,5500,3250,7-Jun-18
193,Aurangabad,Aurangabad,Ginger(Dry),Other,FAQ,2000,5500,3750,3-Jun-18
194,Aurangabad,Aurangabad,Ginger(Dry),Other,FAQ,1300,5300,3300,31-May-18
195,Aurangabad,Aurangabad,Ginger(Dry),Other,FAQ,3000,5100,4050,27-May-18
196,Aurangabad,Aurangabad,Ginger(Dry),Other,FAQ,3500,5500,4500,20-May-18
197,Aurangabad,Aurangabad,Ginger(Dry),Other,FAQ,2000,5500,3750,17-May-18
198,Aurangabad,Aurangabad,Ginger(Dry),Other,FAQ,3000,5500,4250,13-May-18
199,Aurangabad,Aurangabad,Ginger(Dry),Other,FAQ,1000,5500,3250,10-May-18
200,Aurangabad,Aurangabad,Ginger(Dry),Other,FAQ,3000,6000,4500,3-May-18
201,Aurangabad,Aurangabad,Ginger(Dry),Other,FAQ,1600,7900,4750,29-Apr-18
202,Aurangabad,Aurangabad,Ginger(Dry),Other,FAQ,1500,5500,3500,26-Apr-18
203,Aurangabad,Aurangabad,Ginger(Dry),Other,FAQ,1000,4500,2750,22-Apr-18
204,Aurangabad,Aurangabad,Ginger(Dry),Other,FAQ,700,3400,2050,19-Apr-18
205,Aurangabad,Aurangabad,Ginger(Dry),Other,FAQ,600,3300,1950,15-Apr-18
206,Aurangabad,Aurangabad,Ginger(Dry),Other,FAQ,500,3300,1900,12-Apr-18
207,Aurangabad,Aurangabad,Ginger(Dry),Other,FAQ,400,3000,1700,8-Apr-18
208,Aurangabad,Aurangabad,Ginger(Dry),Other,FAQ,500,2700,1600,5-Apr-18
209,Aurangabad,Aurangabad,Ginger(Dry),Other,FAQ,400,3000,1700,1-Apr-18
210,Aurangabad,Aurangabad,Ginger(Dry),Other,FAQ,700,2700,1700,29-Mar-18
211,Aurangabad,Aurangabad,Ginger(Dry),Other,FAQ,400,2800,1600,25-Mar-18
212,Aurangabad,Aurangabad,Ginger(Dry),Other,FAQ,400,2550,1475,22-Mar-18
213,Aurangabad,Aurangabad,Ginger(Dry),Other,FAQ,500,2800,1650,18-Mar-18
214,Aurangabad,Aurangabad,Ginger(Dry),Other,FAQ,1000,2700,1850,15-Mar-18
215,Aurangabad,Aurangabad,Ginger(Dry),Other,FAQ,500,2600,1550,11-Mar-18
216,Aurangabad,Aurangabad,Ginger(Dry),Other,FAQ,600,2600,1600,8-Mar-18
217,Aurangabad,Aurangabad,Ginger(Dry),Other,FAQ,2000,2800,2400,4-Mar-18
218,Aurangabad,Aurangabad,Ginger(Dry),Other,FAQ,2000,2700,2350,25-Feb-18
219,Aurangabad,Aurangabad,Ginger(Dry),Other,FAQ,1800,2600,2200,22-Feb-18
220,Aurangabad,Aurangabad,Ginger(Dry),Other,FAQ,1800,2600,2200,18-Feb-18
221,Aurangabad,Aurangabad,Ginger(Dry),Other,FAQ,1500,2600,2050,15-Feb-18
222,Aurangabad,Aurangabad,Ginger(Dry),Other,FAQ,1500,2200,1850,8-Feb-18
223,Aurangabad,Aurangabad,Ginger(Dry),Other,FAQ,1000,2600,1800,4-Feb-18
224,Aurangabad,Aurangabad,Ginger(Dry),Other,FAQ,1600,2600,2100,1-Feb-18
225,Aurangabad,Aurangabad,Ginger(Dry),Other,FAQ,1700,2600,2150,28-Jan-18
226,Aurangabad,Aurangabad,Ginger(Dry),Other,FAQ,1500,2500,2000,25-Jan-18
227,Aurangabad,Aurangabad,Ginger(Dry),Other,FAQ,1600,2700,2150,21-Jan-18
228,Aurangabad,Aurangabad,Ginger(Dry),Other,FAQ,1700,2700,2200,18-Jan-18
229,Aurangabad,Aurangabad,Ginger(Dry),Other,FAQ,1800,2700,2250,14-Jan-18
230,Aurangabad,Aurangabad,Ginger(Dry),Other,FAQ,2000,2800,2400,11-Jan-18
231,Aurangabad,Aurangabad,Ginger(Dry),Other,FAQ,1700,2800,2250,7-Jan-18
232,Aurangabad,Aurangabad,Ginger(Dry),Other,FAQ,2000,2800,2400,4-Jan-18
233,Aurangabad,Aurangabad,Ginger(Dry),Other,FAQ,2000,2700,2350,31-Dec-17
234,Aurangabad,Aurangabad,Ginger(Dry),Other,FAQ,2000,2600,2300,28-Dec-17
235,Aurangabad,Aurangabad,Ginger(Dry),Other,FAQ,2000,2700,2350,24-Dec-17
236,Aurangabad,Aurangabad,Ginger(Dry),Other,FAQ,1300,2700,2000,21-Dec-17
237,Aurangabad,Aurangabad,Ginger(Dry),Other,FAQ,1600,2500,2050,17-Dec-17
238,Aurangabad,Aurangabad,Ginger(Dry),Other,FAQ,1500,2500,2000,14-Dec-17
239,Aurangabad,Aurangabad,Ginger(Dry),Other,FAQ,1700,2500,2100,10-Dec-17
240,Aurangabad,Aurangabad,Ginger(Dry),Other,FAQ,1000,2500,1750,7-Dec-17
241,Aurangabad,Aurangabad,Ginger(Dry),Other,FAQ,1000,2500,1750,3-Dec-17
242,Aurangabad,Aurangabad,Ginger(Dry),Other,FAQ,700,2500,1600,30-Nov-17
243,Aurangabad,Aurangabad,Ginger(Dry),Other,FAQ,700,2000,1350,26-Nov-17
244,Aurangabad,Aurangabad,Ginger(Dry),Other,FAQ,1000,2500,1750,23-Nov-17
245,Aurangabad,Aurangabad,Ginger(Dry),Other,FAQ,1300,2500,1900,19-Nov-17
246,Aurangabad,Aurangabad,Ginger(Dry),Other,FAQ,800,2100,1450,16-Nov-17
247,Aurangabad,Aurangabad,Ginger(Dry),Other,FAQ,1200,2000,1600,12-Nov-17
248,Aurangabad,Aurangabad,Ginger(Dry),Other,FAQ,800,2000,1400,9-Nov-17
249,Aurangabad,Aurangabad,Ginger(Dry),Other,FAQ,1200,2400,1800,5-Nov-17
250,Aurangabad,Aurangabad,Ginger(Dry),Other,FAQ,1300,2500,1900,2-Nov-17
251,Aurangabad,Aurangabad,Ginger(Dry),Other,FAQ,1300,3000,2150,29-Oct-17
252,Aurangabad,Aurangabad,Ginger(Dry),Other,FAQ,3000,4500,3750,26-Oct-17
253,Aurangabad,Aurangabad,Ginger(Dry),Other,FAQ,2000,3500,2750,22-Oct-17
254,Aurangabad,Aurangabad,Ginger(Dry),Other,FAQ,1200,2500,1850,19-Oct-17
255,Aurangabad,Aurangabad,Ginger(Dry),Other,FAQ,1500,3000,2250,15-Oct-17
256,Aurangabad,Aurangabad,Ginger(Dry),Other,FAQ,2000,3500,2750,12-Oct-17
257,Aurangabad,Aurangabad,Ginger(Dry),Other,FAQ,1000,3000,2000,8-Oct-17
258,Aurangabad,Aurangabad,Ginger(Dry),Other,FAQ,1700,2600,2150,5-Oct-17
259,Aurangabad,Aurangabad,Ginger(Dry),Other,FAQ,1000,2300,1650,1-Oct-17
260,Aurangabad,Aurangabad,Ginger(Dry),Other,FAQ,1700,2400,2050,28-Sep-17
261,Aurangabad,Aurangabad,Ginger(Dry),Other,FAQ,1600,3000,2750,24-Sep-17
262,Aurangabad,Aurangabad,Ginger(Dry),Other,FAQ,1500,2000,1850,21-Sep-17
263,Aurangabad,Aurangabad,Ginger(Dry),Other,FAQ,1500,2200,1850,17-Sep-17
264,Aurangabad,Aurangabad,Ginger(Dry),Other,FAQ,1000,2400,1700,14-Sep-17
265,Aurangabad,Aurangabad,Ginger(Dry),Other,FAQ,1000,2000,1500,10-Sep-17
266,Aurangabad,Aurangabad,Ginger(Dry),Other,FAQ,800,2200,1500,7-Sep-17
267,Aurangabad,Aurangabad,Ginger(Dry),Other,FAQ,1500,2200,1850,3-Sep-17
268,Aurangabad,Aurangabad,Ginger(Dry),Other,FAQ,1500,2500,2000,31-Aug-17
269,Aurangabad,Aurangabad,Ginger(Dry),Other,FAQ,1300,2300,1800,27-Aug-17
270,Aurangabad,Aurangabad,Ginger(Dry),Other,FAQ,1700,2800,2250,24-Aug-17
271,Aurangabad,Aurangabad,Ginger(Dry),Other,FAQ,1700,2500,2100,20-Aug-17
272,Aurangabad,Aurangabad,Ginger(Dry),Other,FAQ,1500,2200,1850,17-Aug-17
273,Aurangabad,Aurangabad,Ginger(Dry),Other,FAQ,1000,2200,1600,13-Aug-17
274,Aurangabad,Aurangabad,Ginger(Dry),Other,FAQ,1100,2200,1650,10-Aug-17
275,Aurangabad,Aurangabad,Ginger(Dry),Other,FAQ,1200,2400,1800,6-Aug-17
276,Aurangabad,Aurangabad,Ginger(Dry),Other,FAQ,1100,2400,1750,3-Aug-17
277,Aurangabad,Aurangabad,Ginger(Dry),Other,FAQ,1800,3000,2400,30-Jul-17
278,Aurangabad,Aurangabad,Ginger(Dry),Other,FAQ,1700,3000,2350,27-Jul-17
279,Aurangabad,Aurangabad,Ginger(Dry),Other,FAQ,1500,3000,2250,23-Jul-17
280,Aurangabad,Aurangabad,Ginger(Dry),Other,FAQ,1300,2500,1900,20-Jul-17
281,Aurangabad,Aurangabad,Ginger(Dry),Other,FAQ,1500,2600,2050,16-Jul-17
282,Aurangabad,Aurangabad,Ginger(Dry),Other,FAQ,1500,2400,1950,13-Jul-17
283,Aurangabad,Aurangabad,Ginger(Dry),Other,FAQ,1500,2900,2200,9-Jul-17
284,Aurangabad,Aurangabad,Ginger(Dry),Other,FAQ,1700,2800,2250,6-Jul-17
285,Aurangabad,Aurangabad,Ginger(Dry),Other,FAQ,1000,1800,1400,2-Jul-17
286,Aurangabad,Aurangabad,Ginger(Dry),Other,FAQ,1000,1600,1300,29-Jun-17
287,Aurangabad,Aurangabad,Ginger(Dry),Other,FAQ,1000,2500,1750,22-Jun-17
288,Aurangabad,Aurangabad,Ginger(Dry),Other,FAQ,1500,3200,2350,18-Jun-17
289,Aurangabad,Aurangabad,Ginger(Dry),Other,FAQ,1600,2500,2050,15-Jun-17
290,Aurangabad,Aurangabad,Ginger(Dry),Other,FAQ,900,2000,1450,11-Jun-17
291,Aurangabad,Aurangabad,Ginger(Dry),Other,FAQ,900,1800,1350,8-Jun-17
292,Aurangabad,Aurangabad,Ginger(Dry),Other,FAQ,1000,1700,1350,4-Jun-17
293,Aurangabad,Aurangabad,Ginger(Dry),Other,FAQ,500,1400,950,1-Jun-17
294,Aurangabad,Aurangabad,Ginger(Dry),Other,FAQ,500,1300,900,28-May-17
295,Aurangabad,Aurangabad,Ginger(Dry),Other,FAQ,300,1300,800,25-May-17
296,Aurangabad,Aurangabad,Ginger(Dry),Other,FAQ,600,1200,900,22-May-17
297,Aurangabad,Aurangabad,Ginger(Dry),Other,FAQ,300,1300,800,21-May-17
298,Aurangabad,Aurangabad,Ginger(Dry),Other,FAQ,400,1200,800,18-May-17
299,Aurangabad,Aurangabad,Ginger(Dry),Other,FAQ,600,1000,800,16-May-17
300,Aurangabad,Aurangabad,Ginger(Dry),Other,FAQ,400,1300,850,14-May-17
301,Aurangabad,Aurangabad,Ginger(Dry),Other,FAQ,800,1200,1000,13-May-17
302,Aurangabad,Aurangabad,Ginger(Dry),Other,FAQ,500,1400,950,11-May-17
303,Aurangabad,Aurangabad,Ginger(Dry),Other,FAQ,500,1300,900,7-May-17
304,Aurangabad,Aurangabad,Ginger(Dry),Other,FAQ,700,1300,1000,4-May-17
305,Aurangabad,Aurangabad,Ginger(Dry),Other,FAQ,400,1500,950,30-Apr-17
306,Aurangabad,Aurangabad,Ginger(Dry),Other,FAQ,300,1000,650,27-Apr-17
307,Aurangabad,Aurangabad,Ginger(Dry),Other,FAQ,800,1400,1100,23-Apr-17
308,Aurangabad,Aurangabad,Ginger(Dry),Other,FAQ,800,1400,1100,20-Apr-17
309,Aurangabad,Aurangabad,Ginger(Dry),Other,FAQ,400,1400,900,16-Apr-17
310,Aurangabad,Aurangabad,Ginger(Dry),Other,FAQ,400,1500,950,13-Apr-17
311,Aurangabad,Aurangabad,Ginger(Dry),Other,FAQ,300,1300,800,9-Apr-17
312,Aurangabad,Aurangabad,Ginger(Dry),Other,FAQ,400,1300,450,6-Apr-17
313,Aurangabad,Aurangabad,Ginger(Dry),Other,FAQ,300,1300,800,2-Apr-17
314,Aurangabad,Aurangabad,Ginger(Dry),Other,FAQ,800,1300,1050,30-Mar-17
315,Aurangabad,Aurangabad,Ginger(Dry),Other,FAQ,800,1400,1100,23-Mar-17
316,Aurangabad,Aurangabad,Ginger(Dry),Other,FAQ,1100,1500,1300,19-Mar-17
317,Aurangabad,Aurangabad,Ginger(Dry),Other,FAQ,1000,1500,1250,16-Mar-17
318,Aurangabad,Aurangabad,Ginger(Dry),Other,FAQ,800,1400,1100,12-Mar-17
319,Aurangabad,Aurangabad,Ginger(Dry),Other,FAQ,800,1400,1100,9-Mar-17
320,Aurangabad,Aurangabad,Ginger(Dry),Other,FAQ,1000,1500,1250,5-Mar-17
321,Aurangabad,Aurangabad,Ginger(Dry),Other,FAQ,800,1500,1150,2-Mar-17
322,Aurangabad,Aurangabad,Ginger(Dry),Other,FAQ,800,1400,1100,26-Feb-17
323,Aurangabad,Aurangabad,Ginger(Dry),Other,FAQ,800,1400,1100,23-Feb-17
324,Aurangabad,Aurangabad,Ginger(Dry),Other,FAQ,800,1400,1100,16-Feb-17
325,Aurangabad,Aurangabad,Ginger(Dry),Other,FAQ,1000,1500,1250,12-Feb-17
326,Aurangabad,Aurangabad,Ginger(Dry),Other,FAQ,1000,1500,1250,9-Feb-17
327,Aurangabad,Aurangabad,Ginger(Dry),Other,FAQ,1000,1600,1300,5-Feb-17
328,Aurangabad,Aurangabad,Ginger(Dry),Other,FAQ,1000,1500,1250,2-Feb-17
329,Aurangabad,Aurangabad,Ginger(Dry),Other,FAQ,600,1400,1000,29-Jan-17
330,Aurangabad,Aurangabad,Ginger(Dry),Other,FAQ,600,1400,1000,26-Jan-17
331,Aurangabad,Aurangabad,Ginger(Dry),Other,FAQ,1000,1600,1300,19-Jan-17
332,Aurangabad,Aurangabad,Ginger(Dry),Other,FAQ,1000,1500,1250,15-Jan-17
333,Aurangabad,Aurangabad,Ginger(Dry),Other,FAQ,800,1400,1100,12-Jan-17
334,Aurangabad,Aurangabad,Ginger(Dry),Other,FAQ,1000,1600,1300,10-Jan-17
335,Aurangabad,Aurangabad,Ginger(Dry),Other,FAQ,500,1300,900,8-Jan-17
336,Aurangabad,Aurangabad,Ginger(Dry),Other,FAQ,500,1400,950,5-Jan-17
337,Aurangabad,Aurangabad,Ginger(Dry),Other,FAQ,800,1600,1200,1-Jan-17
338,Aurangabad,Aurangabad,Ginger(Dry),Other,FAQ,500,1500,1000,29-Dec-16
339,Aurangabad,Aurangabad,Ginger(Dry),Other,FAQ,600,1400,1000,25-Dec-16
340,Aurangabad,Aurangabad,Ginger(Dry),Other,FAQ,800,1400,1100,24-Dec-16
341,Aurangabad,Aurangabad,Ginger(Dry),Other,FAQ,500,1400,950,22-Dec-16
342,Aurangabad,Aurangabad,Ginger(Dry),Other,FAQ,500,1600,1050,18-Dec-16
343,Aurangabad,Aurangabad,Ginger(Dry),Other,FAQ,500,1700,1100,15-Dec-16
344,Aurangabad,Aurangabad,Ginger(Dry),Other,FAQ,800,1300,1150,11-Dec-16
345,Aurangabad,Aurangabad,Ginger(Dry),Other,FAQ,800,1500,1150,8-Dec-16
346,Aurangabad,Aurangabad,Ginger(Dry),Other,FAQ,800,1600,1200,4-Dec-16
347,Aurangabad,Aurangabad,Ginger(Dry),Other,FAQ,800,1500,1150,1-Dec-16
348,Aurangabad,Aurangabad,Ginger(Dry),Other,FAQ,1000,1600,1300,27-Nov-16
349,Aurangabad,Aurangabad,Ginger(Dry),Other,FAQ,1000,1500,1250,24-Nov-16
350,Aurangabad,Aurangabad,Ginger(Dry),Other,FAQ,1000,1500,1250,20-Nov-16
351,Aurangabad,Aurangabad,Ginger(Dry),Other,FAQ,1000,1800,1400,17-Nov-16
352,Aurangabad,Aurangabad,Ginger(Dry),Other,FAQ,800,1400,1100,16-Nov-16
353,Aurangabad,Aurangabad,Ginger(Dry),Other,FAQ,1000,1300,1150,14-Nov-16
354,Aurangabad,Aurangabad,Ginger(Dry),Other,FAQ,1000,1600,1300,13-Nov-16
355,Aurangabad,Aurangabad,Ginger(Dry),Other,FAQ,1000,1600,1300,12-Nov-16
356,Aurangabad,Aurangabad,Ginger(Dry),Other,FAQ,1300,1700,1500,10-Nov-16
357,Aurangabad,Aurangabad,Ginger(Dry),Other,FAQ,1100,1800,1450,6-Nov-16
358,Aurangabad,Aurangabad,Ginger(Dry),Other,FAQ,1300,2400,1850,3-Nov-16
359,Aurangabad,Aurangabad,Ginger(Dry),Other,FAQ,1000,2200,1900,27-Oct-16
360,Aurangabad,Aurangabad,Ginger(Dry),Other,FAQ,1000,1500,1250,25-Oct-16
361,Aurangabad,Aurangabad,Ginger(Dry),Other,FAQ,1000,2000,1500,23-Oct-16
362,Aurangabad,Aurangabad,Ginger(Dry),Other,FAQ,1000,1400,1200,18-Oct-16
363,Aurangabad,Aurangabad,Ginger(Dry),Other,FAQ,1000,1600,1300,16-Oct-16
364,Aurangabad,Aurangabad,Ginger(Dry),Other,FAQ,1200,1500,1350,13-Oct-16
365,Aurangabad,Aurangabad,Ginger(Dry),Other,FAQ,1000,1800,1400,9-Oct-16
366,Aurangabad,Aurangabad,Ginger(Dry),Other,FAQ,1000,1800,1400,6-Oct-16
367,Aurangabad,Aurangabad,Ginger(Dry),Other,FAQ,800,1700,1250,2-Oct-16
368,Aurangabad,Aurangabad,Ginger(Dry),Other,FAQ,1000,1400,1200,1-Oct-16
369,Aurangabad,Aurangabad,Ginger(Dry),Other,FAQ,1000,1700,1350,29-Sep-16
370,Aurangabad,Aurangabad,Ginger(Dry),Other,FAQ,1200,1600,1400,28-Sep-16
371,Aurangabad,Aurangabad,Ginger(Dry),Other,FAQ,1600,1800,1700,27-Sep-16
372,Aurangabad,Aurangabad,Ginger(Dry),Other,FAQ,1000,1800,1400,25-Sep-16
373,Aurangabad,Aurangabad,Ginger(Dry),Other,FAQ,1800,2000,1900,24-Sep-16
374,Aurangabad,Aurangabad,Ginger(Dry),Other,FAQ,1000,2000,1500,22-Sep-16
375,Aurangabad,Aurangabad,Ginger(Dry),Other,FAQ,600,800,700,20-Sep-16
376,Aurangabad,Aurangabad,Ginger(Dry),Other,FAQ,1000,1800,1400,18-Sep-16
377,Aurangabad,Aurangabad,Ginger(Dry),Other,FAQ,800,1600,1200,15-Sep-16
378,Aurangabad,Aurangabad,Ginger(Dry),Other,FAQ,1000,1800,1400,11-Sep-16
379,Aurangabad,Aurangabad,Ginger(Dry),Other,FAQ,1200,1500,1350,10-Sep-16
380,Aurangabad,Aurangabad,Ginger(Dry),Other,FAQ,1500,2500,2000,8-Sep-16
381,Aurangabad,Aurangabad,Ginger(Dry),Other,FAQ,1000,1500,1250,6-Sep-16
382,Aurangabad,Aurangabad,Ginger(Dry),Other,FAQ,1200,1800,1500,4-Sep-16
383,Aurangabad,Aurangabad,Ginger(Dry),Other,FAQ,1000,1800,1400,1-Sep-16
384,Aurangabad,Aurangabad,Ginger(Dry),Other,FAQ,1000,1500,1250,28-Aug-16
385,Aurangabad,Aurangabad,Ginger(Dry),Other,FAQ,1000,1900,1450,25-Aug-16
386,Aurangabad,Aurangabad,Ginger(Dry),Other,FAQ,1200,2200,1700,21-Aug-16
387,Aurangabad,Aurangabad,Ginger(Dry),Other,FAQ,600,1600,1100,18-Aug-16
388,Aurangabad,Aurangabad,Ginger(Dry),Other,FAQ,1300,1800,1550,15-Aug-16
389,Aurangabad,Aurangabad,Ginger(Dry),Other,FAQ,1000,1500,1250,14-Aug-16
390,Aurangabad,Aurangabad,Ginger(Dry),Other,FAQ,1500,2300,1900,11-Aug-16
391,Aurangabad,Aurangabad,Ginger(Dry),Other,FAQ,1500,3000,2250,7-Aug-16
392,Aurangabad,Aurangabad,Ginger(Dry),Other,FAQ,1200,2300,1750,4-Aug-16
393,Aurangabad,Aurangabad,Ginger(Dry),Other,FAQ,1000,2400,1700,31-Jul-16
394,Aurangabad,Aurangabad,Ginger(Dry),Other,FAQ,1500,2200,1850,28-Jul-16
395,Aurangabad,Aurangabad,Ginger(Dry),Other,FAQ,1000,2800,1900,24-Jul-16
396,Aurangabad,Aurangabad,Ginger(Dry),Other,FAQ,2200,3000,2600,21-Jul-16
397,Aurangabad,Aurangabad,Ginger(Dry),Other,FAQ,2500,2800,2650,20-Jul-16
398,Aurangabad,Aurangabad,Ginger(Dry),Other,FAQ,1500,3500,2500,17-Jul-16
399,Aurangabad,Aurangabad,Ginger(Dry),Other,FAQ,2500,4500,3500,14-Jul-16
400,Aurangabad,Aurangabad,Ginger(Dry),Other,FAQ,1300,4000,2050,10-Jul-16
401,Aurangabad,Aurangabad,Ginger(Dry),Other,FAQ,800,4000,2400,7-Jul-16
402,Aurangabad,Aurangabad,Ginger(Dry),Other,FAQ,1500,3400,2450,3-Jul-16
403,Aurangabad,Aurangabad,Ginger(Dry),Other,FAQ,800,3200,2000,30-Jun-16
404,Aurangabad,Aurangabad,Ginger(Dry),Other,FAQ,2500,3400,2950,26-Jun-16
405,Aurangabad,Aurangabad,Ginger(Dry),Other,FAQ,1000,3200,2100,23-Jun-16
406,Aurangabad,Aurangabad,Ginger(Dry),Other,FAQ,700,3200,1950,19-Jun-16
407,Aurangabad,Aurangabad,Ginger(Dry),Other,FAQ,1200,3000,2100,16-Jun-16
408,Aurangabad,Aurangabad,Ginger(Dry),Other,FAQ,1000,3500,2250,12-Jun-16
409,Aurangabad,Aurangabad,Ginger(Dry),Other,FAQ,1200,3500,1350,9-Jun-16
410,Aurangabad,Aurangabad,Ginger(Dry),Other,FAQ,1200,3200,2200,5-Jun-16
411,Aurangabad,Aurangabad,Ginger(Dry),Other,FAQ,600,3200,1900,2-Jun-16
412,Aurangabad,Aurangabad,Ginger(Dry),Other,FAQ,2200,5200,3700,31-May-16
413,Aurangabad,Aurangabad,Ginger(Dry),Other,FAQ,600,2650,1625,29-May-16
414,Aurangabad,Aurangabad,Ginger(Dry),Other,FAQ,500,2500,1500,26-May-16
415,Aurangabad,Aurangabad,Ginger(Dry),Other,FAQ,600,2100,1350,22-May-16
416,Aurangabad,Aurangabad,Ginger(Dry),Other,FAQ,1200,1800,1500,21-May-16
417,Aurangabad,Aurangabad,Ginger(Dry),Other,FAQ,800,2100,1450,19-May-16
418,Aurangabad,Aurangabad,Ginger(Dry),Other,FAQ,600,2000,1300,15-May-16
419,Aurangabad,Aurangabad,Ginger(Dry),Other,FAQ,400,1400,900,14-May-16
420,Aurangabad,Aurangabad,Ginger(Dry),Other,FAQ,600,1800,1200,12-May-16
421,Aurangabad,Aurangabad,Ginger(Dry),Other,FAQ,500,2200,1350,8-May-16
422,Aurangabad,Aurangabad,Ginger(Dry),Other,FAQ,600,1800,1200,5-May-16
423,Aurangabad,Aurangabad,Ginger(Dry),Other,FAQ,1200,2200,1700,28-Apr-16
424,Aurangabad,Aurangabad,Ginger(Dry),Other,FAQ,400,2200,1300,24-Apr-16
425,Aurangabad,Aurangabad,Ginger(Dry),Other,FAQ,700,2300,1500,21-Apr-16
426,Aurangabad,Aurangabad,Ginger(Dry),Other,FAQ,400,2000,1200,17-Apr-16
427,Aurangabad,Aurangabad,Ginger(Dry),Other,FAQ,400,1600,1000,14-Apr-16
428,Aurangabad,Aurangabad,Ginger(Dry),Other,FAQ,400,1800,1100,10-Apr-16
429,Aurangabad,Aurangabad,Ginger(Dry),Other,FAQ,400,1700,1050,7-Apr-16
430,Aurangabad,Aurangabad,Ginger(Dry),Other,FAQ,400,2000,1200,3-Apr-16
431,Aurangabad,Aurangabad,Ginger(Dry),Other,FAQ,400,2000,1200,31-Mar-16
432,Aurangabad,Aurangabad,Ginger(Dry),Other,FAQ,800,2000,1400,27-Mar-16
433,Aurangabad,Aurangabad,Ginger(Dry),Other,FAQ,800,2200,1500,20-Mar-16
434,Aurangabad,Aurangabad,Ginger(Dry),Other,FAQ,800,2200,1500,17-Mar-16
435,Aurangabad,Aurangabad,Ginger(Dry),Other,FAQ,800,2200,1500,13-Mar-16
436,Aurangabad,Aurangabad,Ginger(Dry),Other,FAQ,800,2300,1550,10-Mar-16
437,Aurangabad,Aurangabad,Ginger(Dry),Other,FAQ,900,2400,1650,6-Mar-16
438,Aurangabad,Aurangabad,Ginger(Dry),Other,FAQ,800,2000,1400,3-Mar-16
439,Aurangabad,Aurangabad,Ginger(Dry),Other,FAQ,1000,2300,1650,25-Feb-16
440,Aurangabad,Aurangabad,Ginger(Dry),Other,FAQ,700,2400,1750,21-Feb-16
441,Aurangabad,Aurangabad,Ginger(Dry),Other,FAQ,800,2500,1650,18-Feb-16
442,Aurangabad,Aurangabad,Ginger(Dry),Other,FAQ,700,2400,1550,14-Feb-16
443,Aurangabad,Aurangabad,Ginger(Dry),Other,FAQ,900,2500,1700,11-Feb-16
444,Aurangabad,Aurangabad,Ginger(Dry),Other,FAQ,1000,2600,1800,7-Feb-16
445,Aurangabad,Aurangabad,Ginger(Dry),Other,FAQ,1000,2500,1750,4-Feb-16
446,Aurangabad,Aurangabad,Ginger(Dry),Other,FAQ,1000,2800,1900,24-Jan-16
447,Aurangabad,Aurangabad,Ginger(Dry),Other,FAQ,1200,2800,2000,21-Jan-16
448,Aurangabad,Aurangabad,Ginger(Dry),Other,FAQ,1000,3000,2000,17-Jan-16
449,Aurangabad,Aurangabad,Ginger(Dry),Other,FAQ,500,2800,1650,14-Jan-16
450,Aurangabad,Aurangabad,Ginger(Dry),Other,FAQ,1000,2800,1900,10-Jan-16
451,Aurangabad,Aurangabad,Ginger(Dry),Other,FAQ,800,2800,1800,7-Jan-16
452,Aurangabad,Aurangabad,Ginger(Dry),Other,FAQ,800,2800,1800,3-Jan-16
453,Aurangabad,Aurangabad,Ginger(Dry),Other,FAQ,1600,3000,2300,31-Dec-15
454,Aurangabad,Aurangabad,Ginger(Dry),Other,FAQ,1000,3200,2100,27-Dec-15
455,Aurangabad,Aurangabad,Ginger(Dry),Other,FAQ,500,3100,1800,24-Dec-15
456,Aurangabad,Aurangabad,Ginger(Dry),Other,FAQ,1000,3100,2050,20-Dec-15
457,Aurangabad,Aurangabad,Ginger(Dry),Other,FAQ,1100,3100,2100,17-Dec-15
458,Aurangabad,Aurangabad,Ginger(Dry),Other,FAQ,1200,3100,2150,13-Dec-15
459,Aurangabad,Aurangabad,Ginger(Dry),Other,FAQ,1000,3000,2000,10-Dec-15
460,Aurangabad,Aurangabad,Ginger(Dry),Other,FAQ,900,3000,1950,6-Dec-15
461,Aurangabad,Aurangabad,Ginger(Dry),Other,FAQ,800,3000,1900,3-Dec-15
462,Aurangabad,Aurangabad,Ginger(Dry),Other,FAQ,1000,2600,1800,29-Nov-15
463,Aurangabad,Aurangabad,Ginger(Dry),Other,FAQ,500,2800,1650,26-Nov-15
464,Aurangabad,Aurangabad,Ginger(Dry),Other,FAQ,1600,2300,1950,22-Nov-15
465,Aurangabad,Aurangabad,Ginger(Dry),Other,FAQ,800,3200,2000,19-Nov-15
466,Aurangabad,Aurangabad,Ginger(Dry),Other,FAQ,600,3200,1900,15-Nov-15
467,Aurangabad,Aurangabad,Ginger(Dry),Other,FAQ,700,2600,1650,8-Nov-15
468,Aurangabad,Aurangabad,Ginger(Dry),Other,FAQ,800,3200,2000,5-Nov-15
469,Aurangabad,Aurangabad,Ginger(Dry),Other,FAQ,600,3600,2100,1-Nov-15
470,Aurangabad,Aurangabad,Ginger(Dry),Other,FAQ,2500,3500,3000,29-Oct-15
471,Aurangabad,Aurangabad,Ginger(Dry),Other,FAQ,2000,3200,2600,25-Oct-15
472,Aurangabad,Aurangabad,Ginger(Dry),Other,FAQ,800,2200,1500,18-Oct-15
473,Aurangabad,Aurangabad,Ginger(Dry),Other,FAQ,1700,3100,2400,15-Oct-15
474,Aurangabad,Aurangabad,Ginger(Dry),Other,FAQ,1500,2000,1750,11-Oct-15
475,Aurangabad,Aurangabad,Ginger(Dry),Other,FAQ,1700,3600,2650,8-Oct-15
476,Aurangabad,Aurangabad,Ginger(Dry),Other,FAQ,1300,2700,2000,1-Oct-15
477,Aurangabad,Aurangabad,Ginger(Dry),Other,FAQ,1500,3200,2350,27-Sep-15
478,Aurangabad,Aurangabad,Ginger(Dry),Other,FAQ,1600,3200,2400,24-Sep-15
479,Aurangabad,Aurangabad,Ginger(Dry),Other,FAQ,2500,4000,3250,20-Sep-15
480,Aurangabad,Aurangabad,Ginger(Dry),Other,FAQ,2500,3600,3050,17-Sep-15
481,Aurangabad,Aurangabad,Ginger(Dry),Other,FAQ,1600,3200,2400,6-Sep-15
482,Aurangabad,Aurangabad,Ginger(Dry),Other,FAQ,1600,3000,2300,3-Sep-15
483,Aurangabad,Aurangabad,Ginger(Dry),Other,FAQ,1600,3400,2500,27-Aug-15
484,Aurangabad,Aurangabad,Ginger(Dry),Other,FAQ,2500,3400,2950,23-Aug-15
485,Aurangabad,Aurangabad,Ginger(Dry),Other,FAQ,2000,3500,2750,20-Aug-15
486,Aurangabad,Aurangabad,Ginger(Dry),Other,FAQ,1000,2500,1750,16-Aug-15
487,Aurangabad,Aurangabad,Ginger(Dry),Other,FAQ,2000,3500,2750,13-Aug-15
488,Aurangabad,Aurangabad,Ginger(Dry),Other,FAQ,2500,3800,3150,9-Aug-15
489,Aurangabad,Aurangabad,Ginger(Dry),Other,FAQ,1050,4000,2525,6-Aug-15
490,Aurangabad,Aurangabad,Ginger(Dry),Other,FAQ,1500,3500,2500,2-Aug-15
491,Aurangabad,Aurangabad,Ginger(Dry),Other,FAQ,2000,3500,2750,30-Jul-15
492,Aurangabad,Aurangabad,Ginger(Dry),Other,FAQ,2500,3800,3150,23-Jul-15
493,Aurangabad,Aurangabad,Ginger(Dry),Other,FAQ,3000,3800,3400,19-Jul-15
494,Aurangabad,Aurangabad,Ginger(Dry),Other,FAQ,2500,3500,3000,16-Jul-15
495,Aurangabad,Aurangabad,Ginger(Dry),Other,FAQ,1000,3500,2250,12-Jul-15
496,Aurangabad,Aurangabad,Ginger(Dry),Other,FAQ,3000,5100,4050,9-Jul-15
497,Aurangabad,Aurangabad,Ginger(Dry),Other,FAQ,1000,3800,2400,5-Jul-15
498,Aurangabad,Aurangabad,Ginger(Dry),Other,FAQ,1200,3500,2350,2-Jul-15
499,Aurangabad,Aurangabad,Ginger(Dry),Other,FAQ,1500,3800,2650,28-Jun-15
500,Aurangabad,Aurangabad,Ginger(Dry),Other,FAQ,3000,3600,3300,25-Jun-15
501,Aurangabad,Aurangabad,Ginger(Dry),Other,FAQ,2500,4700,3600,21-Jun-15
502,Aurangabad,Aurangabad,Ginger(Dry),Other,FAQ,1000,5000,3000,18-Jun-15
503,Aurangabad,Aurangabad,Ginger(Dry),Other,FAQ,3000,5000,4000,15-Jun-15
504,Aurangabad,Aurangabad,Ginger(Dry),Other,FAQ,2500,6000,4250,14-Jun-15
505,Aurangabad,Aurangabad,Ginger(Dry),Other,FAQ,1000,6000,3500,11-Jun-15
506,Aurangabad,Aurangabad,Ginger(Dry),Other,FAQ,2500,5000,3750,7-Jun-15
507,Aurangabad,Aurangabad,Ginger(Dry),Other,FAQ,1500,4500,3000,4-Jun-15
508,Aurangabad,Aurangabad,Ginger(Dry),Other,FAQ,1500,3200,2350,31-May-15
509,Aurangabad,Aurangabad,Ginger(Dry),Other,FAQ,1200,2800,2000,28-May-15
510,Aurangabad,Aurangabad,Ginger(Dry),Other,FAQ,700,3000,1850,24-May-15
511,Aurangabad,Aurangabad,Ginger(Dry),Other,FAQ,800,2700,1750,21-May-15
512,Aurangabad,Aurangabad,Ginger(Dry),Other,FAQ,800,2600,1700,17-May-15
513,Aurangabad,Aurangabad,Ginger(Dry),Other,FAQ,1000,3000,2000,14-May-15
514,Aurangabad,Aurangabad,Ginger(Dry),Other,FAQ,500,3000,1750,7-May-15
515,Aurangabad,Aurangabad,Ginger(Dry),Other,FAQ,800,2750,1772,30-Apr-15
516,Aurangabad,Aurangabad,Ginger(Dry),Other,FAQ,800,3000,1900,23-Apr-15
517,Aurangabad,Aurangabad,Ginger(Dry),Other,FAQ,900,3300,2100,19-Apr-15
518,Aurangabad,Aurangabad,Ginger(Dry),Other,FAQ,600,3000,1800,16-Apr-15
519,Aurangabad,Aurangabad,Ginger(Dry),Other,FAQ,800,3000,1900,12-Apr-15
520,Aurangabad,Aurangabad,Ginger(Dry),Other,FAQ,900,3000,1950,9-Apr-15
521,Aurangabad,Aurangabad,Ginger(Dry),Other,FAQ,900,2800,1850,5-Apr-15
522,Aurangabad,Aurangabad,Ginger(Dry),Other,FAQ,2000,3600,2800,19-Mar-15
523,Aurangabad,Aurangabad,Ginger(Dry),Other,FAQ,2600,3800,3200,15-Mar-15
524,Aurangabad,Aurangabad,Ginger(Dry),Other,FAQ,2500,4200,3350,12-Mar-15
525,Aurangabad,Aurangabad,Ginger(Dry),Other,FAQ,2000,4000,3000,8-Mar-15
526,Aurangabad,Aurangabad,Ginger(Dry),Other,FAQ,2000,3600,2800,5-Mar-15
527,Aurangabad,Aurangabad,Ginger(Dry),Other,FAQ,1600,3200,2400,1-Mar-15
528,Aurangabad,Aurangabad,Ginger(Dry),Other,FAQ,1200,3200,2150,26-Feb-15
529,Aurangabad,Aurangabad,Ginger(Dry),Other,FAQ,1200,2600,1900,12-Feb-15
530,Aurangabad,Aurangabad,Ginger(Dry),Other,FAQ,1200,2700,1950,1-Feb-15
531,Aurangabad,Aurangabad,Ginger(Dry),Other,FAQ,1500,2700,2100,22-Jan-15
532,Aurangabad,Aurangabad,Ginger(Dry),Other,FAQ,1500,2800,2150,11-Jan-15
533,Aurangabad,Aurangabad,Ginger(Dry),Other,FAQ,1500,2800,2150,11-Jan-15
534,Aurangabad,Aurangabad,Ginger(Dry),Other,FAQ,2000,3000,2500,8-Jan-15
535,Aurangabad,Aurangabad,Ginger(Dry),Other,FAQ,1500,3000,2250,28-Dec-14
536,Aurangabad,Aurangabad,Ginger(Dry),Other,FAQ,1500,3200,2350,21-Dec-14
537,Aurangabad,Aurangabad,Ginger(Dry),Other,FAQ,1500,3600,2550,18-Dec-14
538,Aurangabad,Aurangabad,Ginger(Dry),Other,FAQ,1500,2000,1750,14-Dec-14
539,Aurangabad,Aurangabad,Ginger(Dry),Other,FAQ,2000,3300,2650,7-Dec-14
540,Aurangabad,Aurangabad,Ginger(Dry),Other,FAQ,2000,3200,2600,4-Dec-14
541,Aurangabad,Aurangabad,Ginger(Dry),Other,FAQ,1500,3200,2350,30-Nov-14
542,Aurangabad,Aurangabad,Ginger(Dry),Other,FAQ,1500,3500,2500,27-Nov-14
543,Aurangabad,Aurangabad,Ginger(Dry),Other,FAQ,2500,4500,3500,20-Nov-14
544,Aurangabad,Aurangabad,Ginger(Dry),Other,FAQ,1500,3000,2250,16-Nov-14
545,Aurangabad,Aurangabad,Ginger(Dry),Other,FAQ,1500,3500,2500,13-Nov-14
546,Aurangabad,Aurangabad,Ginger(Dry),Other,FAQ,1500,4300,2900,6-Nov-14
547,Aurangabad,Aurangabad,Ginger(Dry),Other,FAQ,1500,4500,3000,2-Nov-14
548,Aurangabad,Aurangabad,Ginger(Dry),Other,FAQ,3000,4500,3750,1-Nov-14
549,Aurangabad,Aurangabad,Ginger(Dry),Other,FAQ,1500,5000,3250,30-Oct-14
550,Aurangabad,Aurangabad,Ginger(Dry),Other,FAQ,3500,6500,5000,26-Oct-14
551,Aurangabad,Aurangabad,Ginger(Dry),Other,FAQ,1500,4500,3000,23-Oct-14
552,Aurangabad,Aurangabad,Ginger(Dry),Other,FAQ,2500,4000,3250,19-Oct-14
553,Aurangabad,Aurangabad,Ginger(Dry),Other,FAQ,1500,4500,3000,16-Oct-14
554,Aurangabad,Aurangabad,Ginger(Dry),Other,FAQ,1500,4300,2900,12-Oct-14
555,Aurangabad,Aurangabad,Ginger(Dry),Other,FAQ,1500,4200,2850,9-Oct-14
556,Aurangabad,Aurangabad,Ginger(Dry),Other,FAQ,2500,3800,3150,5-Oct-14
557,Aurangabad,Aurangabad,Ginger(Dry),Other,FAQ,1500,4000,2750,2-Oct-14
558,Aurangabad,Aurangabad,Ginger(Dry),Other,FAQ,2000,3200,2250,21-Sep-14
559,Aurangabad,Aurangabad,Ginger(Dry),Other,FAQ,3000,4500,3750,14-Sep-14
560,Aurangabad,Aurangabad,Ginger(Dry),Other,FAQ,4000,5200,4600,13-Sep-14
561,Aurangabad,Aurangabad,Ginger(Dry),Other,FAQ,2000,4000,3000,11-Sep-14
562,Aurangabad,Aurangabad,Ginger(Dry),Other,FAQ,3000,5000,4000,7-Sep-14
563,Aurangabad,Aurangabad,Ginger(Dry),Other,FAQ,3000,5000,4000,4-Sep-14
564,Aurangabad,Aurangabad,Ginger(Dry),Other,FAQ,3000,5200,4100,31-Aug-14
565,Aurangabad,Aurangabad,Ginger(Dry),Other,FAQ,2000,6500,4250,28-Aug-14
566,Aurangabad,Aurangabad,Ginger(Dry),Other,FAQ,6000,7000,6500,26-Aug-14
567,Aurangabad,Aurangabad,Ginger(Dry),Other,FAQ,4000,5500,4750,24-Aug-14
568,Aurangabad,Aurangabad,Ginger(Dry),Other,FAQ,3000,5700,4350,19-Aug-14
569,Aurangabad,Aurangabad,Ginger(Dry),Other,FAQ,3000,5700,4350,17-Aug-14
570,Aurangabad,Aurangabad,Ginger(Dry),Other,FAQ,4000,6500,5250,16-Aug-14
571,Aurangabad,Aurangabad,Ginger(Dry),Other,FAQ,2000,6500,4250,14-Aug-14
572,Aurangabad,Aurangabad,Ginger(Dry),Other,FAQ,2000,5500,3750,10-Aug-14
573,Aurangabad,Aurangabad,Ginger(Dry),Other,FAQ,5500,6000,5750,9-Aug-14
574,Aurangabad,Aurangabad,Ginger(Dry),Other,FAQ,2500,5500,4000,7-Aug-14
575,Aurangabad,Aurangabad,Ginger(Dry),Other,FAQ,2000,7400,4700,3-Aug-14
576,Aurangabad,Aurangabad,Ginger(Dry),Other,FAQ,4000,6500,5250,31-Jul-14
577,Aurangabad,Aurangabad,Ginger(Dry),Other,FAQ,7500,9000,8250,27-Jul-14
578,Aurangabad,Aurangabad,Ginger(Dry),Other,FAQ,2500,7400,4950,24-Jul-14
579,Aurangabad,Aurangabad,Ginger(Dry),Other,FAQ,4000,7000,5500,21-Jul-14
580,Aurangabad,Aurangabad,Ginger(Dry),Other,FAQ,1600,6800,4200,20-Jul-14
581,Aurangabad,Aurangabad,Ginger(Dry),Other,FAQ,3000,6000,4500,19-Jul-14
582,Aurangabad,Aurangabad,Ginger(Dry),Other,FAQ,2500,6500,4500,17-Jul-14
583,Aurangabad,Aurangabad,Ginger(Dry),Other,FAQ,4200,7200,5700,13-Jul-14
584,Aurangabad,Aurangabad,Ginger(Dry),Other,FAQ,3000,7000,5000,10-Jul-14
585,Aurangabad,Aurangabad,Ginger(Dry),Other,FAQ,4000,6500,5250,3-Jul-14
586,Aurangabad,Aurangabad,Ginger(Dry),Other,FAQ,2500,7300,4900,29-Jun-14
587,Aurangabad,Aurangabad,Ginger(Dry),Other,FAQ,2500,7300,4900,26-Jun-14
588,Aurangabad,Aurangabad,Ginger(Dry),Other,FAQ,3000,6400,4750,22-Jun-14
589,Aurangabad,Aurangabad,Ginger(Dry),Other,FAQ,2500,6000,4250,19-Jun-14
590,Aurangabad,Aurangabad,Ginger(Dry),Other,FAQ,3500,6500,5000,17-Jun-14
591,Aurangabad,Aurangabad,Ginger(Dry),Other,FAQ,3000,6500,4750,16-Jun-14
592,Aurangabad,Aurangabad,Ginger(Dry),Other,FAQ,3000,7200,5100,12-Jun-14
593,Aurangabad,Aurangabad,Ginger(Dry),Other,FAQ,4000,7200,5600,13-Mar-14
594,Aurangabad,Aurangabad,Ginger(Dry),Other,FAQ,3000,7000,7000,9-Mar-14
595,Aurangabad,Aurangabad,Ginger(Dry),Other,FAQ,4500,6500,5500,6-Mar-14
596,Aurangabad,Aurangabad,Ginger(Dry),Other,FAQ,4200,6000,5100,23-Jan-14
597,Aurangabad,Aurangabad,Ginger(Dry),Other,FAQ,4000,6000,5000,16-Jan-14
598,Aurangabad,Aurangabad,Ginger(Dry),Other,FAQ,3000,5000,4350,9-Jan-14
599,Aurangabad,Aurangabad,Ginger(Dry),Other,FAQ,2500,6000,4250,2-Jan-14
600,Aurangabad,Aurangabad,Ginger(Dry),Other,FAQ,3200,6000,4600,26-Dec-13
601,Aurangabad,Aurangabad,Ginger(Dry),Other,FAQ,3500,4000,3750,25-Dec-13
602,Aurangabad,Aurangabad,Ginger(Dry),Other,FAQ,3000,5800,4400,19-Dec-13
603,Aurangabad,Aurangabad,Ginger(Dry),Other,FAQ,3000,5500,4250,12-Dec-13
604,Aurangabad,Aurangabad,Ginger(Dry),Other,FAQ,3000,5000,4000,5-Dec-13
605,Aurangabad,Aurangabad,Ginger(Dry),Other,FAQ,3000,6000,4500,28-Nov-13
606,Aurangabad,Aurangabad,Ginger(Dry),Other,FAQ,1700,6000,3850,14-Nov-13
607,Aurangabad,Aurangabad,Ginger(Dry),Other,FAQ,1000,6000,3500,31-Oct-13
608,Aurangabad,Aurangabad,Ginger(Dry),Other,FAQ,1400,3500,2450,29-Oct-13
609,Aurangabad,Aurangabad,Ginger(Dry),Other,FAQ,2500,6000,4250,13-Oct-13
610,Aurangabad,Aurangabad,Ginger(Dry),Other,FAQ,2000,5000,3500,2-Oct-13
611,Aurangabad,Aurangabad,Ginger(Dry),Other,FAQ,5000,11000,8000,12-Sep-13
612,Aurangabad,Aurangabad,Ginger(Dry),Other,FAQ,4000,7000,5500,5-Sep-13
613,Aurangabad,Aurangabad,Ginger(Dry),Other,FAQ,5000,9000,7000,22-Aug-13
614,Aurangabad,Aurangabad,Ginger(Dry),Other,FAQ,4000,9000,6500,1-Aug-13
615,Aurangabad,Aurangabad,Ginger(Dry),Other,FAQ,2000,12000,7000,28-Jul-13
616,Aurangabad,Aurangabad,Ginger(Dry),Other,FAQ,9000,10000,9500,27-Jul-13
617,Aurangabad,Aurangabad,Ginger(Dry),Other,FAQ,5000,11300,8150,25-Jul-13
618,Aurangabad,Aurangabad,Ginger(Dry),Other,FAQ,5000,11000,8000,21-Jul-13
619,Aurangabad,Aurangabad,Ginger(Dry),Other,FAQ,8000,12000,10000,20-Jul-13
620,Aurangabad,Aurangabad,Ginger(Dry),Other,FAQ,4000,12000,8000,18-Jul-13
621,Aurangabad,Aurangabad,Ginger(Dry),Other,FAQ,6000,11300,8500,14-Jul-13
622,Aurangabad,Aurangabad,Ginger(Dry),Other,FAQ,2000,12000,7000,11-Jul-13
623,Aurangabad,Aurangabad,Ginger(Dry),Other,FAQ,4000,11500,7750,7-Jul-13
624,Aurangabad,Aurangabad,Ginger(Dry),Other,FAQ,6000,9000,7500,4-Jul-13
625,Aurangabad,Aurangabad,Ginger(Dry),Other,FAQ,8000,12000,10000,1-Jul-13
626,Aurangabad,Aurangabad,Ginger(Dry),Other,FAQ,6000,13000,9500,30-Jun-13
627,Aurangabad,Aurangabad,Ginger(Dry),Other,FAQ,6000,11000,8500,29-Jun-13
628,Aurangabad,Aurangabad,Ginger(Dry),Other,FAQ,6000,10200,8100,27-Jun-13
629,Aurangabad,Aurangabad,Ginger(Dry),Other,FAQ,6000,11500,8500,23-Jun-13
630,Aurangabad,Aurangabad,Ginger(Dry),Other,FAQ,2000,12000,7000,20-Jun-13
631,Aurangabad,Aurangabad,Ginger(Dry),Other,FAQ,3000,12000,7500,16-Jun-13
632,Aurangabad,Aurangabad,Ginger(Dry),Other,FAQ,2000,12500,7250,13-Jun-13
633,Aurangabad,Aurangabad,Ginger(Dry),Other,FAQ,6000,14000,10000,9-Jun-13
634,Aurangabad,Aurangabad,Ginger(Dry),Other,FAQ,5000,13500,9250,6-Jun-13
635,Aurangabad,Aurangabad,Ginger(Dry),Other,FAQ,3000,14500,8750,2-Jun-13
636,Aurangabad,Aurangabad,Ginger(Dry),Other,FAQ,2000,13000,7500,30-May-13
637,Aurangabad,Aurangabad,Ginger(Dry),Other,FAQ,8000,12000,10000,28-May-13
638,Aurangabad,Aurangabad,Ginger(Dry),Other,FAQ,2000,12000,7000,26-May-13
639,Aurangabad,Aurangabad,Ginger(Dry),Other,FAQ,4000,11500,7700,23-May-13
640,Aurangabad,Aurangabad,Ginger(Dry),Other,FAQ,8000,10000,9000,22-May-13
641,Aurangabad,Aurangabad,Ginger(Dry),Other,FAQ,5000,10000,7500,21-May-13
642,Aurangabad,Aurangabad,Ginger(Dry),Other,FAQ,5000,11000,8000,19-May-13
643,Aurangabad,Aurangabad,Ginger(Dry),Other,FAQ,7000,10000,8500,18-May-13
644,Aurangabad,Aurangabad,Ginger(Dry),Other,FAQ,6000,12000,9000,16-May-13
645,Aurangabad,Aurangabad,Ginger(Dry),Other,FAQ,7000,13000,10000,15-May-13
646,Aurangabad,Aurangabad,Ginger(Dry),Other,FAQ,6000,12000,9000,14-May-13
647,Aurangabad,Aurangabad,Ginger(Dry),Other,FAQ,5000,13000,9000,13-May-13
648,Aurangabad,Aurangabad,Ginger(Dry),Other,FAQ,8000,10000,9000,8-May-13
649,Aurangabad,Aurangabad,Ginger(Dry),Other,FAQ,7000,9000,8000,7-May-13
650,Aurangabad,Aurangabad,Ginger(Dry),Other,FAQ,6500,9500,8000,6-May-13
651,Aurangabad,Aurangabad,Ginger(Dry),Other,FAQ,3000,10000,6500,5-May-13
652,Aurangabad,Aurangabad,Ginger(Dry),Other,FAQ,3000,8000,5500,4-May-13
653,Aurangabad,Aurangabad,Ginger(Dry),Other,FAQ,2000,9000,5500,2-May-13
654,Aurangabad,Aurangabad,Ginger(Dry),Other,FAQ,4000,7000,5500,1-May-13
655,Aurangabad,Aurangabad,Ginger(Dry),Other,FAQ,4000,7000,5500,29-Apr-13
656,Aurangabad,Aurangabad,Ginger(Dry),Other,FAQ,2400,8000,5200,28-Apr-13
657,Aurangabad,Aurangabad,Ginger(Dry),Other,FAQ,3500,5500,4500,27-Apr-13
658,Aurangabad,Aurangabad,Ginger(Dry),Other,FAQ,2500,7000,4750,25-Apr-13
659,Aurangabad,Aurangabad,Ginger(Dry),Other,FAQ,4000,6000,5000,24-Apr-13
660,Aurangabad,Aurangabad,Ginger(Dry),Other,FAQ,3500,4500,4000,23-Apr-13
661,Aurangabad,Aurangabad,Ginger(Dry),Other,FAQ,1000,6000,3500,21-Apr-13
662,Aurangabad,Aurangabad,Ginger(Dry),Other,FAQ,3500,4500,4000,20-Apr-13
663,Aurangabad,Aurangabad,Ginger(Dry),Other,FAQ,2000,6200,4100,18-Apr-13
664,Aurangabad,Aurangabad,Ginger(Dry),Other,FAQ,3000,4000,3500,17-Apr-13
665,Aurangabad,Aurangabad,Ginger(Dry),Other,FAQ,4000,4500,4250,16-Apr-13
666,Aurangabad,Aurangabad,Ginger(Dry),Other,FAQ,1000,6100,3550,14-Apr-13
667,Aurangabad,Aurangabad,Ginger(Dry),Other,FAQ,3000,4000,3500,13-Apr-13
668,Aurangabad,Aurangabad,Ginger(Dry),Other,FAQ,3000,5500,4250,11-Apr-13
669,Aurangabad,Aurangabad,Ginger(Dry),Other,FAQ,3000,5000,4000,9-Apr-13
670,Aurangabad,Aurangabad,Ginger(Dry),Other,FAQ,3000,4000,3500,8-Apr-13
671,Aurangabad,Aurangabad,Ginger(Dry),Other,FAQ,2500,6000,4250,7-Apr-13
672,Aurangabad,Aurangabad,Ginger(Dry),Other,FAQ,1000,6400,3700,4-Apr-13
673,Aurangabad,Aurangabad,Ginger(Dry),Other,FAQ,3000,4000,3500,3-Apr-13
674,Aurangabad,Aurangabad,Ginger(Dry),Other,FAQ,3600,4000,3800,2-Apr-13
675,Aurangabad,Aurangabad,Ginger(Dry),Other,FAQ,3500,4000,3750,1-Apr-13
676,Aurangabad,Aurangabad,Ginger(Dry),Other,FAQ,2000,5400,3700,31-Mar-13
677,Aurangabad,Aurangabad,Ginger(Dry),Other,FAQ,2500,3500,3000,30-Mar-13
678,Aurangabad,Aurangabad,Ginger(Dry),Other,FAQ,2000,5700,3850,28-Mar-13
679,Aurangabad,Aurangabad,Ginger(Dry),Other,FAQ,2500,3500,3000,26-Mar-13
680,Aurangabad,Aurangabad,Ginger(Dry),Other,FAQ,3000,4000,3500,25-Mar-13
681,Aurangabad,Aurangabad,Ginger(Dry),Other,FAQ,1500,5000,3250,24-Mar-13
682,Aurangabad,Aurangabad,Ginger(Dry),Other,FAQ,2400,3800,3100,23-Mar-13
683,Aurangabad,Aurangabad,Ginger(Dry),Other,FAQ,2500,5500,4000,21-Mar-13
684,Aurangabad,Aurangabad,Ginger(Dry),Other,FAQ,2500,3500,3000,20-Mar-13
685,Aurangabad,Aurangabad,Ginger(Dry),Other,FAQ,3000,4000,3500,19-Mar-13
686,Aurangabad,Aurangabad,Ginger(Dry),Other,FAQ,2500,3500,3000,18-Mar-13
687,Aurangabad,Aurangabad,Ginger(Dry),Other,FAQ,2000,4500,3250,17-Mar-13
688,Aurangabad,Aurangabad,Ginger(Dry),Other,FAQ,2000,4000,3000,16-Mar-13
689,Aurangabad,Aurangabad,Ginger(Dry),Other,FAQ,1500,4800,3150,14-Mar-13
690,Aurangabad,Aurangabad,Ginger(Dry),Other,FAQ,2800,3600,3200,12-Mar-13
691,Aurangabad,Aurangabad,Ginger(Dry),Other,FAQ,1500,3500,2500,11-Mar-13
692,Aurangabad,Aurangabad,Ginger(Dry),Other,FAQ,1000,4500,2750,10-Mar-13
693,Aurangabad,Aurangabad,Ginger(Dry),Other,FAQ,2000,4000,3000,9-Mar-13
694,Aurangabad,Aurangabad,Ginger(Dry),Other,FAQ,1500,5200,3350,7-Mar-13
695,Aurangabad,Aurangabad,Ginger(Dry),Other,FAQ,2500,4500,3500,6-Mar-13
696,Aurangabad,Aurangabad,Ginger(Dry),Other,FAQ,3000,4000,3500,5-Mar-13
697,Aurangabad,Aurangabad,Ginger(Dry),Other,FAQ,2500,3500,3000,4-Mar-13
698,Aurangabad,Aurangabad,Ginger(Dry),Other,FAQ,2000,4600,3300,3-Mar-13
699,Aurangabad,Aurangabad,Ginger(Dry),Other,FAQ,2500,3500,3000,2-Mar-13
700,Aurangabad,Aurangabad,Ginger(Dry),Other,FAQ,2500,4500,3500,28-Feb-13
701,Aurangabad,Aurangabad,Ginger(Dry),Other,FAQ,3000,4000,3500,27-Feb-13
702,Aurangabad,Aurangabad,Ginger(Dry),Other,FAQ,2500,4500,3500,26-Feb-13
703,Aurangabad,Aurangabad,Ginger(Dry),Other,FAQ,3000,4000,3500,25-Feb-13
704,Aurangabad,Aurangabad,Ginger(Dry),Other,FAQ,2000,4500,3250,24-Feb-13
705,Aurangabad,Aurangabad,Ginger(Dry),Other,FAQ,2800,3600,3200,23-Feb-13
706,Aurangabad,Aurangabad,Ginger(Dry),Other,FAQ,1000,4500,2750,21-Feb-13
707,Aurangabad,Aurangabad,Ginger(Dry),Other,FAQ,2500,3500,3000,20-Feb-13
708,Aurangabad,Aurangabad,Ginger(Dry),Other,FAQ,2000,4000,3000,19-Feb-13
709,Aurangabad,Aurangabad,Ginger(Dry),Other,FAQ,2500,4000,3250,18-Feb-13
710,Aurangabad,Aurangabad,Ginger(Dry),Other,FAQ,2500,4400,3250,17-Feb-13
711,Aurangabad,Aurangabad,Ginger(Dry),Other,FAQ,3000,3500,3250,16-Feb-13
712,Aurangabad,Aurangabad,Ginger(Dry),Other,FAQ,2500,4200,3350,14-Feb-13
713,Aurangabad,Aurangabad,Ginger(Dry),Other,FAQ,3000,3800,3400,13-Feb-13
714,Aurangabad,Aurangabad,Ginger(Dry),Other,FAQ,2500,4500,3500,12-Feb-13
715,Aurangabad,Aurangabad,Ginger(Dry),Other,FAQ,2500,3500,3000,11-Feb-13
716,Aurangabad,Aurangabad,Ginger(Dry),Other,FAQ,2000,4500,3250,10-Feb-13
717,Aurangabad,Aurangabad,Ginger(Dry),Other,FAQ,3000,4500,3750,9-Feb-13
718,Aurangabad,Aurangabad,Ginger(Dry),Other,FAQ,2800,4500,3650,7-Feb-13
719,Aurangabad,Aurangabad,Ginger(Dry),Other,FAQ,3000,3800,3400,6-Feb-13
720,Aurangabad,Aurangabad,Ginger(Dry),Other,FAQ,2500,4200,3350,5-Feb-13
721,Aurangabad,Aurangabad,Ginger(Dry),Other,FAQ,3000,4000,3500,4-Feb-13
722,Aurangabad,Aurangabad,Ginger(Dry),Other,FAQ,2500,3500,3000,29-Jan-13
723,Aurangabad,Aurangabad,Ginger(Dry),Other,FAQ,3000,3500,3250,28-Jan-13
724,Aurangabad,Aurangabad,Ginger(Dry),Other,FAQ,1500,4000,2750,27-Jan-13
725,Aurangabad,Aurangabad,Ginger(Dry),Other,FAQ,1500,4100,2800,24-Jan-13
726,Aurangabad,Aurangabad,Ginger(Dry),Other,FAQ,3000,3500,3250,23-Jan-13
727,Aurangabad,Aurangabad,Ginger(Dry),Other,FAQ,2500,3500,3000,22-Jan-13
728,Aurangabad,Aurangabad,Ginger(Dry),Other,FAQ,1400,3000,2200,21-Jan-13
729,Aurangabad,Aurangabad,Ginger(Dry),Other,FAQ,1500,4200,2850,20-Jan-13
730,Aurangabad,Aurangabad,Ginger(Dry),Other,FAQ,2500,3500,3000,19-Jan-13
731,Aurangabad,Aurangabad,Ginger(Dry),Other,FAQ,2000,4500,3250,17-Jan-13
732,Aurangabad,Aurangabad,Ginger(Dry),Other,FAQ,1800,3400,2600,16-Jan-13
733,Aurangabad,Aurangabad,Ginger(Dry),Other,FAQ,2500,3000,2750,15-Jan-13
734,Aurangabad,Aurangabad,Ginger(Dry),Other,FAQ,2000,3800,2750,14-Jan-13
735,Aurangabad,Aurangabad,Ginger(Dry),Other,FAQ,1500,4000,2750,13-Jan-13
736,Aurangabad,Aurangabad,Ginger(Dry),Other,FAQ,2000,3000,2500,12-Jan-13
737,Aurangabad,Aurangabad,Ginger(Dry),Other,FAQ,2000,4200,3100,10-Jan-13
738,Aurangabad,Aurangabad,Ginger(Dry),Other,FAQ,1500,3500,2500,9-Jan-13
739,Aurangabad,Aurangabad,Ginger(Dry),Other,FAQ,1800,3200,2500,8-Jan-13
740,Aurangabad,Aurangabad,Ginger(Dry),Other,FAQ,1500,3500,2500,7-Jan-13
741,Aurangabad,Aurangabad,Ginger(Dry),Other,FAQ,1200,4200,2700,6-Jan-13
742,Aurangabad,Aurangabad,Ginger(Dry),Other,FAQ,1800,3200,2500,5-Jan-13
743,Aurangabad,Aurangabad,Ginger(Dry),Other,FAQ,1800,4500,3150,3-Jan-13
744,Aurangabad,Aurangabad,Ginger(Dry),Other,FAQ,1500,3000,2250,2-Jan-13
745,Aurangabad,Aurangabad,Ginger(Dry),Other,FAQ,2000,3000,2500,1-Jan-13
746,Aurangabad,Aurangabad,Ginger(Dry),Other,FAQ,1500,3500,2500,31-Dec-12
747,Aurangabad,Aurangabad,Ginger(Dry),Other,FAQ,1500,4500,3000,27-Dec-12
748,Aurangabad,Aurangabad,Ginger(Dry),Other,FAQ,1500,3500,2500,26-Dec-12
749,Aurangabad,Aurangabad,Ginger(Dry),Other,FAQ,1600,2600,2100,22-Dec-12
750,Aurangabad,Aurangabad,Ginger(Dry),Other,FAQ,1500,3000,2250,19-Dec-12
751,Aurangabad,Aurangabad,Ginger(Dry),Other,FAQ,1500,3000,2250,18-Dec-12
752,Aurangabad,Aurangabad,Ginger(Dry),Other,FAQ,1000,3000,2000,17-Dec-12
753,Aurangabad,Aurangabad,Ginger(Dry),Other,FAQ,1600,3300,2450,16-Dec-12
754,Aurangabad,Aurangabad,Ginger(Dry),Other,FAQ,1200,2400,1800,15-Dec-12
755,Aurangabad,Aurangabad,Ginger(Dry),Other,FAQ,1000,3100,2050,13-Dec-12
756,Aurangabad,Aurangabad,Ginger(Dry),Other,FAQ,1500,2500,2000,11-Dec-12
757,Aurangabad,Aurangabad,Ginger(Dry),Other,FAQ,1200,3000,2100,10-Dec-12
758,Aurangabad,Aurangabad,Ginger(Dry),Other,FAQ,800,3000,1900,9-Dec-12
759,Aurangabad,Aurangabad,Ginger(Dry),Other,FAQ,1000,3000,2000,8-Dec-12
760,Aurangabad,Aurangabad,Ginger(Dry),Other,FAQ,1000,3500,2250,6-Dec-12
761,Aurangabad,Aurangabad,Ginger(Dry),Other,FAQ,1500,3000,2250,5-Dec-12
762,Aurangabad,Aurangabad,Ginger(Dry),Other,FAQ,1800,2800,2300,4-Dec-12
763,Aurangabad,Aurangabad,Ginger(Dry),Other,FAQ,2000,3500,2750,3-Dec-12
764,Aurangabad,Aurangabad,Ginger(Dry),Other,FAQ,1500,2900,2200,28-Nov-12
765,Aurangabad,Aurangabad,Ginger(Dry),Other,FAQ,2000,3000,2500,27-Nov-12
766,Aurangabad,Aurangabad,Ginger(Dry),Other,FAQ,1000,2500,1750,26-Nov-12
767,Aurangabad,Aurangabad,Ginger(Dry),Other,FAQ,1500,2500,2000,24-Nov-12
768,Aurangabad,Aurangabad,Ginger(Dry),Other,FAQ,1500,2500,2000,21-Nov-12
769,Aurangabad,Aurangabad,Ginger(Dry),Other,FAQ,1000,2000,1500,20-Nov-12
770,Aurangabad,Aurangabad,Ginger(Dry),Other,FAQ,1000,3200,2100,18-Nov-12
771,Aurangabad,Aurangabad,Ginger(Dry),Other,FAQ,1800,2700,2250,17-Nov-12
772,Aurangabad,Aurangabad,Ginger(Dry),Other,FAQ,1600,3500,2550,15-Nov-12
773,Aurangabad,Aurangabad,Ginger(Dry),Other,FAQ,1500,2900,2200,14-Nov-12
774,Aurangabad,Aurangabad,Ginger(Dry),Other,FAQ,1600,2800,2200,13-Nov-12
775,Aurangabad,Aurangabad,Ginger(Dry),Other,FAQ,2000,3000,2500,12-Nov-12
776,Aurangabad,Aurangabad,Ginger(Dry),Other,FAQ,1500,3000,2250,11-Nov-12
777,Aurangabad,Aurangabad,Ginger(Dry),Other,FAQ,1500,2500,2000,10-Nov-12
778,Aurangabad,Aurangabad,Ginger(Dry),Other,FAQ,1200,2600,1900,8-Nov-12
779,Aurangabad,Aurangabad,Ginger(Dry),Other,FAQ,2000,3000,2500,7-Nov-12
780,Aurangabad,Aurangabad,Ginger(Dry),Other,FAQ,1500,3200,2350,6-Nov-12
781,Aurangabad,Aurangabad,Ginger(Dry),Other,FAQ,1600,3200,2400,5-Nov-12
782,Aurangabad,Aurangabad,Ginger(Dry),Other,FAQ,1500,3500,2500,4-Nov-12
783,Aurangabad,Aurangabad,Ginger(Dry),Other,FAQ,2000,3000,2500,3-Nov-12
784,Aurangabad,Aurangabad,Ginger(Dry),Other,FAQ,1500,4000,2750,1-Nov-12
785,Aurangabad,Aurangabad,Ginger(Dry),Other,FAQ,2000,2700,2350,31-Oct-12
786,Aurangabad,Aurangabad,Ginger(Dry),Other,FAQ,2000,2500,2250,30-Oct-12
787,Aurangabad,Aurangabad,Ginger(Dry),Other,FAQ,1500,2500,2000,29-Oct-12
788,Aurangabad,Aurangabad,Ginger(Dry),Other,FAQ,1400,3500,2450,28-Oct-12
789,Aurangabad,Aurangabad,Ginger(Dry),Other,FAQ,2000,3000,2500,27-Oct-12
790,Aurangabad,Aurangabad,Ginger(Dry),Other,FAQ,2200,3000,2600,25-Oct-12
791,Aurangabad,Aurangabad,Ginger(Dry),Other,FAQ,1500,2500,2000,24-Oct-12
792,Aurangabad,Aurangabad,Ginger(Dry),Other,FAQ,2000,2500,2250,23-Oct-12
793,Aurangabad,Aurangabad,Ginger(Dry),Other,FAQ,1800,2600,2200,22-Oct-12
794,Aurangabad,Aurangabad,Ginger(Dry),Other,FAQ,1200,2900,2050,21-Oct-12
795,Aurangabad,Aurangabad,Ginger(Dry),Other,FAQ,1600,2800,2200,20-Oct-12
796,Aurangabad,Aurangabad,Ginger(Dry),Other,FAQ,1200,2700,1950,18-Oct-12
797,Aurangabad,Aurangabad,Ginger(Dry),Other,FAQ,1000,2600,1800,17-Oct-12
798,Aurangabad,Aurangabad,Ginger(Dry),Other,FAQ,1700,2700,2200,16-Oct-12
799,Aurangabad,Aurangabad,Ginger(Dry),Other,FAQ,1500,2500,2000,15-Oct-12
800,Aurangabad,Aurangabad,Ginger(Dry),Other,FAQ,1700,2900,2300,14-Oct-12
801,Aurangabad,Aurangabad,Ginger(Dry),Other,FAQ,1000,2700,1850,13-Oct-12
802,Aurangabad,Aurangabad,Ginger(Dry),Other,FAQ,1000,2600,1800,11-Oct-12
803,Aurangabad,Aurangabad,Ginger(Dry),Other,FAQ,1500,2100,1800,10-Oct-12
804,Aurangabad,Aurangabad,Ginger(Dry),Other,FAQ,1000,2000,1500,9-Oct-12
805,Aurangabad,Aurangabad,Ginger(Dry),Other,FAQ,1200,1800,1500,8-Oct-12
806,Aurangabad,Aurangabad,Ginger(Dry),Other,FAQ,1400,1800,1600,6-Oct-12
807,Aurangabad,Aurangabad,Ginger(Dry),Other,FAQ,1300,2500,1900,4-Oct-12
808,Aurangabad,Aurangabad,Ginger(Dry),Other,FAQ,1000,2000,1500,3-Oct-12
809,Aurangabad,Aurangabad,Ginger(Dry),Other,FAQ,1200,1800,1500,2-Oct-12
810,Aurangabad,Aurangabad,Ginger(Dry),Other,FAQ,1000,2400,1700,1-Oct-12
811,Aurangabad,Aurangabad,Ginger(Dry),Other,FAQ,1000,2100,1550,29-Sep-12
812,Aurangabad,Aurangabad,Ginger(Dry),Other,FAQ,1400,2100,1750,26-Sep-12
813,Aurangabad,Aurangabad,Ginger(Dry),Other,FAQ,1000,2000,1500,25-Sep-12
814,Aurangabad,Aurangabad,Ginger(Dry),Other,FAQ,1500,2000,1750,24-Sep-12
815,Aurangabad,Aurangabad,Ginger(Dry),Other,FAQ,1200,2200,1700,18-Sep-12
816,Aurangabad,Aurangabad,Ginger(Dry),Other,FAQ,1000,2000,1500,17-Sep-12
817,Aurangabad,Aurangabad,Ginger(Dry),Other,FAQ,1500,2100,1800,16-Sep-12
818,Aurangabad,Aurangabad,Ginger(Dry),Other,FAQ,1300,2000,1650,15-Sep-12
819,Aurangabad,Aurangabad,Ginger(Dry),Other,FAQ,1500,2600,2050,13-Sep-12
820,Aurangabad,Aurangabad,Ginger(Dry),Other,FAQ,1500,2000,1750,12-Sep-12
821,Aurangabad,Aurangabad,Ginger(Dry),Other,FAQ,1200,2200,1700,11-Sep-12
822,Aurangabad,Aurangabad,Ginger(Dry),Other,FAQ,1500,2000,1750,10-Sep-12
823,Aurangabad,Aurangabad,Ginger(Dry),Other,FAQ,2000,2900,2450,9-Sep-12
824,Aurangabad,Aurangabad,Ginger(Dry),Other,FAQ,1000,2200,1600,8-Sep-12
825,Aurangabad,Aurangabad,Ginger(Dry),Other,FAQ,1000,1500,1250,4-Sep-12
826,Aurangabad,Aurangabad,Ginger(Dry),Other,FAQ,1000,1700,1350,1-Sep-12
827,Aurangabad,Aurangabad,Ginger(Dry),Other,FAQ,1500,1800,1650,29-Aug-12
828,Aurangabad,Aurangabad,Ginger(Dry),Other,FAQ,1200,1800,1500,28-Aug-12
829,Aurangabad,Aurangabad,Ginger(Dry),Other,FAQ,1000,2100,1550,27-Aug-12
830,Aurangabad,Aurangabad,Ginger(Dry),Other,FAQ,1200,1800,1500,25-Aug-12
831,Aurangabad,Aurangabad,Ginger(Dry),Other,FAQ,1000,2200,1600,22-Aug-12
832,Aurangabad,Aurangabad,Ginger(Dry),Other,FAQ,1500,2000,1750,21-Aug-12
833,Aurangabad,Aurangabad,Ginger(Dry),Other,FAQ,2000,2400,2200,20-Aug-12
834,Aurangabad,Aurangabad,Ginger(Dry),Other,FAQ,1000,2200,1600,19-Aug-12
835,Aurangabad,Aurangabad,Ginger(Dry),Other,FAQ,1400,2000,1700,18-Aug-12
836,Aurangabad,Aurangabad,Ginger(Dry),Other,FAQ,1100,2200,1650,16-Aug-12
837,Aurangabad,Aurangabad,Ginger(Dry),Other,FAQ,1500,2500,2000,15-Aug-12
838,Aurangabad,Aurangabad,Ginger(Dry),Other,FAQ,1200,2400,1800,14-Aug-12
839,Aurangabad,Aurangabad,Ginger(Dry),Other,FAQ,1000,2300,1650,13-Aug-12
840,Aurangabad,Aurangabad,Ginger(Dry),Other,FAQ,1300,2200,1750,11-Aug-12
841,Aurangabad,Aurangabad,Ginger(Dry),Other,FAQ,1000,2000,1500,8-Aug-12
842,Aurangabad,Aurangabad,Ginger(Dry),Other,FAQ,1400,2100,1750,7-Aug-12
843,Aurangabad,Aurangabad,Ginger(Dry),Other,FAQ,1100,2200,1650,6-Aug-12
844,Aurangabad,Aurangabad,Ginger(Dry),Other,FAQ,1400,2500,1950,5-Aug-12
845,Aurangabad,Aurangabad,Ginger(Dry),Other,FAQ,1200,2200,1700,4-Aug-12
846,Aurangabad,Aurangabad,Ginger(Dry),Other,FAQ,1100,2100,1600,2-Aug-12
847,Aurangabad,Aurangabad,Ginger(Dry),Other,FAQ,1400,2000,1700,1-Aug-12
848,Aurangabad,Aurangabad,Ginger(Dry),Other,FAQ,1500,2000,1750,31-Jul-12
849,Aurangabad,Aurangabad,Ginger(Dry),Other,FAQ,1000,2200,1600,30-Jul-12
850,Aurangabad,Aurangabad,Ginger(Dry),Other,FAQ,1000,2000,1500,28-Jul-12
851,Aurangabad,Aurangabad,Ginger(Dry),Other,FAQ,1000,2300,1650,24-Jul-12
852,Aurangabad,Aurangabad,Ginger(Dry),Other,FAQ,1000,1900,1450,22-Jul-12
853,Aurangabad,Aurangabad,Ginger(Dry),Other,FAQ,1000,2000,1500,21-Jul-12
854,Aurangabad,Aurangabad,Ginger(Dry),Other,FAQ,1000,2300,1650,18-Jul-12
855,Aurangabad,Aurangabad,Ginger(Dry),Other,FAQ,1200,1800,1500,17-Jul-12
856,Aurangabad,Aurangabad,Ginger(Dry),Other,FAQ,1000,2000,1500,16-Jul-12
857,Aurangabad,Aurangabad,Ginger(Dry),Other,FAQ,1000,2000,1500,14-Jul-12
858,Aurangabad,Aurangabad,Ginger(Dry),Other,FAQ,1000,2200,1600,12-Jul-12
859,Aurangabad,Aurangabad,Ginger(Dry),Other,FAQ,1000,2200,1600,10-Jul-12
860,Aurangabad,Aurangabad,Ginger(Dry),Other,FAQ,1000,2300,1650,9-Jul-12
861,Aurangabad,Aurangabad,Ginger(Dry),Other,FAQ,1350,1900,1625,7-Jul-12
862,Aurangabad,Aurangabad,Ginger(Dry),Other,FAQ,1000,2000,1500,3-Jul-12
863,Aurangabad,Aurangabad,Ginger(Dry),Other,FAQ,1000,1500,1250,2-Jul-12
864,Aurangabad,Aurangabad,Ginger(Dry),Other,FAQ,1000,1500,1250,30-Jun-12
865,Aurangabad,Aurangabad,Ginger(Dry),Other,FAQ,1400,1800,1600,27-Jun-12
866,Aurangabad,Aurangabad,Ginger(Dry),Other,FAQ,1200,1600,1400,26-Jun-12
867,Aurangabad,Aurangabad,Ginger(Dry),Other,FAQ,1000,1500,1250,25-Jun-12
868,Aurangabad,Aurangabad,Ginger(Dry),Other,FAQ,1000,2000,1500,23-Jun-12
869,Aurangabad,Aurangabad,Ginger(Dry),Other,FAQ,1200,1600,1400,20-Jun-12
870,Aurangabad,Aurangabad,Ginger(Dry),Other,FAQ,1000,1400,1200,19-Jun-12
871,Aurangabad,Aurangabad,Ginger(Dry),Other,FAQ,1000,1500,1250,13-Jun-12
872,Aurangabad,Aurangabad,Ginger(Dry),Other,FAQ,1200,1400,1300,7-Nov-11
873,Aurangabad,Aurangabad,Ginger(Dry),Other,FAQ,1200,1500,1350,5-Nov-11
874,Aurangabad,Aurangabad,Ginger(Dry),Other,FAQ,1000,1600,1300,1-Nov-11
875,Aurangabad,Aurangabad,Ginger(Dry),Other,FAQ,1000,1500,1250,31-Oct-11
876,Aurangabad,Aurangabad,Ginger(Dry),Other,FAQ,1000,1500,1250,29-Oct-11
877,Aurangabad,Aurangabad,Ginger(Dry),Other,FAQ,1000,1300,1150,26-Oct-11
878,Aurangabad,Aurangabad,Ginger(Dry),Other,FAQ,1000,1400,1200,19-Oct-11
879,Aurangabad,Aurangabad,Ginger(Dry),Other,FAQ,1000,1400,1200,17-Oct-11
880,Aurangabad,Aurangabad,Ginger(Dry),Other,FAQ,1000,1400,1200,27-Sep-11
881,Aurangabad,Aurangabad,Ginger(Dry),Other,FAQ,1000,1400,1200,21-Sep-11
882,Aurangabad,Aurangabad,Ginger(Dry),Other,FAQ,1000,1500,1250,14-Sep-11
883,Aurangabad,Aurangabad,Ginger(Dry),Other,FAQ,1000,1600,1300,12-Sep-11
884,Aurangabad,Aurangabad,Ginger(Dry),Other,FAQ,1200,1600,1400,10-Sep-11
885,Aurangabad,Aurangabad,Ginger(Dry),Other,FAQ,1600,1800,1700,7-Sep-11
886,Aurangabad,Aurangabad,Ginger(Dry),Other,FAQ,1500,2000,1750,6-Sep-11
887,Aurangabad,Aurangabad,Ginger(Dry),Other,FAQ,1200,1900,1550,5-Sep-11
888,Aurangabad,Aurangabad,Ginger(Dry),Other,FAQ,1100,2000,1550,3-Sep-11
889,Aurangabad,Aurangabad,Ginger(Dry),Other,FAQ,1000,1400,1200,31-Aug-11
890,Aurangabad,Aurangabad,Ginger(Dry),Other,FAQ,1200,1800,1500,30-Aug-11
891,Aurangabad,Aurangabad,Ginger(Dry),Other,FAQ,1400,1600,1500,29-Aug-11
892,Aurangabad,Aurangabad,Ginger(Dry),Other,FAQ,1200,1600,1400,27-Aug-11
893,Aurangabad,Aurangabad,Ginger(Dry),Other,FAQ,1400,1600,1500,24-Aug-11
894,Aurangabad,Aurangabad,Ginger(Dry),Other,FAQ,1200,1400,1300,23-Aug-11
895,Aurangabad,Aurangabad,Ginger(Dry),Other,FAQ,1400,1600,1500,17-Aug-11
896,Aurangabad,Aurangabad,Ginger(Dry),Other,FAQ,1200,1600,1400,16-Aug-11
897,Aurangabad,Aurangabad,Ginger(Dry),Other,FAQ,1000,1500,1250,15-Aug-11
898,Aurangabad,Aurangabad,Ginger(Dry),Other,FAQ,1200,1600,1400,13-Aug-11
899,Aurangabad,Aurangabad,Ginger(Dry),Other,FAQ,1400,1800,1600,10-Aug-11
900,Aurangabad,Aurangabad,Ginger(Dry),Other,FAQ,1400,1600,1500,9-Aug-11
901,Aurangabad,Aurangabad,Ginger(Dry),Other,FAQ,1000,1800,1400,8-Aug-11
902,Aurangabad,Aurangabad,Ginger(Dry),Other,FAQ,1400,1800,1600,3-Aug-11
903,Aurangabad,Aurangabad,Ginger(Dry),Other,FAQ,1000,1500,1250,30-Jul-11
904,Aurangabad,Aurangabad,Ginger(Dry),Other,FAQ,1600,1800,1700,27-Jul-11
905,Aurangabad,Aurangabad,Ginger(Dry),Other,FAQ,1500,1800,1650,26-Jul-11
906,Aurangabad,Aurangabad,Ginger(Dry),Other,FAQ,1500,2000,1750,23-Jul-11
907,Aurangabad,Aurangabad,Ginger(Dry),Other,FAQ,1500,2000,1750,20-Jul-11
908,Aurangabad,Aurangabad,Ginger(Dry),Other,FAQ,1600,1800,1700,19-Jul-11
909,Aurangabad,Aurangabad,Ginger(Dry),Other,FAQ,1500,2000,1750,18-Jul-11
910,Aurangabad,Aurangabad,Ginger(Dry),Other,FAQ,1400,1800,1600,16-Jul-11
911,Aurangabad,Aurangabad,Ginger(Dry),Other,FAQ,1500,1800,1650,13-Jul-11
912,Aurangabad,Aurangabad,Ginger(Dry),Other,FAQ,1800,2000,1900,12-Jul-11
913,Aurangabad,Aurangabad,Ginger(Dry),Other,FAQ,1400,1600,1500,11-Jul-11
914,Aurangabad,Aurangabad,Ginger(Dry),Other,FAQ,1400,1800,1600,9-Jul-11
915,Aurangabad,Aurangabad,Ginger(Dry),Other,FAQ,1400,1800,1600,6-Jul-11
916,Aurangabad,Aurangabad,Ginger(Dry),Other,FAQ,1500,1800,1650,5-Jul-11
917,Aurangabad,Aurangabad,Ginger(Dry),Other,FAQ,1500,1800,1650,4-Jul-11
918,Aurangabad,Aurangabad,Ginger(Dry),Other,FAQ,1400,1800,1600,2-Jul-11
919,Aurangabad,Aurangabad,Ginger(Dry),Other,FAQ,1600,1800,1700,29-Jun-11
920,Aurangabad,Aurangabad,Ginger(Dry),Other,FAQ,1400,1800,1600,28-Jun-11
921,Aurangabad,Aurangabad,Ginger(Dry),Other,FAQ,1000,1500,1250,27-Jun-11
922,Aurangabad,Aurangabad,Ginger(Dry),Other,FAQ,1500,1600,1550,25-Jun-11
923,Aurangabad,Aurangabad,Ginger(Dry),Other,FAQ,1500,2000,1750,21-Jun-11
924,Aurangabad,Aurangabad,Ginger(Dry),Other,FAQ,1400,1800,1600,20-Jun-11
925,Aurangabad,Aurangabad,Ginger(Dry),Other,FAQ,1000,1800,1400,18-Jun-11
926,Aurangabad,Aurangabad,Ginger(Dry),Other,FAQ,1800,2200,2000,15-Jun-11
927,Aurangabad,Aurangabad,Ginger(Dry),Other,FAQ,1800,2000,1900,14-Jun-11
928,Aurangabad,Aurangabad,Ginger(Dry),Other,FAQ,1800,2000,1900,13-Jun-11
929,Aurangabad,Aurangabad,Ginger(Dry),Other,FAQ,1600,2000,1800,11-Jun-11
930,Aurangabad,Aurangabad,Ginger(Dry),Other,FAQ,1400,1800,1600,8-Jun-11
931,Aurangabad,Aurangabad,Ginger(Dry),Other,FAQ,1500,1700,1600,7-Jun-11
932,Aurangabad,Aurangabad,Ginger(Dry),Other,FAQ,1400,1600,1500,6-Jun-11
933,Aurangabad,Aurangabad,Ginger(Dry),Other,FAQ,1400,1600,1500,4-Jun-11
934,Aurangabad,Aurangabad,Ginger(Dry),Other,FAQ,1400,1800,1600,1-Jun-11
935,Aurangabad,Aurangabad,Ginger(Dry),Other,FAQ,1400,1800,1600,31-May-11
936,Aurangabad,Aurangabad,Ginger(Dry),Other,FAQ,1200,1600,1400,30-May-11
937,Aurangabad,Aurangabad,Ginger(Dry),Other,FAQ,1200,1800,1500,28-May-11
938,Aurangabad,Aurangabad,Ginger(Dry),Other,FAQ,1600,1800,1700,25-May-11
939,Aurangabad,Aurangabad,Ginger(Dry),Other,FAQ,1400,1600,1500,24-May-11
940,Aurangabad,Aurangabad,Ginger(Dry),Other,FAQ,1400,1800,1600,23-May-11
941,Aurangabad,Aurangabad,Ginger(Dry),Other,FAQ,1400,1800,1600,21-May-11
942,Aurangabad,Aurangabad,Ginger(Dry),Other,FAQ,1500,1700,1600,18-May-11
943,Aurangabad,Aurangabad,Ginger(Dry),Other,FAQ,1400,1800,1600,17-May-11
944,Aurangabad,Aurangabad,Ginger(Dry),Other,FAQ,1400,1800,1600,16-May-11
945,Aurangabad,Aurangabad,Ginger(Dry),Other,FAQ,1400,1800,1600,14-May-11
946,Aurangabad,Aurangabad,Ginger(Dry),Other,FAQ,1600,1800,1700,11-May-11
947,Aurangabad,Aurangabad,Ginger(Dry),Other,FAQ,1800,2000,1900,10-May-11
948,Aurangabad,Aurangabad,Ginger(Dry),Other,FAQ,1400,1800,1600,9-May-11
949,Aurangabad,Aurangabad,Ginger(Dry),Other,FAQ,1800,2000,1900,7-May-11
950,Aurangabad,Aurangabad,Ginger(Dry),Other,FAQ,1600,2000,1800,4-May-11
951,Aurangabad,Aurangabad,Ginger(Dry),Other,FAQ,1600,1800,1700,3-May-11
952,Aurangabad,Aurangabad,Ginger(Dry),Other,FAQ,1400,1800,1600,2-May-11
953,Aurangabad,Aurangabad,Ginger(Dry),Other,FAQ,1400,2000,1700,30-Apr-11
954,Aurangabad,Aurangabad,Ginger(Dry),Other,FAQ,1400,2000,1700,27-Apr-11
955,Aurangabad,Aurangabad,Ginger(Dry),Other,FAQ,1400,2000,1700,26-Apr-11
956,Aurangabad,Aurangabad,Ginger(Dry),Other,FAQ,1600,1800,1700,25-Apr-11
957,Aurangabad,Aurangabad,Ginger(Dry),Other,FAQ,1400,1800,1600,23-Apr-11
958,Aurangabad,Aurangabad,Ginger(Dry),Other,FAQ,1800,2000,1900,20-Apr-11
959,Aurangabad,Aurangabad,Ginger(Dry),Other,FAQ,1800,2000,1900,19-Apr-11
960,Aurangabad,Aurangabad,Ginger(Dry),Other,FAQ,1600,2000,1800,16-Apr-11
961,Aurangabad,Aurangabad,Ginger(Dry),Other,FAQ,1800,2000,1900,12-Apr-11
962,Aurangabad,Aurangabad,Ginger(Dry),Other,FAQ,1400,2000,1700,11-Apr-11
963,Aurangabad,Aurangabad,Ginger(Dry),Other,FAQ,1600,2000,1800,9-Apr-11
964,Aurangabad,Aurangabad,Ginger(Dry),Other,FAQ,2000,2500,2250,6-Apr-11
965,Aurangabad,Aurangabad,Ginger(Dry),Other,FAQ,1600,2200,1900,5-Apr-11
966,Aurangabad,Aurangabad,Ginger(Dry),Other,FAQ,1800,2200,2000,4-Apr-11
967,Aurangabad,Aurangabad,Ginger(Dry),Other,FAQ,1600,2000,1800,2-Apr-11
968,Aurangabad,Aurangabad,Ginger(Dry),Other,FAQ,1000,2100,1550,31-Mar-11
969,Aurangabad,Aurangabad,Ginger(Dry),Other,FAQ,2000,2500,2250,30-Mar-11
970,Aurangabad,Aurangabad,Ginger(Dry),Other,FAQ,2000,2200,2100,29-Mar-11
971,Aurangabad,Aurangabad,Ginger(Dry),Other,FAQ,1800,2200,2000,28-Mar-11
972,Aurangabad,Aurangabad,Ginger(Dry),Other,FAQ,1000,2300,1650,27-Mar-11
973,Aurangabad,Aurangabad,Ginger(Dry),Other,FAQ,2000,2200,2100,26-Mar-11
974,Aurangabad,Aurangabad,Ginger(Dry),Other,FAQ,1200,2350,1775,24-Mar-11
975,Aurangabad,Aurangabad,Ginger(Dry),Other,FAQ,1800,2200,2000,23-Mar-11
976,Aurangabad,Aurangabad,Ginger(Dry),Other,FAQ,1800,2400,2100,22-Mar-11
977,Aurangabad,Aurangabad,Ginger(Dry),Other,FAQ,2000,2400,2200,21-Mar-11
978,Aurangabad,Aurangabad,Ginger(Dry),Other,FAQ,1800,2400,2100,20-Mar-11
979,Aurangabad,Aurangabad,Ginger(Dry),Other,FAQ,2000,2200,2100,19-Mar-11
980,Aurangabad,Aurangabad,Ginger(Dry),Other,FAQ,1200,2400,1800,17-Mar-11
981,Aurangabad,Aurangabad,Ginger(Dry),Other,FAQ,2000,2500,2250,16-Mar-11
982,Aurangabad,Aurangabad,Ginger(Dry),Other,FAQ,1800,2400,2100,15-Mar-11
983,Aurangabad,Aurangabad,Ginger(Dry),Other,FAQ,1800,2200,2000,14-Mar-11
984,Aurangabad,Aurangabad,Ginger(Dry),Other,FAQ,1200,2500,1850,13-Mar-11
985,Aurangabad,Aurangabad,Ginger(Dry),Other,FAQ,2000,2500,2250,12-Mar-11
986,Aurangabad,Aurangabad,Ginger(Dry),Other,FAQ,1500,2600,2050,10-Mar-11
987,Aurangabad,Aurangabad,Ginger(Dry),Other,FAQ,1800,2400,2100,9-Mar-11
988,Aurangabad,Aurangabad,Ginger(Dry),Other,FAQ,2000,2400,2200,8-Mar-11
989,Aurangabad,Aurangabad,Ginger(Dry),Other,FAQ,2000,2400,2200,7-Mar-11
990,Aurangabad,Aurangabad,Ginger(Dry),Other,FAQ,1500,2500,2000,6-Mar-11
991,Aurangabad,Aurangabad,Ginger(Dry),Other,FAQ,2000,2500,2250,5-Mar-11
992,Aurangabad,Aurangabad,Ginger(Dry),Other,FAQ,1700,2700,2200,3-Mar-11
993,Aurangabad,Aurangabad,Ginger(Dry),Other,FAQ,2200,2300,2250,1-Mar-11
994,Aurangabad,Aurangabad,Ginger(Dry),Other,FAQ,2000,2500,2250,28-Feb-11
995,Aurangabad,Aurangabad,Ginger(Dry),Other,FAQ,1800,2700,2250,27-Feb-11
996,Aurangabad,Aurangabad,Ginger(Dry),Other,FAQ,2000,2600,2300,26-Feb-11
997,Aurangabad,Aurangabad,Ginger(Dry),Other,FAQ,1500,2700,2100,24-Feb-11
998,Aurangabad,Aurangabad,Ginger(Dry),Other,FAQ,2000,2600,2300,23-Feb-11
999,Aurangabad,Aurangabad,Ginger(Dry),Other,FAQ,1500,2500,2000,22-Feb-11
1000,Aurangabad,Aurangabad,Ginger(Dry),Other,FAQ,2000,2400,2200,21-Feb-11
1001,Aurangabad,Aurangabad,Ginger(Dry),Other,FAQ,1800,2600,2200,20-Feb-11
1002,Aurangabad,Aurangabad,Ginger(Dry),Other,FAQ,2000,2200,2100,19-Feb-11
1003,Aurangabad,Aurangabad,Ginger(Dry),Other,FAQ,2000,2600,2300,17-Feb-11
1004,Aurangabad,Aurangabad,Ginger(Dry),Other,FAQ,2200,2400,2300,16-Feb-11
1005,Aurangabad,Aurangabad,Ginger(Dry),Other,FAQ,2000,2500,2250,15-Feb-11
1006,Aurangabad,Aurangabad,Ginger(Dry),Other,FAQ,1800,2400,2100,14-Feb-11
1007,Aurangabad,Aurangabad,Ginger(Dry),Other,FAQ,2000,2500,2250,13-Feb-11
1008,Aurangabad,Aurangabad,Ginger(Dry),Other,FAQ,2400,2600,2500,12-Feb-11
1009,Aurangabad,Aurangabad,Ginger(Dry),Other,FAQ,2000,2700,2350,10-Feb-11
1010,Aurangabad,Aurangabad,Ginger(Dry),Other,FAQ,2200,2400,2300,5-Feb-11
1011,Aurangabad,Aurangabad,Ginger(Dry),Other,FAQ,2000,2700,2350,3-Feb-11
1012,Aurangabad,Aurangabad,Ginger(Dry),Other,FAQ,2000,2500,2250,2-Feb-11
1013,Aurangabad,Aurangabad,Ginger(Dry),Other,FAQ,2200,2400,2300,1-Feb-11
1014,Aurangabad,Aurangabad,Ginger(Dry),Other,FAQ,2000,2400,2200,31-Jan-11
1015,Aurangabad,Aurangabad,Ginger(Dry),Other,FAQ,1800,2700,2250,30-Jan-11
1016,Aurangabad,Aurangabad,Ginger(Dry),Other,FAQ,2200,2400,2300,29-Jan-11
1017,Aurangabad,Aurangabad,Ginger(Dry),Other,FAQ,2000,2400,2200,27-Jan-11
1018,Aurangabad,Aurangabad,Ginger(Dry),Other,FAQ,2000,2600,2300,26-Jan-11
1019,Aurangabad,Aurangabad,Ginger(Dry),Other,FAQ,2000,2400,2200,25-Jan-11
1020,Aurangabad,Aurangabad,Ginger(Dry),Other,FAQ,2200,2600,2400,24-Jan-11
1021,Aurangabad,Aurangabad,Ginger(Dry),Other,FAQ,2000,2600,2300,23-Jan-11
1022,Aurangabad,Aurangabad,Ginger(Dry),Other,FAQ,2200,2600,2400,22-Jan-11
1023,Aurangabad,Aurangabad,Ginger(Dry),Other,FAQ,2000,2900,2450,20-Jan-11
1024,Aurangabad,Aurangabad,Ginger(Dry),Other,FAQ,1800,2600,2200,19-Jan-11
1025,Aurangabad,Aurangabad,Ginger(Dry),Other,FAQ,2000,2800,2400,18-Jan-11
1026,Aurangabad,Aurangabad,Ginger(Dry),Other,FAQ,2000,2400,2200,17-Jan-11
1027,Aurangabad,Aurangabad,Ginger(Dry),Other,FAQ,2000,3000,2500,16-Jan-11
1028,Aurangabad,Aurangabad,Ginger(Dry),Other,FAQ,2000,2500,2250,15-Jan-11
1029,Aurangabad,Aurangabad,Ginger(Dry),Other,FAQ,1800,2800,2300,13-Jan-11
1030,Aurangabad,Aurangabad,Ginger(Dry),Other,FAQ,2000,2500,2250,12-Jan-11
1031,Aurangabad,Aurangabad,Ginger(Dry),Other,FAQ,2200,2800,2500,11-Jan-11
1032,Aurangabad,Aurangabad,Ginger(Dry),Other,FAQ,2000,2500,2250,10-Jan-11
1033,Aurangabad,Aurangabad,Ginger(Dry),Other,FAQ,2000,2800,2400,9-Jan-11
1034,Aurangabad,Aurangabad,Ginger(Dry),Other,FAQ,2000,2600,2300,8-Jan-11
1035,Aurangabad,Aurangabad,Ginger(Dry),Other,FAQ,2000,2800,2400,6-Jan-11
1036,Aurangabad,Aurangabad,Ginger(Dry),Other,FAQ,2000,2500,2250,5-Jan-11
1037,Aurangabad,Aurangabad,Ginger(Dry),Other,FAQ,2300,2600,2500,4-Jan-11
1038,Aurangabad,Aurangabad,Ginger(Dry),Other,FAQ,2200,2600,2400,3-Jan-11
1039,Aurangabad,Aurangabad,Ginger(Dry),Other,FAQ,2000,2600,2300,2-Jan-11
1040,Aurangabad,Aurangabad,Ginger(Dry),Other,FAQ,2000,2500,2250,1-Jan-11
1041,Aurangabad,Aurangabad,Ginger(Dry),Other,FAQ,1500,2700,2100,30-Dec-10
1042,Aurangabad,Aurangabad,Ginger(Dry),Other,FAQ,2000,2400,2200,29-Dec-10
1043,Aurangabad,Aurangabad,Ginger(Dry),Other,FAQ,2000,2400,2200,28-Dec-10
1044,Aurangabad,Aurangabad,Ginger(Dry),Other,FAQ,2000,2500,2250,27-Dec-10
1045,Aurangabad,Aurangabad,Ginger(Dry),Other,FAQ,1800,2600,2200,26-Dec-10
1046,Aurangabad,Aurangabad,Ginger(Dry),Other,FAQ,2000,2500,2250,25-Dec-10
1047,Aurangabad,Aurangabad,Ginger(Dry),Other,FAQ,1600,2700,2150,23-Dec-10
1048,Aurangabad,Aurangabad,Ginger(Dry),Other,FAQ,2000,2300,2150,22-Dec-10
1049,Aurangabad,Aurangabad,Ginger(Dry),Other,FAQ,2000,2600,2300,21-Dec-10
1050,Aurangabad,Aurangabad,Ginger(Dry),Other,FAQ,2000,2500,2250,20-Dec-10
1051,Aurangabad,Aurangabad,Ginger(Dry),Other,FAQ,1800,2700,2250,19-Dec-10
1052,Aurangabad,Aurangabad,Ginger(Dry),Other,FAQ,2000,2700,2350,18-Dec-10
1053,Aurangabad,Aurangabad,Ginger(Dry),Other,FAQ,1600,2700,2150,16-Dec-10
1054,Aurangabad,Aurangabad,Ginger(Dry),Other,FAQ,2000,2800,2400,15-Dec-10
1055,Aurangabad,Aurangabad,Ginger(Dry),Other,FAQ,2500,3000,2750,14-Dec-10
1056,Aurangabad,Aurangabad,Ginger(Dry),Other,FAQ,2000,2500,2250,13-Dec-10
1057,Aurangabad,Aurangabad,Ginger(Dry),Other,FAQ,2000,2700,2350,12-Dec-10
1058,Aurangabad,Aurangabad,Ginger(Dry),Other,FAQ,2200,2800,2500,11-Dec-10
1059,Aurangabad,Aurangabad,Ginger(Dry),Other,FAQ,2000,3000,2500,9-Dec-10
1060,Aurangabad,Aurangabad,Ginger(Dry),Other,FAQ,2000,3000,2500,8-Dec-10
1061,Aurangabad,Aurangabad,Ginger(Dry),Other,FAQ,2000,2500,2250,7-Dec-10
1062,Aurangabad,Aurangabad,Ginger(Dry),Other,FAQ,1800,2600,2200,6-Dec-10
1063,Aurangabad,Aurangabad,Ginger(Dry),Other,FAQ,2000,2700,2350,5-Dec-10
1064,Aurangabad,Aurangabad,Ginger(Dry),Other,FAQ,2000,3000,2500,4-Dec-10
1065,Aurangabad,Aurangabad,Ginger(Dry),Other,FAQ,1600,2500,2050,2-Dec-10
1066,Aurangabad,Aurangabad,Ginger(Dry),Other,FAQ,2400,2800,2600,1-Dec-10
1067,Aurangabad,Aurangabad,Ginger(Dry),Other,FAQ,2500,3000,2750,30-Nov-10
1068,Aurangabad,Aurangabad,Ginger(Dry),Other,FAQ,2500,3000,2750,29-Nov-10
1069,Aurangabad,Aurangabad,Ginger(Dry),Other,FAQ,1800,3000,2400,28-Nov-10
1070,Aurangabad,Aurangabad,Ginger(Dry),Other,FAQ,2500,3000,2750,27-Nov-10
1071,Aurangabad,Aurangabad,Ginger(Dry),Other,FAQ,2000,3600,2800,25-Nov-10
1072,Aurangabad,Aurangabad,Ginger(Dry),Other,FAQ,2000,2500,2250,24-Nov-10
1073,Aurangabad,Aurangabad,Ginger(Dry),Other,FAQ,2200,2600,2400,23-Nov-10
1074,Aurangabad,Aurangabad,Ginger(Dry),Other,FAQ,2000,3000,2500,22-Nov-10
1075,Aurangabad,Aurangabad,Ginger(Dry),Other,FAQ,2000,2700,2350,21-Nov-10
1076,Aurangabad,Aurangabad,Ginger(Dry),Other,FAQ,2000,2500,2250,20-Nov-10
1077,Aurangabad,Aurangabad,Ginger(Dry),Other,FAQ,1400,2500,1950,18-Nov-10
1078,Aurangabad,Aurangabad,Ginger(Dry),Other,FAQ,3000,3500,3250,17-Nov-10
1079,Aurangabad,Aurangabad,Ginger(Dry),Other,FAQ,2000,3000,2500,16-Nov-10
1080,Aurangabad,Aurangabad,Ginger(Dry),Other,FAQ,2600,3000,2800,15-Nov-10
1081,Aurangabad,Aurangabad,Ginger(Dry),Other,FAQ,2000,3000,2500,14-Nov-10
1082,Aurangabad,Aurangabad,Ginger(Dry),Other,FAQ,2200,3000,2600,13-Nov-10
1083,Aurangabad,Aurangabad,Ginger(Dry),Other,FAQ,2000,3300,2650,11-Nov-10
1084,Aurangabad,Aurangabad,Ginger(Dry),Other,FAQ,2700,3200,2950,10-Nov-10
1085,Aurangabad,Aurangabad,Ginger(Dry),Other,FAQ,2500,3000,2750,9-Nov-10
1086,Aurangabad,Aurangabad,Ginger(Dry),Other,FAQ,2000,3000,2500,8-Nov-10
1087,Aurangabad,Aurangabad,Ginger(Dry),Other,FAQ,2500,3200,2670,7-Nov-10
1088,Aurangabad,Aurangabad,Ginger(Dry),Other,FAQ,2000,3100,2550,4-Nov-10
1089,Aurangabad,Aurangabad,Ginger(Dry),Other,FAQ,2400,3000,2700,3-Nov-10
1090,Aurangabad,Aurangabad,Ginger(Dry),Other,FAQ,2500,3500,3000,2-Nov-10
1091,Aurangabad,Aurangabad,Ginger(Dry),Other,FAQ,2000,3000,2500,1-Nov-10
1092,Aurangabad,Aurangabad,Ginger(Dry),Other,FAQ,2000,3100,2550,31-Oct-10
1093,Aurangabad,Aurangabad,Ginger(Dry),Other,FAQ,2200,3300,2750,30-Oct-10
1094,Aurangabad,Aurangabad,Ginger(Dry),Other,FAQ,2000,2700,2350,28-Oct-10
1095,Aurangabad,Aurangabad,Ginger(Dry),Other,FAQ,2000,3000,2500,27-Oct-10
1096,Aurangabad,Aurangabad,Ginger(Dry),Other,FAQ,2800,3600,3200,26-Oct-10
1097,Aurangabad,Aurangabad,Ginger(Dry),Other,FAQ,2500,3000,2750,25-Oct-10
1098,Aurangabad,Aurangabad,Ginger(Dry),Other,FAQ,2000,3200,2600,24-Oct-10
1099,Aurangabad,Aurangabad,Ginger(Dry),Other,FAQ,2500,3000,2750,23-Oct-10
1100,Aurangabad,Aurangabad,Ginger(Dry),Other,FAQ,2500,3500,3000,21-Oct-10
1101,Aurangabad,Aurangabad,Ginger(Dry),Other,FAQ,2800,3200,3000,20-Oct-10
1102,Aurangabad,Aurangabad,Ginger(Dry),Other,FAQ,2000,3500,2750,19-Oct-10
1103,Aurangabad,Aurangabad,Ginger(Dry),Other,FAQ,2000,3000,2500,18-Oct-10
1104,Aurangabad,Aurangabad,Ginger(Dry),Other,FAQ,1500,2500,2000,17-Oct-10
1105,Aurangabad,Aurangabad,Ginger(Dry),Other,FAQ,2500,3500,3000,16-Oct-10
1106,Aurangabad,Aurangabad,Ginger(Dry),Other,FAQ,1800,3000,2400,14-Oct-10
1107,Aurangabad,Aurangabad,Ginger(Dry),Other,FAQ,3300,3500,3400,13-Oct-10
1108,Aurangabad,Aurangabad,Ginger(Dry),Other,FAQ,2500,3500,3000,12-Oct-10
1109,Aurangabad,Aurangabad,Ginger(Dry),Other,FAQ,3500,4000,3750,11-Oct-10
1110,Aurangabad,Aurangabad,Ginger(Dry),Other,FAQ,2000,4000,3000,10-Oct-10
1111,Aurangabad,Aurangabad,Ginger(Dry),Other,FAQ,3000,4000,3500,9-Oct-10
1112,Aurangabad,Aurangabad,Ginger(Dry),Other,FAQ,2000,4000,3000,7-Oct-10
1113,Aurangabad,Aurangabad,Ginger(Dry),Other,FAQ,2800,3800,3300,6-Oct-10
1114,Aurangabad,Aurangabad,Ginger(Dry),Other,FAQ,3000,4000,3500,5-Oct-10
1115,Aurangabad,Aurangabad,Ginger(Dry),Other,FAQ,2500,3500,3000,4-Oct-10
1116,Aurangabad,Aurangabad,Ginger(Dry),Other,FAQ,2000,3200,2600,3-Oct-10
1117,Aurangabad,Aurangabad,Ginger(Dry),Other,FAQ,3000,3500,3250,2-Oct-10
1118,Aurangabad,Aurangabad,Ginger(Dry),Other,FAQ,2800,4000,3400,30-Sep-10
1119,Aurangabad,Aurangabad,Ginger(Dry),Other,FAQ,3000,3200,3100,29-Sep-10
1120,Aurangabad,Aurangabad,Ginger(Dry),Other,FAQ,3000,3500,3250,28-Sep-10
1121,Aurangabad,Aurangabad,Ginger(Dry),Other,FAQ,2000,3000,2500,27-Sep-10
1122,Aurangabad,Aurangabad,Ginger(Dry),Other,FAQ,2000,3000,2500,26-Sep-10
1123,Aurangabad,Aurangabad,Ginger(Dry),Other,FAQ,2000,3500,2750,25-Sep-10
1124,Aurangabad,Aurangabad,Ginger(Dry),Other,FAQ,1700,2500,2100,23-Sep-10
1125,Aurangabad,Aurangabad,Ginger(Dry),Other,FAQ,3000,3800,3400,22-Sep-10
1126,Aurangabad,Aurangabad,Ginger(Dry),Other,FAQ,3000,4000,3500,21-Sep-10
1127,Aurangabad,Aurangabad,Ginger(Dry),Other,FAQ,3000,4000,3500,20-Sep-10
1128,Aurangabad,Aurangabad,Ginger(Dry),Other,FAQ,3000,3500,3250,19-Sep-10
1129,Aurangabad,Aurangabad,Ginger(Dry),Other,FAQ,3800,4000,3900,18-Sep-10
1130,Aurangabad,Aurangabad,Ginger(Dry),Other,FAQ,3000,4600,3300,16-Sep-10
1131,Aurangabad,Aurangabad,Ginger(Dry),Other,FAQ,3000,4000,3500,15-Sep-10
1132,Aurangabad,Aurangabad,Ginger(Dry),Other,FAQ,3800,4000,3900,14-Sep-10
1133,Aurangabad,Aurangabad,Ginger(Dry),Other,FAQ,3500,4000,3750,13-Sep-10
1134,Aurangabad,Aurangabad,Ginger(Dry),Other,FAQ,3000,4000,3500,12-Sep-10
1135,Aurangabad,Aurangabad,Ginger(Dry),Other,FAQ,3000,4000,3500,11-Sep-10
1136,Aurangabad,Aurangabad,Ginger(Dry),Other,FAQ,3200,3600,3400,9-Sep-10
1137,Aurangabad,Aurangabad,Ginger(Dry),Other,FAQ,3400,3600,3500,8-Sep-10
1138,Aurangabad,Aurangabad,Ginger(Dry),Other,FAQ,3000,3800,3400,7-Sep-10
1139,Aurangabad,Aurangabad,Ginger(Dry),Other,FAQ,3000,3800,3300,6-Sep-10
1140,Aurangabad,Aurangabad,Ginger(Dry),Other,FAQ,3000,4000,3500,5-Sep-10
1141,Aurangabad,Aurangabad,Ginger(Dry),Other,FAQ,3000,4000,3500,4-Sep-10
1142,Aurangabad,Aurangabad,Ginger(Dry),Other,FAQ,2500,4500,3500,2-Sep-10
1143,Aurangabad,Aurangabad,Ginger(Dry),Other,FAQ,3600,4600,4100,1-Sep-10
1144,Aurangabad,Aurangabad,Ginger(Dry),Other,FAQ,4000,4500,4250,31-Aug-10
1145,Aurangabad,Aurangabad,Ginger(Dry),Other,FAQ,3000,5000,4000,30-Aug-10
1146,Aurangabad,Aurangabad,Ginger(Dry),Other,FAQ,4000,5500,4750,29-Aug-10
1147,Aurangabad,Aurangabad,Ginger(Dry),Other,FAQ,2000,3500,2750,28-Aug-10
1148,Aurangabad,Aurangabad,Ginger(Dry),Other,FAQ,3000,3800,3400,26-Aug-10
1149,Aurangabad,Aurangabad,Ginger(Dry),Other,FAQ,3000,4000,3500,25-Aug-10
1150,Aurangabad,Aurangabad,Ginger(Dry),Other,FAQ,3000,4000,3500,24-Aug-10
1151,Aurangabad,Aurangabad,Ginger(Dry),Other,FAQ,3000,3500,3250,23-Aug-10
1152,Aurangabad,Aurangabad,Ginger(Dry),Other,FAQ,3000,3700,3350,22-Aug-10
1153,Aurangabad,Aurangabad,Ginger(Dry),Other,FAQ,3700,4000,3850,19-Aug-10
1154,Aurangabad,Aurangabad,Ginger(Dry),Other,FAQ,3000,4000,3500,18-Aug-10
1155,Aurangabad,Aurangabad,Ginger(Dry),Other,FAQ,3500,4000,3750,17-Aug-10
1156,Aurangabad,Aurangabad,Ginger(Dry),Other,FAQ,3000,4500,3750,16-Aug-10
1157,Aurangabad,Aurangabad,Ginger(Dry),Other,FAQ,3000,4600,3800,15-Aug-10
1158,Aurangabad,Aurangabad,Ginger(Dry),Other,FAQ,3000,4000,3500,14-Aug-10
1159,Aurangabad,Aurangabad,Ginger(Dry),Other,FAQ,3500,4200,3850,12-Aug-10
1160,Aurangabad,Aurangabad,Ginger(Dry),Other,FAQ,2500,3500,3000,11-Aug-10
1161,Aurangabad,Aurangabad,Ginger(Dry),Other,FAQ,3000,4000,3500,10-Aug-10
1162,Aurangabad,Aurangabad,Ginger(Dry),Other,FAQ,3000,3600,3300,8-Aug-10
1163,Aurangabad,Aurangabad,Ginger(Dry),Other,FAQ,3000,4000,3500,7-Aug-10
1164,Aurangabad,Aurangabad,Ginger(Dry),Other,FAQ,3600,4000,3800,5-Aug-10
1165,Aurangabad,Aurangabad,Ginger(Dry),Other,FAQ,3000,4000,3500,4-Aug-10
1166,Aurangabad,Aurangabad,Ginger(Dry),Other,FAQ,3000,3500,3250,3-Aug-10
1167,Aurangabad,Aurangabad,Ginger(Dry),Other,FAQ,3000,4000,3500,2-Aug-10
1168,Aurangabad,Aurangabad,Ginger(Dry),Other,FAQ,4000,4700,4350,1-Aug-10
1169,Aurangabad,Aurangabad,Ginger(Dry),Other,FAQ,3200,4000,3600,31-Jul-10
1170,Aurangabad,Aurangabad,Ginger(Dry),Other,FAQ,3800,4600,4200,29-Jul-10
1171,Aurangabad,Aurangabad,Ginger(Dry),Other,FAQ,2500,3500,3000,28-Jul-10
1172,Aurangabad,Aurangabad,Ginger(Dry),Other,FAQ,3400,3800,3600,27-Jul-10
1173,Aurangabad,Aurangabad,Ginger(Dry),Other,FAQ,3000,4000,3500,26-Jul-10
1174,Aurangabad,Aurangabad,Ginger(Dry),Other,FAQ,2800,4400,3600,25-Jul-10
1175,Aurangabad,Aurangabad,Ginger(Dry),Other,FAQ,2000,4000,3000,24-Jul-10
1176,Aurangabad,Aurangabad,Ginger(Dry),Other,FAQ,2300,4300,3300,22-Jul-10
1177,Aurangabad,Aurangabad,Ginger(Dry),Other,FAQ,3000,4000,3500,20-Jul-10
1178,Aurangabad,Aurangabad,Ginger(Dry),Other,FAQ,3000,4000,3500,19-Jul-10
1179,Aurangabad,Aurangabad,Ginger(Dry),Other,FAQ,3000,3600,3300,18-Jul-10
1180,Aurangabad,Aurangabad,Ginger(Dry),Other,FAQ,3500,4500,4000,17-Jul-10
1181,Aurangabad,Aurangabad,Ginger(Dry),Other,FAQ,3000,4000,3500,14-Jul-10
1182,Aurangabad,Aurangabad,Ginger(Dry),Other,FAQ,3500,4500,4000,13-Jul-10
1183,Aurangabad,Aurangabad,Ginger(Dry),Other,FAQ,3000,4000,3500,12-Jul-10
1184,Aurangabad,Aurangabad,Ginger(Dry),Other,FAQ,3000,4800,3900,11-Jul-10
1185,Aurangabad,Aurangabad,Ginger(Dry),Other,FAQ,3000,4000,3500,10-Jul-10
1186,Aurangabad,Aurangabad,Ginger(Dry),Other,FAQ,4000,5200,4600,8-Jul-10
1187,Aurangabad,Aurangabad,Ginger(Dry),Other,FAQ,3000,4000,3500,7-Jul-10
1188,Aurangabad,Aurangabad,Ginger(Dry),Other,FAQ,3000,5000,4000,6-Jul-10
1189,Aurangabad,Aurangabad,Ginger(Dry),Other,FAQ,3000,4000,3500,5-Jul-10
1190,Aurangabad,Aurangabad,Ginger(Dry),Other,FAQ,4000,4500,4250,4-Jul-10
1191,Aurangabad,Aurangabad,Ginger(Dry),Other,FAQ,3000,5000,4000,3-Jul-10
1192,Aurangabad,Aurangabad,Ginger(Dry),Other,FAQ,3000,5000,4000,1-Jul-10
1193,Aurangabad,Aurangabad,Ginger(Dry),Other,FAQ,4000,5000,4500,30-Jun-10
1194,Aurangabad,Aurangabad,Ginger(Dry),Other,FAQ,3000,4000,3500,29-Jun-10
1195,Aurangabad,Aurangabad,Ginger(Dry),Other,FAQ,4000,5000,4500,28-Jun-10
1196,Aurangabad,Aurangabad,Ginger(Dry),Other,FAQ,3500,4700,4100,27-Jun-10
1197,Aurangabad,Aurangabad,Ginger(Dry),Other,FAQ,4000,6000,5000,26-Jun-10
1198,Aurangabad,Aurangabad,Ginger(Dry),Other,FAQ,4000,5500,4750,24-Jun-10
1199,Aurangabad,Aurangabad,Ginger(Dry),Other,FAQ,4500,5500,5000,23-Jun-10
1200,Aurangabad,Aurangabad,Ginger(Dry),Other,FAQ,4500,5000,4750,22-Jun-10
1201,Aurangabad,Aurangabad,Ginger(Dry),Other,FAQ,4000,5000,4500,21-Jun-10
1202,Aurangabad,Aurangabad,Ginger(Dry),Other,FAQ,4000,5700,4750,20-Jun-10
1203,Aurangabad,Aurangabad,Ginger(Dry),Other,FAQ,3000,5000,4000,19-Jun-10
1204,Aurangabad,Aurangabad,Ginger(Dry),Other,FAQ,3000,5000,4000,17-Jun-10
1205,Aurangabad,Aurangabad,Ginger(Dry),Other,FAQ,3500,4500,4000,16-Jun-10
1206,Aurangabad,Aurangabad,Ginger(Dry),Other,FAQ,3000,4000,3500,15-Jun-10
1207,Aurangabad,Aurangabad,Ginger(Dry),Other,FAQ,3000,4000,3500,14-Jun-10
1208,Aurangabad,Aurangabad,Ginger(Dry),Other,FAQ,3000,4000,3500,13-Jun-10
1209,Aurangabad,Aurangabad,Ginger(Dry),Other,FAQ,3500,4500,4000,12-Jun-10
1210,Aurangabad,Aurangabad,Ginger(Dry),Other,FAQ,3600,4500,4050,10-Jun-10
1211,Aurangabad,Aurangabad,Ginger(Dry),Other,FAQ,3000,5000,4000,9-Jun-10
1212,Aurangabad,Aurangabad,Ginger(Dry),Other,FAQ,2000,4000,3000,8-Jun-10
1213,Aurangabad,Aurangabad,Ginger(Dry),Other,FAQ,3000,4000,3500,7-Jun-10
1214,Aurangabad,Aurangabad,Ginger(Dry),Other,FAQ,3000,4400,3700,6-Jun-10
1215,Aurangabad,Aurangabad,Ginger(Dry),Other,FAQ,3000,4000,3500,5-Jun-10
1216,Aurangabad,Aurangabad,Ginger(Dry),Other,FAQ,3500,4400,3950,3-Jun-10
1217,Aurangabad,Aurangabad,Ginger(Dry),Other,FAQ,3500,4500,4000,2-Jun-10
1218,Aurangabad,Aurangabad,Ginger(Dry),Other,FAQ,2800,4200,3500,1-Jun-10
1219,Aurangabad,Aurangabad,Ginger(Dry),Other,FAQ,3000,4000,3500,31-May-10
1220,Aurangabad,Aurangabad,Ginger(Dry),Other,FAQ,1800,4300,3050,30-May-10
1221,Aurangabad,Aurangabad,Ginger(Dry),Other,FAQ,4000,5000,4500,29-May-10
1222,Aurangabad,Aurangabad,Ginger(Dry),Other,FAQ,2000,4500,3250,27-May-10
1223,Aurangabad,Aurangabad,Ginger(Dry),Other,FAQ,3000,4000,3500,26-May-10
1224,Aurangabad,Aurangabad,Ginger(Dry),Other,FAQ,2500,4500,3500,25-May-10
1225,Aurangabad,Aurangabad,Ginger(Dry),Other,FAQ,2500,4500,3500,24-May-10
1226,Aurangabad,Aurangabad,Ginger(Dry),Other,FAQ,1600,5100,3350,23-May-10
1227,Aurangabad,Aurangabad,Ginger(Dry),Other,FAQ,3500,4500,4000,22-May-10
1228,Aurangabad,Aurangabad,Ginger(Dry),Other,FAQ,2000,4700,3350,20-May-10
1229,Aurangabad,Aurangabad,Ginger(Dry),Other,FAQ,4000,5000,4500,19-May-10
1230,Aurangabad,Aurangabad,Ginger(Dry),Other,FAQ,3000,3500,3250,18-May-10
1231,Aurangabad,Aurangabad,Ginger(Dry),Other,FAQ,1600,4500,3050,17-May-10
1232,Aurangabad,Aurangabad,Ginger(Dry),Other,FAQ,2000,5000,3500,16-May-10
1233,Aurangabad,Aurangabad,Ginger(Dry),Other,FAQ,3000,4000,3500,15-May-10
1234,Aurangabad,Aurangabad,Ginger(Dry),Other,FAQ,1600,4500,3050,13-May-10
1235,Aurangabad,Aurangabad,Ginger(Dry),Other,FAQ,3000,4000,3500,12-May-10
1236,Aurangabad,Aurangabad,Ginger(Dry),Other,FAQ,4000,4500,4250,11-May-10
1237,Aurangabad,Aurangabad,Ginger(Dry),Other,FAQ,2500,4000,3250,10-May-10
1238,Aurangabad,Aurangabad,Ginger(Dry),Other,FAQ,2000,4600,3300,9-May-10
1239,Aurangabad,Aurangabad,Ginger(Dry),Other,FAQ,2500,3500,3000,8-May-10
1240,Aurangabad,Aurangabad,Ginger(Dry),Other,FAQ,1200,3800,2500,6-May-10
1241,Aurangabad,Aurangabad,Ginger(Dry),Other,FAQ,2500,3500,3000,5-May-10
1242,Aurangabad,Aurangabad,Ginger(Dry),Other,FAQ,2000,3000,2500,4-May-10
1243,Aurangabad,Aurangabad,Ginger(Dry),Other,FAQ,2500,3000,2750,3-May-10
1244,Aurangabad,Aurangabad,Ginger(Dry),Other,FAQ,1000,3100,2050,2-May-10
1245,Aurangabad,Aurangabad,Ginger(Dry),Other,FAQ,2500,3000,2750,1-May-10
1246,Aurangabad,Aurangabad,Ginger(Dry),Other,FAQ,1000,3200,2100,29-Apr-10
1247,Aurangabad,Aurangabad,Ginger(Dry),Other,FAQ,2700,2900,2800,28-Apr-10
1248,Aurangabad,Aurangabad,Ginger(Dry),Other,FAQ,2500,3000,2750,27-Apr-10
1249,Aurangabad,Aurangabad,Ginger(Dry),Other,FAQ,1200,3000,2100,26-Apr-10
1250,Aurangabad,Aurangabad,Ginger(Dry),Other,FAQ,1000,3000,2000,25-Apr-10
1251,Aurangabad,Aurangabad,Ginger(Dry),Other,FAQ,2400,2800,2600,24-Apr-10
1252,Aurangabad,Aurangabad,Ginger(Dry),Other,FAQ,1600,3200,2400,22-Apr-10
1253,Aurangabad,Aurangabad,Ginger(Dry),Other,FAQ,2400,3000,2700,21-Apr-10
1254,Aurangabad,Aurangabad,Ginger(Dry),Other,FAQ,2500,2700,2600,20-Apr-10
1255,Aurangabad,Aurangabad,Ginger(Dry),Other,FAQ,2500,3000,2750,19-Apr-10
1256,Aurangabad,Aurangabad,Ginger(Dry),Other,FAQ,1600,3400,2500,18-Apr-10
1257,Aurangabad,Aurangabad,Ginger(Dry),Other,FAQ,2400,2800,2600,17-Apr-10
1258,Aurangabad,Aurangabad,Ginger(Dry),Other,FAQ,1500,3400,2450,15-Apr-10
1259,Aurangabad,Aurangabad,Ginger(Dry),Other,FAQ,2800,3000,2900,14-Apr-10
1260,Aurangabad,Aurangabad,Ginger(Dry),Other,FAQ,1500,2700,2600,13-Apr-10
1261,Aurangabad,Aurangabad,Ginger(Dry),Other,FAQ,2500,3000,2750,12-Apr-10
1262,Aurangabad,Aurangabad,Ginger(Dry),Other,FAQ,2500,3000,2750,10-Apr-10
1263,Aurangabad,Aurangabad,Ginger(Dry),Other,FAQ,2500,3000,2750,3-Apr-10
1264,Aurangabad,Aurangabad,Ginger(Dry),Other,FAQ,1800,3000,2400,1-Apr-10
1265,Aurangabad,Aurangabad,Ginger(Dry),Other,FAQ,2200,2400,2300,31-Mar-10
1266,Aurangabad,Aurangabad,Ginger(Dry),Other,FAQ,2000,2800,2400,30-Mar-10
1267,Aurangabad,Aurangabad,Ginger(Dry),Other,FAQ,2000,3000,2500,29-Mar-10
1268,Aurangabad,Aurangabad,Ginger(Dry),Other,FAQ,2000,3200,2600,28-Mar-10
1269,Aurangabad,Aurangabad,Ginger(Dry),Other,FAQ,2500,3000,2750,27-Mar-10
1270,Aurangabad,Aurangabad,Ginger(Dry),Other,FAQ,1700,3400,2550,25-Mar-10
1271,Aurangabad,Aurangabad,Ginger(Dry),Other,FAQ,2800,3000,2900,24-Mar-10
1272,Aurangabad,Aurangabad,Ginger(Dry),Other,FAQ,2000,3000,2500,23-Mar-10
1273,Aurangabad,Aurangabad,Ginger(Dry),Other,FAQ,2500,3000,2750,22-Mar-10
1274,Aurangabad,Aurangabad,Ginger(Dry),Other,FAQ,2100,3400,2750,21-Mar-10
1275,Aurangabad,Aurangabad,Ginger(Dry),Other,FAQ,2200,2800,2500,20-Mar-10
1276,Aurangabad,Aurangabad,Ginger(Dry),Other,FAQ,2000,3000,2500,18-Mar-10
1277,Aurangabad,Aurangabad,Ginger(Dry),Other,FAQ,1300,2400,1800,17-Mar-10
1278,Aurangabad,Aurangabad,Ginger(Dry),Other,FAQ,2500,3000,2750,16-Mar-10
1279,Aurangabad,Aurangabad,Ginger(Dry),Other,FAQ,2000,3200,2600,15-Mar-10
1280,Aurangabad,Aurangabad,Ginger(Dry),Other,FAQ,1800,2900,2350,14-Mar-10
1281,Aurangabad,Aurangabad,Ginger(Dry),Other,FAQ,2200,2800,2500,13-Mar-10
1282,Aurangabad,Aurangabad,Ginger(Dry),Other,FAQ,2000,3000,2500,11-Mar-10
1283,Aurangabad,Aurangabad,Ginger(Dry),Other,FAQ,2000,3000,2500,10-Mar-10
1284,Aurangabad,Aurangabad,Ginger(Dry),Other,FAQ,2000,2500,2250,9-Mar-10
1285,Aurangabad,Aurangabad,Ginger(Dry),Other,FAQ,2500,3000,2750,8-Mar-10
1286,Aurangabad,Aurangabad,Ginger(Dry),Other,FAQ,1400,2900,2150,7-Mar-10
1287,Aurangabad,Aurangabad,Ginger(Dry),Other,FAQ,1500,2500,2000,6-Mar-10
1288,Aurangabad,Aurangabad,Ginger(Dry),Other,FAQ,1700,3000,2350,4-Mar-10
1289,Aurangabad,Aurangabad,Ginger(Dry),Other,FAQ,2600,2800,2700,3-Mar-10
1290,Aurangabad,Aurangabad,Ginger(Dry),Other,FAQ,2000,2600,2300,2-Mar-10
1291,Aurangabad,Aurangabad,Ginger(Dry),Other,FAQ,1700,2700,2200,28-Feb-10
1292,Aurangabad,Aurangabad,Ginger(Dry),Other,FAQ,2000,2500,2250,27-Feb-10
1293,Aurangabad,Aurangabad,Ginger(Dry),Other,FAQ,2000,2800,2400,25-Feb-10
1294,Aurangabad,Aurangabad,Ginger(Dry),Other,FAQ,2200,2400,2300,24-Feb-10
1295,Aurangabad,Aurangabad,Ginger(Dry),Other,FAQ,2000,3000,2500,23-Feb-10
1296,Aurangabad,Aurangabad,Ginger(Dry),Other,FAQ,2200,2900,2550,22-Feb-10
1297,Aurangabad,Aurangabad,Ginger(Dry),Other,FAQ,2000,2900,2450,21-Feb-10
1298,Aurangabad,Aurangabad,Ginger(Dry),Other,FAQ,2000,3000,2500,20-Feb-10
1299,Aurangabad,Aurangabad,Ginger(Dry),Other,FAQ,2000,2800,2400,18-Feb-10
1300,Aurangabad,Aurangabad,Ginger(Dry),Other,FAQ,2000,2500,2250,17-Feb-10
1301,Aurangabad,Aurangabad,Ginger(Dry),Other,FAQ,2500,2700,2600,16-Feb-10
1302,Aurangabad,Aurangabad,Ginger(Dry),Other,FAQ,1500,2500,2000,15-Feb-10
1303,Aurangabad,Aurangabad,Ginger(Dry),Other,FAQ,1500,2800,2150,14-Feb-10
1304,Aurangabad,Aurangabad,Ginger(Dry),Other,FAQ,2600,2800,2700,13-Feb-10
1305,Aurangabad,Aurangabad,Ginger(Dry),Other,FAQ,1800,2700,2250,11-Feb-10
1306,Aurangabad,Aurangabad,Ginger(Dry),Other,FAQ,2200,2400,2300,10-Feb-10
1307,Aurangabad,Aurangabad,Ginger(Dry),Other,FAQ,2000,3000,2500,9-Feb-10
1308,Aurangabad,Aurangabad,Ginger(Dry),Other,FAQ,2000,2800,2400,8-Feb-10
1309,Aurangabad,Aurangabad,Ginger(Dry),Other,FAQ,1900,2750,2350,7-Feb-10
1310,Aurangabad,Aurangabad,Ginger(Dry),Other,FAQ,2500,2700,2600,6-Feb-10
1311,Aurangabad,Aurangabad,Ginger(Dry),Other,FAQ,2000,3000,2500,4-Feb-10
1312,Aurangabad,Aurangabad,Ginger(Dry),Other,FAQ,2200,2800,2500,3-Feb-10
1313,Aurangabad,Aurangabad,Ginger(Dry),Other,FAQ,2300,2600,2450,2-Feb-10
1314,Aurangabad,Aurangabad,Ginger(Dry),Other,FAQ,1500,2500,2000,1-Feb-10
1315,Aurangabad,Aurangabad,Ginger(Dry),Other,FAQ,1800,2800,2300,31-Jan-10
1316,Aurangabad,Aurangabad,Ginger(Dry),Other,FAQ,2500,3000,2750,30-Jan-10
1317,Aurangabad,Aurangabad,Ginger(Dry),Other,FAQ,1800,3000,2400,28-Jan-10
1318,Aurangabad,Aurangabad,Ginger(Dry),Other,FAQ,2500,2700,2600,27-Jan-10
1319,Aurangabad,Aurangabad,Ginger(Dry),Other,FAQ,2000,3000,2500,26-Jan-10
1320,Aurangabad,Aurangabad,Ginger(Dry),Other,FAQ,1000,1200,1100,25-Jan-10
1321,Aurangabad,Aurangabad,Ginger(Dry),Other,FAQ,1600,3000,2300,24-Jan-10
1322,Aurangabad,Aurangabad,Ginger(Dry),Other,FAQ,2500,2700,2600,23-Jan-10
1323,Aurangabad,Aurangabad,Ginger(Dry),Other,FAQ,1800,2900,2350,21-Jan-10
1324,Aurangabad,Aurangabad,Ginger(Dry),Other,FAQ,2500,3000,2750,20-Jan-10
1325,Aurangabad,Aurangabad,Ginger(Dry),Other,FAQ,2200,2600,2400,19-Jan-10
1326,Aurangabad,Aurangabad,Ginger(Dry),Other,FAQ,2500,3000,2750,18-Jan-10
1327,Aurangabad,Aurangabad,Ginger(Dry),Other,FAQ,2000,3000,2500,17-Jan-10
1328,Aurangabad,Aurangabad,Ginger(Dry),Other,FAQ,2000,2700,2350,16-Jan-10
1329,Aurangabad,Aurangabad,Ginger(Dry),Other,FAQ,2000,3000,2500,14-Jan-10
1330,Aurangabad,Aurangabad,Ginger(Dry),Other,FAQ,2000,2500,2250,13-Jan-10
1331,Aurangabad,Aurangabad,Ginger(Dry),Other,FAQ,1800,2700,2250,12-Jan-10
1332,Aurangabad,Aurangabad,Ginger(Dry),Other,FAQ,2000,2800,2400,11-Jan-10
1333,Aurangabad,Aurangabad,Ginger(Dry),Other,FAQ,1800,3100,2450,10-Jan-10
1334,Aurangabad,Aurangabad,Ginger(Dry),Other,FAQ,2000,2500,2250,9-Jan-10
1335,Aurangabad,Aurangabad,Ginger(Dry),Other,FAQ,1500,3000,2150,7-Jan-10
1336,Aurangabad,Aurangabad,Ginger(Dry),Other,FAQ,1800,2600,2200,6-Jan-10
1337,Aurangabad,Aurangabad,Ginger(Dry),Other,FAQ,2200,2700,2450,5-Jan-10
1338,Aurangabad,Aurangabad,Ginger(Dry),Other,FAQ,2000,3000,2500,4-Jan-10
1339,Aurangabad,Aurangabad,Ginger(Dry),Other,FAQ,1800,3000,2400,3-Jan-10
1340,Aurangabad,Aurangabad,Ginger(Dry),Other,FAQ,2000,3000,2500,2-Jan-10
