"Min,Max,Modal Price from Maharashtra,Parbhani[Jowar(Sorghum)],Parbhani from 01-Jan-2010To24-Oct-2020 (Total-650) (Total-650)",,,,,,,,,
Sl no.,District Name,Market Name,Commodity,Variety,Grade,Min Price (Rs./Quintal),Max Price (Rs./Quintal),Modal Price (Rs./Quintal),Price Date
1,Parbhani,Parbhani,Jowar(Sorghum),Other,FAQ,1700,1900,1850,8-Sep-20
2,Parbhani,Parbhani,Jowar(Sorghum),Other,FAQ,1800,2400,2100,17-Aug-20
3,Parbhani,Parbhani,Jowar(Sorghum),Other,FAQ,1800,2400,1950,6-Aug-20
4,Parbhani,Parbhani,Jowar(Sorghum),Other,FAQ,1800,2200,1900,4-Aug-20
5,Parbhani,Parbhani,Jowar(Sorghum),Other,FAQ,1800,2400,2300,28-Jul-20
6,Parbhani,Parbhani,Jowar(Sorghum),Other,FAQ,1800,2750,2400,23-Jun-20
7,Parbhani,Parbhani,Jowar(Sorghum),Other,FAQ,1850,2700,2300,22-Jun-20
8,Parbhani,Parbhani,Jowar(Sorghum),Other,FAQ,1700,2700,2500,16-Jun-20
9,Parbhani,Parbhani,Jowar(Sorghum),Other,FAQ,1820,2900,2500,15-Jun-20
10,Parbhani,Parbhani,Jowar(Sorghum),Other,FAQ,1800,3000,2500,12-Jun-20
11,Parbhani,Parbhani,Jowar(Sorghum),Other,FAQ,1800,2500,2420,11-Jun-20
12,Parbhani,Parbhani,Jowar(Sorghum),Other,FAQ,1900,2500,2200,5-Jun-20
13,Parbhani,Parbhani,Jowar(Sorghum),Other,FAQ,1900,2600,2420,4-Jun-20
14,Parbhani,Parbhani,Jowar(Sorghum),Other,FAQ,1700,3000,2300,3-Jun-20
15,Parbhani,Parbhani,Jowar(Sorghum),Other,FAQ,1900,2700,2425,2-Jun-20
16,Parbhani,Parbhani,Jowar(Sorghum),Other,FAQ,1840,2600,2365,1-Jun-20
17,Parbhani,Parbhani,Jowar(Sorghum),Other,FAQ,1800,2700,2200,15-May-20
18,Parbhani,Parbhani,Jowar(Sorghum),Other,FAQ,2400,2400,2400,14-May-20
19,Parbhani,Parbhani,Jowar(Sorghum),Other,FAQ,3300,3300,3300,18-Dec-19
20,Parbhani,Parbhani,Jowar(Sorghum),Other,FAQ,2811,2811,2811,6-Apr-19
21,Parbhani,Parbhani,Jowar(Sorghum),Other,FAQ,1850,2100,1950,16-Mar-19
22,Parbhani,Parbhani,Jowar(Sorghum),Other,FAQ,1900,2200,2025,15-Mar-19
23,Parbhani,Parbhani,Jowar(Sorghum),Other,FAQ,2150,2150,2150,20-Feb-19
24,Parbhani,Parbhani,Jowar(Sorghum),Other,FAQ,1600,1600,1600,3-Jul-18
25,Parbhani,Parbhani,Jowar(Sorghum),Other,FAQ,1700,1700,1700,9-May-18
26,Parbhani,Parbhani,Jowar(Sorghum),Other,FAQ,1650,1725,1700,24-Apr-18
27,Parbhani,Parbhani,Jowar(Sorghum),Other,FAQ,1650,1700,1675,19-Apr-18
28,Parbhani,Parbhani,Jowar(Sorghum),Other,FAQ,1600,1675,1650,17-Apr-18
29,Parbhani,Parbhani,Jowar(Sorghum),Other,FAQ,1650,1700,1675,13-Apr-18
30,Parbhani,Parbhani,Jowar(Sorghum),Other,FAQ,1625,1700,1675,12-Apr-18
31,Parbhani,Parbhani,Jowar(Sorghum),Other,FAQ,1650,1700,1675,10-Apr-18
32,Parbhani,Parbhani,Jowar(Sorghum),Other,FAQ,1650,1700,1675,6-Apr-18
33,Parbhani,Parbhani,Jowar(Sorghum),Other,FAQ,1600,1650,1650,4-Apr-18
34,Parbhani,Parbhani,Jowar(Sorghum),Other,FAQ,1650,1700,1675,3-Apr-18
35,Parbhani,Parbhani,Jowar(Sorghum),Other,FAQ,1600,1650,1625,27-Mar-18
36,Parbhani,Parbhani,Jowar(Sorghum),Other,FAQ,1600,1650,1650,23-Mar-18
37,Parbhani,Parbhani,Jowar(Sorghum),Other,FAQ,1550,1650,1650,21-Mar-18
38,Parbhani,Parbhani,Jowar(Sorghum),Other,FAQ,1550,1650,1650,20-Mar-18
39,Parbhani,Parbhani,Jowar(Sorghum),Other,FAQ,1600,1675,1650,19-Mar-18
40,Parbhani,Parbhani,Jowar(Sorghum),Other,FAQ,1650,1725,1700,14-Mar-18
41,Parbhani,Parbhani,Jowar(Sorghum),Other,FAQ,1600,1675,1650,13-Mar-18
42,Parbhani,Parbhani,Jowar(Sorghum),Other,FAQ,1650,1725,1700,12-Mar-18
43,Parbhani,Parbhani,Jowar(Sorghum),Other,FAQ,1650,1725,1700,10-Mar-18
44,Parbhani,Parbhani,Jowar(Sorghum),Other,FAQ,1650,1700,1675,9-Mar-18
45,Parbhani,Parbhani,Jowar(Sorghum),Other,FAQ,1650,1725,1700,8-Mar-18
46,Parbhani,Parbhani,Jowar(Sorghum),Other,FAQ,1500,1650,1600,3-Mar-18
47,Parbhani,Parbhani,Jowar(Sorghum),Other,FAQ,1600,1650,1625,22-Feb-18
48,Parbhani,Parbhani,Jowar(Sorghum),Other,FAQ,1600,1675,1650,6-Feb-18
49,Parbhani,Parbhani,Jowar(Sorghum),Other,FAQ,1675,1725,1700,24-Jan-18
50,Parbhani,Parbhani,Jowar(Sorghum),Other,FAQ,1650,1750,1700,20-Jan-18
51,Parbhani,Parbhani,Jowar(Sorghum),Other,FAQ,1650,1725,1700,13-Jan-18
52,Parbhani,Parbhani,Jowar(Sorghum),Other,FAQ,1550,1750,1700,28-Dec-17
53,Parbhani,Parbhani,Jowar(Sorghum),Other,FAQ,1550,1650,1600,26-Dec-17
54,Parbhani,Parbhani,Jowar(Sorghum),Other,FAQ,1600,1700,1650,21-Dec-17
55,Parbhani,Parbhani,Jowar(Sorghum),Other,FAQ,1650,1700,1675,20-Dec-17
56,Parbhani,Parbhani,Jowar(Sorghum),Other,FAQ,1600,1700,1650,18-Dec-17
57,Parbhani,Parbhani,Jowar(Sorghum),Other,FAQ,1650,1720,1675,16-Dec-17
58,Parbhani,Parbhani,Jowar(Sorghum),Other,FAQ,1550,1700,1650,12-Dec-17
59,Parbhani,Parbhani,Jowar(Sorghum),Other,FAQ,1195,1400,1400,31-Oct-17
60,Parbhani,Parbhani,Jowar(Sorghum),Other,FAQ,1450,1450,1450,20-Oct-17
61,Parbhani,Parbhani,Jowar(Sorghum),Other,FAQ,1179,1576,1400,18-Oct-17
62,Parbhani,Parbhani,Jowar(Sorghum),Other,FAQ,1155,1535,1375,17-Oct-17
63,Parbhani,Parbhani,Jowar(Sorghum),Other,FAQ,1250,1470,1371,14-Oct-17
64,Parbhani,Parbhani,Jowar(Sorghum),Other,FAQ,1151,1450,1390,13-Oct-17
65,Parbhani,Parbhani,Jowar(Sorghum),Other,FAQ,1600,1700,1650,10-Oct-17
66,Parbhani,Parbhani,Jowar(Sorghum),Other,FAQ,1600,1700,1650,9-Oct-17
67,Parbhani,Parbhani,Jowar(Sorghum),Other,FAQ,1600,1725,1700,7-Oct-17
68,Parbhani,Parbhani,Jowar(Sorghum),Other,FAQ,1550,1700,1650,6-Oct-17
69,Parbhani,Parbhani,Jowar(Sorghum),Other,FAQ,1600,1700,1650,5-Oct-17
70,Parbhani,Parbhani,Jowar(Sorghum),Other,FAQ,1600,1675,1650,4-Oct-17
71,Parbhani,Parbhani,Jowar(Sorghum),Other,FAQ,1600,1675,1650,3-Oct-17
72,Parbhani,Parbhani,Jowar(Sorghum),Other,FAQ,1600,1700,1675,29-Sep-17
73,Parbhani,Parbhani,Jowar(Sorghum),Other,FAQ,1675,1700,1675,28-Sep-17
74,Parbhani,Parbhani,Jowar(Sorghum),Other,FAQ,1500,1675,1625,27-Sep-17
75,Parbhani,Parbhani,Jowar(Sorghum),Other,FAQ,1600,1650,1625,26-Sep-17
76,Parbhani,Parbhani,Jowar(Sorghum),Other,FAQ,1650,1700,1675,25-Sep-17
77,Parbhani,Parbhani,Jowar(Sorghum),Other,FAQ,1600,1675,1650,23-Sep-17
78,Parbhani,Parbhani,Jowar(Sorghum),Other,FAQ,1650,1700,1675,22-Sep-17
79,Parbhani,Parbhani,Jowar(Sorghum),Other,FAQ,1650,1700,1675,21-Sep-17
80,Parbhani,Parbhani,Jowar(Sorghum),Other,FAQ,1650,1725,1675,19-Sep-17
81,Parbhani,Parbhani,Jowar(Sorghum),Other,FAQ,1600,1750,1700,18-Sep-17
82,Parbhani,Parbhani,Jowar(Sorghum),Other,FAQ,1600,1725,1700,16-Sep-17
83,Parbhani,Parbhani,Jowar(Sorghum),Other,FAQ,1650,1750,1700,15-Sep-17
84,Parbhani,Parbhani,Jowar(Sorghum),Other,FAQ,1650,1775,1725,14-Sep-17
85,Parbhani,Parbhani,Jowar(Sorghum),Other,FAQ,1650,1750,1700,13-Sep-17
86,Parbhani,Parbhani,Jowar(Sorghum),Other,FAQ,1650,1750,1700,12-Sep-17
87,Parbhani,Parbhani,Jowar(Sorghum),Other,FAQ,1660,1700,1675,11-Sep-17
88,Parbhani,Parbhani,Jowar(Sorghum),Other,FAQ,1650,1750,1700,9-Sep-17
89,Parbhani,Parbhani,Jowar(Sorghum),Other,FAQ,1600,1750,1700,6-Sep-17
90,Parbhani,Parbhani,Jowar(Sorghum),Other,FAQ,1660,1775,1725,5-Sep-17
91,Parbhani,Parbhani,Jowar(Sorghum),Other,FAQ,1600,1700,1650,31-Aug-17
92,Parbhani,Parbhani,Jowar(Sorghum),Other,FAQ,1650,1700,1675,29-Aug-17
93,Parbhani,Parbhani,Jowar(Sorghum),Other,FAQ,1650,1750,1700,28-Aug-17
94,Parbhani,Parbhani,Jowar(Sorghum),Other,FAQ,1650,1750,1700,26-Aug-17
95,Parbhani,Parbhani,Jowar(Sorghum),Other,FAQ,1700,1800,1750,23-Aug-17
96,Parbhani,Parbhani,Jowar(Sorghum),Other,FAQ,1650,1800,1750,16-Aug-17
97,Parbhani,Parbhani,Jowar(Sorghum),Other,FAQ,1650,1800,1700,14-Aug-17
98,Parbhani,Parbhani,Jowar(Sorghum),Other,FAQ,1640,1750,1725,11-Aug-17
99,Parbhani,Parbhani,Jowar(Sorghum),Other,FAQ,1650,1750,1725,10-Aug-17
100,Parbhani,Parbhani,Jowar(Sorghum),Other,FAQ,1550,1800,1750,9-Aug-17
101,Parbhani,Parbhani,Jowar(Sorghum),Other,FAQ,1700,1800,1750,5-Aug-17
102,Parbhani,Parbhani,Jowar(Sorghum),Other,FAQ,1675,1800,1725,4-Aug-17
103,Parbhani,Parbhani,Jowar(Sorghum),Other,FAQ,1675,1750,1725,3-Aug-17
104,Parbhani,Parbhani,Jowar(Sorghum),Other,FAQ,1550,1800,1750,27-Jul-17
105,Parbhani,Parbhani,Jowar(Sorghum),Other,FAQ,1650,1800,1750,24-Jul-17
106,Parbhani,Parbhani,Jowar(Sorghum),Other,FAQ,1600,1750,1700,21-Jul-17
107,Parbhani,Parbhani,Jowar(Sorghum),Other,FAQ,1675,1800,1750,19-Jul-17
108,Parbhani,Parbhani,Jowar(Sorghum),Other,FAQ,1675,1850,1750,15-Jul-17
109,Parbhani,Parbhani,Jowar(Sorghum),Other,FAQ,1675,1800,1750,14-Jul-17
110,Parbhani,Parbhani,Jowar(Sorghum),Other,FAQ,1650,1725,1700,11-Jul-17
111,Parbhani,Parbhani,Jowar(Sorghum),Other,FAQ,1650,1800,1750,7-Jul-17
112,Parbhani,Parbhani,Jowar(Sorghum),Other,FAQ,1650,1650,1650,29-Jun-17
113,Parbhani,Parbhani,Jowar(Sorghum),Other,FAQ,1650,1750,1700,28-Jun-17
114,Parbhani,Parbhani,Jowar(Sorghum),Other,FAQ,1650,1750,1700,12-Jun-17
115,Parbhani,Parbhani,Jowar(Sorghum),Other,FAQ,1650,1650,1650,6-Jun-17
116,Parbhani,Parbhani,Jowar(Sorghum),Other,FAQ,1650,1800,1750,26-May-17
117,Parbhani,Parbhani,Jowar(Sorghum),Other,FAQ,1650,1800,1750,23-May-17
118,Parbhani,Parbhani,Jowar(Sorghum),Other,FAQ,1650,1800,1700,20-May-17
119,Parbhani,Parbhani,Jowar(Sorghum),Other,FAQ,1650,1750,1725,16-May-17
120,Parbhani,Parbhani,Jowar(Sorghum),Other,FAQ,1650,1750,1700,15-May-17
121,Parbhani,Parbhani,Jowar(Sorghum),Other,FAQ,1650,1800,1700,13-May-17
122,Parbhani,Parbhani,Jowar(Sorghum),Other,FAQ,1650,1750,1700,12-May-17
123,Parbhani,Parbhani,Jowar(Sorghum),Other,FAQ,1650,1750,1700,11-May-17
124,Parbhani,Parbhani,Jowar(Sorghum),Other,FAQ,1650,1850,1775,9-May-17
125,Parbhani,Parbhani,Jowar(Sorghum),Other,FAQ,1650,1825,1750,8-May-17
126,Parbhani,Parbhani,Jowar(Sorghum),Other,FAQ,1675,1800,1750,6-May-17
127,Parbhani,Parbhani,Jowar(Sorghum),Other,FAQ,1675,1800,1750,5-May-17
128,Parbhani,Parbhani,Jowar(Sorghum),Other,FAQ,1675,1825,1800,3-May-17
129,Parbhani,Parbhani,Jowar(Sorghum),Other,FAQ,1675,1825,1800,2-May-17
130,Parbhani,Parbhani,Jowar(Sorghum),Other,FAQ,1650,1800,1700,29-Apr-17
131,Parbhani,Parbhani,Jowar(Sorghum),Other,FAQ,1675,1800,1750,25-Apr-17
132,Parbhani,Parbhani,Jowar(Sorghum),Other,FAQ,1675,1750,1725,24-Apr-17
133,Parbhani,Parbhani,Jowar(Sorghum),Other,FAQ,1650,1800,1700,22-Apr-17
134,Parbhani,Parbhani,Jowar(Sorghum),Other,FAQ,1675,1800,1750,21-Apr-17
135,Parbhani,Parbhani,Jowar(Sorghum),Other,FAQ,1700,1800,1750,20-Apr-17
136,Parbhani,Parbhani,Jowar(Sorghum),Other,FAQ,1650,1750,1700,18-Apr-17
137,Parbhani,Parbhani,Jowar(Sorghum),Other,FAQ,1650,1700,1680,17-Apr-17
138,Parbhani,Parbhani,Jowar(Sorghum),Other,FAQ,1650,1800,1700,15-Apr-17
139,Parbhani,Parbhani,Jowar(Sorghum),Other,FAQ,1650,1800,1750,12-Apr-17
140,Parbhani,Parbhani,Jowar(Sorghum),Other,FAQ,1650,1800,1750,10-Apr-17
141,Parbhani,Parbhani,Jowar(Sorghum),Other,FAQ,1650,1800,1750,7-Apr-17
142,Parbhani,Parbhani,Jowar(Sorghum),Other,FAQ,1650,1825,1800,6-Apr-17
143,Parbhani,Parbhani,Jowar(Sorghum),Other,FAQ,1650,1800,1700,5-Apr-17
144,Parbhani,Parbhani,Jowar(Sorghum),Other,FAQ,1650,1800,1750,3-Apr-17
145,Parbhani,Parbhani,Jowar(Sorghum),Other,FAQ,1675,1800,1750,1-Apr-17
146,Parbhani,Parbhani,Jowar(Sorghum),Other,FAQ,1675,1800,1750,31-Mar-17
147,Parbhani,Parbhani,Jowar(Sorghum),Other,FAQ,1650,1800,1700,29-Mar-17
148,Parbhani,Parbhani,Jowar(Sorghum),Other,FAQ,1700,2000,1900,27-Mar-17
149,Parbhani,Parbhani,Jowar(Sorghum),Other,FAQ,1650,2000,1800,23-Mar-17
150,Parbhani,Parbhani,Jowar(Sorghum),Other,FAQ,1600,1800,1700,16-Mar-17
151,Parbhani,Parbhani,Jowar(Sorghum),Other,FAQ,1650,1900,1800,15-Mar-17
152,Parbhani,Parbhani,Jowar(Sorghum),Other,FAQ,1850,2150,2100,12-Jan-17
153,Parbhani,Parbhani,Jowar(Sorghum),Other,FAQ,1950,2200,2150,11-Jan-17
154,Parbhani,Parbhani,Jowar(Sorghum),Other,FAQ,1800,2200,2100,9-Jan-17
155,Parbhani,Parbhani,Jowar(Sorghum),Other,FAQ,1900,2200,2150,7-Jan-17
156,Parbhani,Parbhani,Jowar(Sorghum),Other,FAQ,1600,2100,1800,6-Jan-17
157,Parbhani,Parbhani,Jowar(Sorghum),Other,FAQ,2000,2200,2150,5-Jan-17
158,Parbhani,Parbhani,Jowar(Sorghum),Other,FAQ,1900,2200,2100,4-Jan-17
159,Parbhani,Parbhani,Jowar(Sorghum),Other,FAQ,1800,2200,2100,3-Jan-17
160,Parbhani,Parbhani,Jowar(Sorghum),Other,FAQ,1900,2200,2075,2-Jan-17
161,Parbhani,Parbhani,Jowar(Sorghum),Other,FAQ,1800,2100,2050,31-Dec-16
162,Parbhani,Parbhani,Jowar(Sorghum),Other,FAQ,1800,2000,1950,30-Dec-16
163,Parbhani,Parbhani,Jowar(Sorghum),Other,FAQ,1800,2100,2050,29-Dec-16
164,Parbhani,Parbhani,Jowar(Sorghum),Other,FAQ,2000,2200,2100,27-Dec-16
165,Parbhani,Parbhani,Jowar(Sorghum),Other,FAQ,1900,2200,2000,22-Dec-16
166,Parbhani,Parbhani,Jowar(Sorghum),Other,FAQ,1850,2100,1950,21-Dec-16
167,Parbhani,Parbhani,Jowar(Sorghum),Other,FAQ,1900,2100,2000,20-Dec-16
168,Parbhani,Parbhani,Jowar(Sorghum),Other,FAQ,1800,2200,1900,19-Dec-16
169,Parbhani,Parbhani,Jowar(Sorghum),Other,FAQ,1900,2200,2100,17-Dec-16
170,Parbhani,Parbhani,Jowar(Sorghum),Other,FAQ,1900,2100,2000,16-Dec-16
171,Parbhani,Parbhani,Jowar(Sorghum),Other,FAQ,1800,1950,1900,15-Dec-16
172,Parbhani,Parbhani,Jowar(Sorghum),Other,FAQ,1750,1950,1900,14-Dec-16
173,Parbhani,Parbhani,Jowar(Sorghum),Other,FAQ,1800,2000,1950,10-Dec-16
174,Parbhani,Parbhani,Jowar(Sorghum),Other,FAQ,1825,2020,1900,8-Dec-16
175,Parbhani,Parbhani,Jowar(Sorghum),Other,FAQ,1800,1950,1850,7-Dec-16
176,Parbhani,Parbhani,Jowar(Sorghum),Other,FAQ,1800,2000,1900,6-Dec-16
177,Parbhani,Parbhani,Jowar(Sorghum),Other,FAQ,1800,2000,1900,3-Dec-16
178,Parbhani,Parbhani,Jowar(Sorghum),Other,FAQ,1800,2200,2050,2-Dec-16
179,Parbhani,Parbhani,Jowar(Sorghum),Other,FAQ,1800,2150,2000,1-Dec-16
180,Parbhani,Parbhani,Jowar(Sorghum),Other,FAQ,1825,2100,2000,30-Nov-16
181,Parbhani,Parbhani,Jowar(Sorghum),Other,FAQ,1700,1850,1800,28-Nov-16
182,Parbhani,Parbhani,Jowar(Sorghum),Other,FAQ,1675,1800,1750,26-Nov-16
183,Parbhani,Parbhani,Jowar(Sorghum),Other,FAQ,1700,1890,1800,24-Nov-16
184,Parbhani,Parbhani,Jowar(Sorghum),Other,FAQ,1700,2000,1900,21-Nov-16
185,Parbhani,Parbhani,Jowar(Sorghum),Other,FAQ,1675,2000,1900,19-Nov-16
186,Parbhani,Parbhani,Jowar(Sorghum),Other,FAQ,1670,1785,1775,12-Nov-16
187,Parbhani,Parbhani,Jowar(Sorghum),Other,FAQ,1700,1950,1850,11-Nov-16
188,Parbhani,Parbhani,Jowar(Sorghum),Other,FAQ,1750,1950,1900,10-Nov-16
189,Parbhani,Parbhani,Jowar(Sorghum),Other,FAQ,1700,1975,1850,9-Nov-16
190,Parbhani,Parbhani,Jowar(Sorghum),Other,FAQ,1675,1850,1780,7-Nov-16
191,Parbhani,Parbhani,Jowar(Sorghum),Other,FAQ,1650,1900,1850,5-Nov-16
192,Parbhani,Parbhani,Jowar(Sorghum),Other,FAQ,1700,1900,1775,4-Nov-16
193,Parbhani,Parbhani,Jowar(Sorghum),Other,FAQ,1675,1950,1850,2-Nov-16
194,Parbhani,Parbhani,Jowar(Sorghum),Other,FAQ,1650,1900,1850,1-Nov-16
195,Parbhani,Parbhani,Jowar(Sorghum),Other,FAQ,1650,1800,1750,27-Oct-16
196,Parbhani,Parbhani,Jowar(Sorghum),Other,FAQ,1700,1800,1760,17-Oct-16
197,Parbhani,Parbhani,Jowar(Sorghum),Other,FAQ,1675,1675,1675,15-Oct-16
198,Parbhani,Parbhani,Jowar(Sorghum),Other,FAQ,1690,1750,1700,14-Oct-16
199,Parbhani,Parbhani,Jowar(Sorghum),Other,FAQ,1650,1780,1700,10-Oct-16
200,Parbhani,Parbhani,Jowar(Sorghum),Other,FAQ,1650,1780,1725,8-Oct-16
201,Parbhani,Parbhani,Jowar(Sorghum),Other,FAQ,1660,1775,1720,5-Oct-16
202,Parbhani,Parbhani,Jowar(Sorghum),Other,FAQ,1650,1720,1700,4-Oct-16
203,Parbhani,Parbhani,Jowar(Sorghum),Other,FAQ,1650,1725,1700,3-Oct-16
204,Parbhani,Parbhani,Jowar(Sorghum),Other,FAQ,1670,1780,1725,1-Oct-16
205,Parbhani,Parbhani,Jowar(Sorghum),Other,FAQ,1650,1740,1700,29-Sep-16
206,Parbhani,Parbhani,Jowar(Sorghum),Other,FAQ,1650,1750,1710,28-Sep-16
207,Parbhani,Parbhani,Jowar(Sorghum),Other,FAQ,1625,1750,1720,27-Sep-16
208,Parbhani,Parbhani,Jowar(Sorghum),Other,FAQ,1650,1800,1750,26-Sep-16
209,Parbhani,Parbhani,Jowar(Sorghum),Other,FAQ,1655,1790,1740,23-Sep-16
210,Parbhani,Parbhani,Jowar(Sorghum),Other,FAQ,1640,1700,1680,21-Sep-16
211,Parbhani,Parbhani,Jowar(Sorghum),Other,FAQ,1625,1725,1700,20-Sep-16
212,Parbhani,Parbhani,Jowar(Sorghum),Other,FAQ,1650,1800,1750,19-Sep-16
213,Parbhani,Parbhani,Jowar(Sorghum),Other,FAQ,1650,1790,1740,16-Sep-16
214,Parbhani,Parbhani,Jowar(Sorghum),Other,FAQ,1625,1780,1730,14-Sep-16
215,Parbhani,Parbhani,Jowar(Sorghum),Other,FAQ,1690,1750,1725,12-Sep-16
216,Parbhani,Parbhani,Jowar(Sorghum),Other,FAQ,1700,1780,1750,10-Sep-16
217,Parbhani,Parbhani,Jowar(Sorghum),Other,FAQ,1650,1790,1730,8-Sep-16
218,Parbhani,Parbhani,Jowar(Sorghum),Other,FAQ,1625,1700,1680,7-Sep-16
219,Parbhani,Parbhani,Jowar(Sorghum),Other,FAQ,1625,1785,1700,6-Sep-16
220,Parbhani,Parbhani,Jowar(Sorghum),Other,FAQ,1675,1800,1740,29-Aug-16
221,Parbhani,Parbhani,Jowar(Sorghum),Other,FAQ,1675,1750,1700,27-Aug-16
222,Parbhani,Parbhani,Jowar(Sorghum),Other,FAQ,1650,1780,1700,26-Aug-16
223,Parbhani,Parbhani,Jowar(Sorghum),Other,FAQ,1650,1775,1700,24-Aug-16
224,Parbhani,Parbhani,Jowar(Sorghum),Other,FAQ,1680,1750,1720,23-Aug-16
225,Parbhani,Parbhani,Jowar(Sorghum),Other,FAQ,1675,1750,1700,22-Aug-16
226,Parbhani,Parbhani,Jowar(Sorghum),Other,FAQ,1650,1700,1680,20-Aug-16
227,Parbhani,Parbhani,Jowar(Sorghum),Other,FAQ,1700,1725,1700,19-Aug-16
228,Parbhani,Parbhani,Jowar(Sorghum),Other,FAQ,1675,1800,1750,13-Aug-16
229,Parbhani,Parbhani,Jowar(Sorghum),Other,FAQ,1650,1800,1725,12-Aug-16
230,Parbhani,Parbhani,Jowar(Sorghum),Other,FAQ,1675,1800,1740,11-Aug-16
231,Parbhani,Parbhani,Jowar(Sorghum),Other,FAQ,1675,1825,1775,10-Aug-16
232,Parbhani,Parbhani,Jowar(Sorghum),Other,FAQ,1650,1790,1750,9-Aug-16
233,Parbhani,Parbhani,Jowar(Sorghum),Other,FAQ,1650,1800,1770,8-Aug-16
234,Parbhani,Parbhani,Jowar(Sorghum),Other,FAQ,1650,1825,1785,6-Aug-16
235,Parbhani,Parbhani,Jowar(Sorghum),Other,FAQ,1600,1800,1700,5-Aug-16
236,Parbhani,Parbhani,Jowar(Sorghum),Other,FAQ,1625,1750,1730,4-Aug-16
237,Parbhani,Parbhani,Jowar(Sorghum),Other,FAQ,1590,1775,1700,3-Aug-16
238,Parbhani,Parbhani,Jowar(Sorghum),Other,FAQ,1600,1825,1700,1-Aug-16
239,Parbhani,Parbhani,Jowar(Sorghum),Other,FAQ,1625,1790,1740,30-Jul-16
240,Parbhani,Parbhani,Jowar(Sorghum),Other,FAQ,1600,1800,1775,29-Jul-16
241,Parbhani,Parbhani,Jowar(Sorghum),Other,FAQ,1600,1800,1750,28-Jul-16
242,Parbhani,Parbhani,Jowar(Sorghum),Other,FAQ,1600,1800,1750,27-Jul-16
243,Parbhani,Parbhani,Jowar(Sorghum),Other,FAQ,1600,1750,1700,26-Jul-16
244,Parbhani,Parbhani,Jowar(Sorghum),Other,FAQ,1600,1775,1700,25-Jul-16
245,Parbhani,Parbhani,Jowar(Sorghum),Other,FAQ,1600,1750,1700,23-Jul-16
246,Parbhani,Parbhani,Jowar(Sorghum),Other,FAQ,1600,1800,1750,21-Jul-16
247,Parbhani,Parbhani,Jowar(Sorghum),Other,FAQ,1590,1750,1675,20-Jul-16
248,Parbhani,Parbhani,Jowar(Sorghum),Other,FAQ,1600,1750,1700,19-Jul-16
249,Parbhani,Parbhani,Jowar(Sorghum),Other,FAQ,1595,1750,1700,18-Jul-16
250,Parbhani,Parbhani,Jowar(Sorghum),Other,FAQ,1590,1700,1675,16-Jul-16
251,Parbhani,Parbhani,Jowar(Sorghum),Other,FAQ,1600,1765,1750,14-Jul-16
252,Parbhani,Parbhani,Jowar(Sorghum),Other,FAQ,1590,1750,1700,13-Jul-16
253,Parbhani,Parbhani,Jowar(Sorghum),Other,FAQ,1590,1850,1775,12-Jul-16
254,Parbhani,Parbhani,Jowar(Sorghum),Other,FAQ,1675,1800,1750,9-Jul-16
255,Parbhani,Parbhani,Jowar(Sorghum),Other,FAQ,1700,1810,1785,8-Jul-16
256,Parbhani,Parbhani,Jowar(Sorghum),Other,FAQ,1700,1825,1765,7-Jul-16
257,Parbhani,Parbhani,Jowar(Sorghum),Other,FAQ,1650,1770,1720,2-Jul-16
258,Parbhani,Parbhani,Jowar(Sorghum),Other,FAQ,1680,1775,1720,1-Jul-16
259,Parbhani,Parbhani,Jowar(Sorghum),Other,FAQ,1630,1870,1760,30-Jun-16
260,Parbhani,Parbhani,Jowar(Sorghum),Other,FAQ,1590,1850,1785,29-Jun-16
261,Parbhani,Parbhani,Jowar(Sorghum),Other,FAQ,1625,1780,1700,28-Jun-16
262,Parbhani,Parbhani,Jowar(Sorghum),Other,FAQ,1625,1700,1660,27-Jun-16
263,Parbhani,Parbhani,Jowar(Sorghum),Other,FAQ,1600,1775,1680,25-Jun-16
264,Parbhani,Parbhani,Jowar(Sorghum),Other,FAQ,1590,1800,1725,24-Jun-16
265,Parbhani,Parbhani,Jowar(Sorghum),Other,FAQ,1600,1750,1700,23-Jun-16
266,Parbhani,Parbhani,Jowar(Sorghum),Other,FAQ,1600,1700,1680,18-Jun-16
267,Parbhani,Parbhani,Jowar(Sorghum),Other,FAQ,1600,1750,1675,17-Jun-16
268,Parbhani,Parbhani,Jowar(Sorghum),Other,FAQ,1600,1700,1675,16-Jun-16
269,Parbhani,Parbhani,Jowar(Sorghum),Other,FAQ,1625,1760,1700,15-Jun-16
270,Parbhani,Parbhani,Jowar(Sorghum),Other,FAQ,1600,1750,1700,14-Jun-16
271,Parbhani,Parbhani,Jowar(Sorghum),Other,FAQ,1700,1750,1725,13-Jun-16
272,Parbhani,Parbhani,Jowar(Sorghum),Other,FAQ,1600,1750,1700,11-Jun-16
273,Parbhani,Parbhani,Jowar(Sorghum),Other,FAQ,1600,1800,1700,10-Jun-16
274,Parbhani,Parbhani,Jowar(Sorghum),Other,FAQ,1650,1800,1700,9-Jun-16
275,Parbhani,Parbhani,Jowar(Sorghum),Other,FAQ,1590,1800,1700,8-Jun-16
276,Parbhani,Parbhani,Jowar(Sorghum),Other,FAQ,1590,1700,1650,7-Jun-16
277,Parbhani,Parbhani,Jowar(Sorghum),Other,FAQ,1600,1750,1700,6-Jun-16
278,Parbhani,Parbhani,Jowar(Sorghum),Other,FAQ,1595,1700,1600,3-Jun-16
279,Parbhani,Parbhani,Jowar(Sorghum),Other,FAQ,1590,1700,1600,2-Jun-16
280,Parbhani,Parbhani,Jowar(Sorghum),Other,FAQ,1600,1750,1700,1-Jun-16
281,Parbhani,Parbhani,Jowar(Sorghum),Other,FAQ,1600,1800,1700,31-May-16
282,Parbhani,Parbhani,Jowar(Sorghum),Other,FAQ,1600,1750,1675,30-May-16
283,Parbhani,Parbhani,Jowar(Sorghum),Other,FAQ,1590,1750,1690,27-May-16
284,Parbhani,Parbhani,Jowar(Sorghum),Other,FAQ,1595,1700,1650,26-May-16
285,Parbhani,Parbhani,Jowar(Sorghum),Other,FAQ,1590,1800,1700,25-May-16
286,Parbhani,Parbhani,Jowar(Sorghum),Other,FAQ,1590,1700,1650,24-May-16
287,Parbhani,Parbhani,Jowar(Sorghum),Other,FAQ,1595,1700,1650,23-May-16
288,Parbhani,Parbhani,Jowar(Sorghum),Other,FAQ,1590,1725,1650,19-May-16
289,Parbhani,Parbhani,Jowar(Sorghum),Other,FAQ,1590,1700,1675,13-May-16
290,Parbhani,Parbhani,Jowar(Sorghum),Other,FAQ,1595,1700,1600,12-May-16
291,Parbhani,Parbhani,Jowar(Sorghum),Other,FAQ,1595,1700,1600,11-May-16
292,Parbhani,Parbhani,Jowar(Sorghum),Other,FAQ,1590,1700,1660,10-May-16
293,Parbhani,Parbhani,Jowar(Sorghum),Other,FAQ,1590,1791,1650,9-May-16
294,Parbhani,Parbhani,Jowar(Sorghum),Other,FAQ,1590,1700,1600,5-May-16
295,Parbhani,Parbhani,Jowar(Sorghum),Other,FAQ,1590,1750,1700,4-May-16
296,Parbhani,Parbhani,Jowar(Sorghum),Other,FAQ,1595,1800,1700,3-May-16
297,Parbhani,Parbhani,Jowar(Sorghum),Other,FAQ,1590,1775,1700,2-May-16
298,Parbhani,Parbhani,Jowar(Sorghum),Other,FAQ,1600,1750,1700,30-Apr-16
299,Parbhani,Parbhani,Jowar(Sorghum),Other,FAQ,1590,1775,1650,26-Apr-16
300,Parbhani,Parbhani,Jowar(Sorghum),Other,FAQ,1590,1750,1660,25-Apr-16
301,Parbhani,Parbhani,Jowar(Sorghum),Other,FAQ,1600,1800,1700,16-Apr-16
302,Parbhani,Parbhani,Jowar(Sorghum),Other,FAQ,1600,1800,1750,13-Apr-16
303,Parbhani,Parbhani,Jowar(Sorghum),Other,FAQ,1600,1750,1700,12-Apr-16
304,Parbhani,Parbhani,Jowar(Sorghum),Other,FAQ,1590,1700,1650,11-Apr-16
305,Parbhani,Parbhani,Jowar(Sorghum),Other,FAQ,1650,1800,1750,6-Apr-16
306,Parbhani,Parbhani,Jowar(Sorghum),Other,FAQ,1650,1800,1725,5-Apr-16
307,Parbhani,Parbhani,Jowar(Sorghum),Other,FAQ,1600,1800,1700,4-Apr-16
308,Parbhani,Parbhani,Jowar(Sorghum),Other,FAQ,1600,1800,1700,1-Apr-16
309,Parbhani,Parbhani,Jowar(Sorghum),Other,FAQ,1600,1775,1700,31-Mar-16
310,Parbhani,Parbhani,Jowar(Sorghum),Other,FAQ,1600,1750,1675,30-Mar-16
311,Parbhani,Parbhani,Jowar(Sorghum),Other,FAQ,1600,1725,1700,29-Mar-16
312,Parbhani,Parbhani,Jowar(Sorghum),Other,FAQ,1600,1750,1700,28-Mar-16
313,Parbhani,Parbhani,Jowar(Sorghum),Other,FAQ,1600,1750,1700,26-Mar-16
314,Parbhani,Parbhani,Jowar(Sorghum),Other,FAQ,1600,1800,1750,22-Mar-16
315,Parbhani,Parbhani,Jowar(Sorghum),Other,FAQ,1590,1750,1600,21-Mar-16
316,Parbhani,Parbhani,Jowar(Sorghum),Other,FAQ,1590,1750,1600,19-Mar-16
317,Parbhani,Parbhani,Jowar(Sorghum),Other,FAQ,1600,1750,1675,18-Mar-16
318,Parbhani,Parbhani,Jowar(Sorghum),Other,FAQ,1600,1700,1670,17-Mar-16
319,Parbhani,Parbhani,Jowar(Sorghum),Other,FAQ,1590,1700,1680,16-Mar-16
320,Parbhani,Parbhani,Jowar(Sorghum),Other,FAQ,1590,1700,1660,15-Mar-16
321,Parbhani,Parbhani,Jowar(Sorghum),Other,FAQ,1590,1700,1660,11-Mar-16
322,Parbhani,Parbhani,Jowar(Sorghum),Other,FAQ,1595,1750,1650,10-Mar-16
323,Parbhani,Parbhani,Jowar(Sorghum),Other,FAQ,1590,1700,1600,9-Mar-16
324,Parbhani,Parbhani,Jowar(Sorghum),Other,FAQ,1590,1700,1600,5-Mar-16
325,Parbhani,Parbhani,Jowar(Sorghum),Other,FAQ,1590,1675,1600,4-Mar-16
326,Parbhani,Parbhani,Jowar(Sorghum),Other,FAQ,1590,1700,1600,3-Mar-16
327,Parbhani,Parbhani,Jowar(Sorghum),Other,FAQ,1590,1600,1590,1-Mar-16
328,Parbhani,Parbhani,Jowar(Sorghum),Other,FAQ,1590,1650,1600,29-Feb-16
329,Parbhani,Parbhani,Jowar(Sorghum),Other,FAQ,1590,1650,1595,27-Feb-16
330,Parbhani,Parbhani,Jowar(Sorghum),Other,FAQ,1600,1700,1625,16-Nov-15
331,Parbhani,Parbhani,Jowar(Sorghum),Other,FAQ,1600,1650,1650,14-Nov-15
332,Parbhani,Parbhani,Jowar(Sorghum),Other,FAQ,1600,1700,1675,21-Oct-15
333,Parbhani,Parbhani,Jowar(Sorghum),Other,FAQ,1600,1725,1700,20-Oct-15
334,Parbhani,Parbhani,Jowar(Sorghum),Other,FAQ,1575,1700,1600,4-Sep-15
335,Parbhani,Parbhani,Jowar(Sorghum),Other,FAQ,1550,1650,1575,3-Sep-15
336,Parbhani,Parbhani,Jowar(Sorghum),Other,FAQ,1550,1700,1600,28-Aug-15
337,Parbhani,Parbhani,Jowar(Sorghum),Other,FAQ,1580,1700,1650,27-Aug-15
338,Parbhani,Parbhani,Jowar(Sorghum),Other,FAQ,1550,1800,1700,26-Aug-15
339,Parbhani,Parbhani,Jowar(Sorghum),Other,FAQ,1550,1750,1600,25-Aug-15
340,Parbhani,Parbhani,Jowar(Sorghum),Other,FAQ,1550,1700,1600,24-Aug-15
341,Parbhani,Parbhani,Jowar(Sorghum),Other,FAQ,1550,1700,1600,22-Aug-15
342,Parbhani,Parbhani,Jowar(Sorghum),Other,FAQ,1550,1700,1600,20-Aug-15
343,Parbhani,Parbhani,Jowar(Sorghum),Other,FAQ,1550,1800,1700,19-Aug-15
344,Parbhani,Parbhani,Jowar(Sorghum),Other,FAQ,1550,1800,1600,13-Aug-15
345,Parbhani,Parbhani,Jowar(Sorghum),Other,FAQ,1550,1800,1650,12-Aug-15
346,Parbhani,Parbhani,Jowar(Sorghum),Other,FAQ,1550,1700,1600,10-Aug-15
347,Parbhani,Parbhani,Jowar(Sorghum),Other,FAQ,1550,1600,1560,8-Aug-15
348,Parbhani,Parbhani,Jowar(Sorghum),Other,FAQ,1550,1800,1600,6-Aug-15
349,Parbhani,Parbhani,Jowar(Sorghum),Other,FAQ,1550,1800,1600,3-Aug-15
350,Parbhani,Parbhani,Jowar(Sorghum),Other,FAQ,1550,1700,1600,1-Aug-15
351,Parbhani,Parbhani,Jowar(Sorghum),Other,FAQ,1550,1800,1700,31-Jul-15
352,Parbhani,Parbhani,Jowar(Sorghum),Other,FAQ,1550,1700,1600,23-Jul-15
353,Parbhani,Parbhani,Jowar(Sorghum),Other,FAQ,1550,1800,1700,20-Jul-15
354,Parbhani,Parbhani,Jowar(Sorghum),Other,FAQ,1550,1700,1650,15-Jul-15
355,Parbhani,Parbhani,Jowar(Sorghum),Other,FAQ,1550,1700,1600,13-Jul-15
356,Parbhani,Parbhani,Jowar(Sorghum),Other,FAQ,1550,1650,1575,9-Jul-15
357,Parbhani,Parbhani,Jowar(Sorghum),Other,FAQ,1550,1650,1625,7-Jul-15
358,Parbhani,Parbhani,Jowar(Sorghum),Other,FAQ,1550,1700,1600,6-Jul-15
359,Parbhani,Parbhani,Jowar(Sorghum),Other,FAQ,1550,1700,1600,4-Jul-15
360,Parbhani,Parbhani,Jowar(Sorghum),Other,FAQ,1550,1800,1700,2-Jul-15
361,Parbhani,Parbhani,Jowar(Sorghum),Other,FAQ,1550,1800,1600,1-Jul-15
362,Parbhani,Parbhani,Jowar(Sorghum),Other,FAQ,1550,1800,1700,27-Jun-15
363,Parbhani,Parbhani,Jowar(Sorghum),Other,FAQ,1600,1600,1600,15-Jun-15
364,Parbhani,Parbhani,Jowar(Sorghum),Other,FAQ,1550,1800,1600,11-Jun-15
365,Parbhani,Parbhani,Jowar(Sorghum),Other,FAQ,1550,1700,1600,8-Jun-15
366,Parbhani,Parbhani,Jowar(Sorghum),Other,FAQ,1560,1900,1700,28-May-15
367,Parbhani,Parbhani,Jowar(Sorghum),Other,FAQ,1560,1800,1700,27-May-15
368,Parbhani,Parbhani,Jowar(Sorghum),Other,FAQ,1600,2000,1800,26-May-15
369,Parbhani,Parbhani,Jowar(Sorghum),Other,FAQ,1550,1700,1600,20-May-15
370,Parbhani,Parbhani,Jowar(Sorghum),Other,FAQ,1550,1900,1800,19-May-15
371,Parbhani,Parbhani,Jowar(Sorghum),Other,FAQ,1550,1650,1600,15-May-15
372,Parbhani,Parbhani,Jowar(Sorghum),Other,FAQ,1550,1700,1600,14-May-15
373,Parbhani,Parbhani,Jowar(Sorghum),Other,FAQ,1550,1700,1650,12-May-15
374,Parbhani,Parbhani,Jowar(Sorghum),Other,FAQ,1550,1700,1600,11-May-15
375,Parbhani,Parbhani,Jowar(Sorghum),Other,FAQ,1560,1700,1650,9-May-15
376,Parbhani,Parbhani,Jowar(Sorghum),Other,FAQ,1560,1700,1600,7-May-15
377,Parbhani,Parbhani,Jowar(Sorghum),Other,FAQ,1550,1700,1650,6-May-15
378,Parbhani,Parbhani,Jowar(Sorghum),Other,FAQ,1550,1800,1700,2-May-15
379,Parbhani,Parbhani,Jowar(Sorghum),Other,FAQ,1550,1750,1700,30-Apr-15
380,Parbhani,Parbhani,Jowar(Sorghum),Other,FAQ,1560,1700,1600,29-Apr-15
381,Parbhani,Parbhani,Jowar(Sorghum),Other,FAQ,1550,1800,1675,28-Apr-15
382,Parbhani,Parbhani,Jowar(Sorghum),Other,FAQ,1550,1700,1600,27-Apr-15
383,Parbhani,Parbhani,Jowar(Sorghum),Other,FAQ,1550,1700,1600,24-Apr-15
384,Parbhani,Parbhani,Jowar(Sorghum),Other,FAQ,1550,1600,1575,23-Apr-15
385,Parbhani,Parbhani,Jowar(Sorghum),Other,FAQ,1550,1700,1600,22-Apr-15
386,Parbhani,Parbhani,Jowar(Sorghum),Other,FAQ,1600,1700,1600,21-Apr-15
387,Parbhani,Parbhani,Jowar(Sorghum),Other,FAQ,1550,1700,1675,20-Apr-15
388,Parbhani,Parbhani,Jowar(Sorghum),Other,FAQ,1560,1700,1600,9-Apr-15
389,Parbhani,Parbhani,Jowar(Sorghum),Other,FAQ,1570,1650,1600,8-Apr-15
390,Parbhani,Parbhani,Jowar(Sorghum),Other,FAQ,1580,1700,1625,6-Apr-15
391,Parbhani,Parbhani,Jowar(Sorghum),Other,FAQ,1625,1700,1675,30-Mar-15
392,Parbhani,Parbhani,Jowar(Sorghum),Other,FAQ,1600,1700,1650,27-Mar-15
393,Parbhani,Parbhani,Jowar(Sorghum),Other,FAQ,1625,1700,1650,26-Mar-15
394,Parbhani,Parbhani,Jowar(Sorghum),Other,FAQ,1550,1700,1600,25-Mar-15
395,Parbhani,Parbhani,Jowar(Sorghum),Other,FAQ,1550,1700,1650,19-Mar-15
396,Parbhani,Parbhani,Jowar(Sorghum),Other,FAQ,1600,1700,1650,18-Mar-15
397,Parbhani,Parbhani,Jowar(Sorghum),Other,FAQ,1560,1800,1650,17-Mar-15
398,Parbhani,Parbhani,Jowar(Sorghum),Other,FAQ,1600,1700,1650,16-Mar-15
399,Parbhani,Parbhani,Jowar(Sorghum),Other,FAQ,1560,1800,1650,14-Mar-15
400,Parbhani,Parbhani,Jowar(Sorghum),Other,FAQ,1600,1800,1600,13-Mar-15
401,Parbhani,Parbhani,Jowar(Sorghum),Other,FAQ,1560,1800,1700,11-Mar-15
402,Parbhani,Parbhani,Jowar(Sorghum),Other,FAQ,1560,1700,1600,10-Mar-15
403,Parbhani,Parbhani,Jowar(Sorghum),Other,FAQ,1700,1700,1700,20-Dec-14
404,Parbhani,Parbhani,Jowar(Sorghum),Other,FAQ,1520,1900,1800,11-Apr-14
405,Parbhani,Parbhani,Jowar(Sorghum),Other,FAQ,1625,1900,1800,7-Apr-14
406,Parbhani,Parbhani,Jowar(Sorghum),Other,FAQ,1525,2000,1700,27-Mar-14
407,Parbhani,Parbhani,Jowar(Sorghum),Other,FAQ,2000,2200,2100,14-Mar-14
408,Parbhani,Parbhani,Jowar(Sorghum),Other,FAQ,1700,1800,1750,7-Mar-14
409,Parbhani,Parbhani,Jowar(Sorghum),Other,FAQ,1700,1850,1775,5-Mar-14
410,Parbhani,Parbhani,Jowar(Sorghum),Other,FAQ,1600,1850,1725,4-Mar-14
411,Parbhani,Parbhani,Jowar(Sorghum),Other,FAQ,1600,1750,1675,26-Feb-14
412,Parbhani,Parbhani,Jowar(Sorghum),Other,FAQ,1600,1750,1700,25-Feb-14
413,Parbhani,Parbhani,Jowar(Sorghum),Other,FAQ,1550,1750,1650,24-Feb-14
414,Parbhani,Parbhani,Jowar(Sorghum),Other,FAQ,1550,1700,1625,22-Feb-14
415,Parbhani,Parbhani,Jowar(Sorghum),Other,FAQ,1575,1700,1625,20-Feb-14
416,Parbhani,Parbhani,Jowar(Sorghum),Other,FAQ,1575,1675,1600,18-Feb-14
417,Parbhani,Parbhani,Jowar(Sorghum),Other,FAQ,1550,1700,1625,17-Feb-14
418,Parbhani,Parbhani,Jowar(Sorghum),Other,FAQ,1550,1750,1650,15-Feb-14
419,Parbhani,Parbhani,Jowar(Sorghum),Other,FAQ,1575,1750,1675,14-Feb-14
420,Parbhani,Parbhani,Jowar(Sorghum),Other,FAQ,1600,1700,1650,13-Feb-14
421,Parbhani,Parbhani,Jowar(Sorghum),Other,FAQ,1600,1725,1640,12-Feb-14
422,Parbhani,Parbhani,Jowar(Sorghum),Other,FAQ,1580,1725,1660,11-Feb-14
423,Parbhani,Parbhani,Jowar(Sorghum),Other,FAQ,1575,1700,1600,10-Feb-14
424,Parbhani,Parbhani,Jowar(Sorghum),Other,FAQ,1575,1680,1605,8-Feb-14
425,Parbhani,Parbhani,Jowar(Sorghum),Other,FAQ,1575,1660,1610,6-Feb-14
426,Parbhani,Parbhani,Jowar(Sorghum),Other,FAQ,1550,1600,1570,4-Feb-14
427,Parbhani,Parbhani,Jowar(Sorghum),Other,FAQ,1550,1650,1600,3-Feb-14
428,Parbhani,Parbhani,Jowar(Sorghum),Other,FAQ,1550,1600,1575,1-Feb-14
429,Parbhani,Parbhani,Jowar(Sorghum),Other,FAQ,1525,1540,1535,29-Jan-14
430,Parbhani,Parbhani,Jowar(Sorghum),Other,FAQ,1540,1550,1540,18-Jan-14
431,Parbhani,Parbhani,Jowar(Sorghum),Other,FAQ,1520,1530,1525,16-Jan-14
432,Parbhani,Parbhani,Jowar(Sorghum),Other,FAQ,1540,1570,1555,15-Jan-14
433,Parbhani,Parbhani,Jowar(Sorghum),Other,FAQ,1535,1560,1540,9-Jan-14
434,Parbhani,Parbhani,Jowar(Sorghum),Other,FAQ,1601,1601,1601,7-Jan-14
435,Parbhani,Parbhani,Jowar(Sorghum),Other,FAQ,1550,1700,1625,30-Dec-13
436,Parbhani,Parbhani,Jowar(Sorghum),Other,FAQ,1540,1560,1540,27-Dec-13
437,Parbhani,Parbhani,Jowar(Sorghum),Other,FAQ,1530,1580,1550,26-Dec-13
438,Parbhani,Parbhani,Jowar(Sorghum),Other,FAQ,1550,1575,1560,24-Dec-13
439,Parbhani,Parbhani,Jowar(Sorghum),Other,FAQ,1525,1600,1575,23-Dec-13
440,Parbhani,Parbhani,Jowar(Sorghum),Other,FAQ,1575,1600,1590,21-Dec-13
441,Parbhani,Parbhani,Jowar(Sorghum),Other,FAQ,1550,1625,1575,20-Dec-13
442,Parbhani,Parbhani,Jowar(Sorghum),Other,FAQ,1555,1625,1570,19-Dec-13
443,Parbhani,Parbhani,Jowar(Sorghum),Other,FAQ,1550,1650,1575,18-Dec-13
444,Parbhani,Parbhani,Jowar(Sorghum),Other,FAQ,1775,1775,1775,29-Nov-13
445,Parbhani,Parbhani,Jowar(Sorghum),Other,FAQ,1520,1520,1520,27-Jul-13
446,Parbhani,Parbhani,Jowar(Sorghum),Other,FAQ,1520,1520,1520,13-Jul-13
447,Parbhani,Parbhani,Jowar(Sorghum),Other,FAQ,1520,1520,1520,1-Jul-13
448,Parbhani,Parbhani,Jowar(Sorghum),Other,FAQ,1520,1600,1560,26-Jun-13
449,Parbhani,Parbhani,Jowar(Sorghum),Other,FAQ,1700,1700,1700,11-Jun-13
450,Parbhani,Parbhani,Jowar(Sorghum),Other,FAQ,1400,1400,1400,4-Jun-13
451,Parbhani,Parbhani,Jowar(Sorghum),Other,FAQ,1525,1525,1525,17-Apr-13
452,Parbhani,Parbhani,Jowar(Sorghum),Other,FAQ,1600,1600,1600,8-Apr-13
453,Parbhani,Parbhani,Jowar(Sorghum),Other,FAQ,1520,1520,1520,3-Apr-13
454,Parbhani,Parbhani,Jowar(Sorghum),Other,FAQ,1500,1500,1500,21-Mar-13
455,Parbhani,Parbhani,Jowar(Sorghum),Other,FAQ,1800,1800,1800,20-Mar-13
456,Parbhani,Parbhani,Jowar(Sorghum),Other,FAQ,1500,1500,1500,16-Mar-13
457,Parbhani,Parbhani,Jowar(Sorghum),Other,FAQ,1525,1525,1525,13-Mar-13
458,Parbhani,Parbhani,Jowar(Sorghum),Other,FAQ,1535,1535,1535,24-Jan-13
459,Parbhani,Parbhani,Jowar(Sorghum),Other,FAQ,1500,1550,1525,22-Jan-13
460,Parbhani,Parbhani,Jowar(Sorghum),Other,FAQ,1550,1600,1575,14-Jan-13
461,Parbhani,Parbhani,Jowar(Sorghum),Other,FAQ,1550,1600,1575,12-Jan-13
462,Parbhani,Parbhani,Jowar(Sorghum),Other,FAQ,1530,1570,1540,11-Jan-13
463,Parbhani,Parbhani,Jowar(Sorghum),Other,FAQ,1475,1475,1475,8-Jan-13
464,Parbhani,Parbhani,Jowar(Sorghum),Other,FAQ,1520,1550,1530,7-Jan-13
465,Parbhani,Parbhani,Jowar(Sorghum),Other,FAQ,1530,1530,1530,3-Jan-13
466,Parbhani,Parbhani,Jowar(Sorghum),Other,FAQ,1500,1575,1535,2-Jan-13
467,Parbhani,Parbhani,Jowar(Sorghum),Other,FAQ,1450,1520,1460,1-Jan-13
468,Parbhani,Parbhani,Jowar(Sorghum),Other,FAQ,1520,1600,1550,15-Dec-12
469,Parbhani,Parbhani,Jowar(Sorghum),Other,FAQ,1520,1520,1520,13-Dec-12
470,Parbhani,Parbhani,Jowar(Sorghum),Other,FAQ,1520,1520,1520,12-Dec-12
471,Parbhani,Parbhani,Jowar(Sorghum),Other,FAQ,1520,1520,1520,11-Dec-12
472,Parbhani,Parbhani,Jowar(Sorghum),Other,FAQ,1520,1520,1520,10-Dec-12
473,Parbhani,Parbhani,Jowar(Sorghum),Other,FAQ,1500,1500,1500,20-Nov-12
474,Parbhani,Parbhani,Jowar(Sorghum),Other,FAQ,1525,1525,1525,19-Nov-12
475,Parbhani,Parbhani,Jowar(Sorghum),Other,FAQ,1400,1500,1450,7-Nov-12
476,Parbhani,Parbhani,Jowar(Sorghum),Other,FAQ,1000,1000,1000,6-Nov-12
477,Parbhani,Parbhani,Jowar(Sorghum),Other,FAQ,1200,1200,1200,27-Oct-12
478,Parbhani,Parbhani,Jowar(Sorghum),Other,FAQ,1500,1500,1500,22-Oct-12
479,Parbhani,Parbhani,Jowar(Sorghum),Other,FAQ,1500,1500,1500,20-Oct-12
480,Parbhani,Parbhani,Jowar(Sorghum),Other,FAQ,1500,1500,1500,19-Oct-12
481,Parbhani,Parbhani,Jowar(Sorghum),Other,FAQ,1400,1500,1450,17-Oct-12
482,Parbhani,Parbhani,Jowar(Sorghum),Other,FAQ,1520,1520,1520,11-Oct-12
483,Parbhani,Parbhani,Jowar(Sorghum),Other,FAQ,1400,1400,1400,10-Oct-12
484,Parbhani,Parbhani,Jowar(Sorghum),Other,FAQ,1200,1200,1200,8-Oct-12
485,Parbhani,Parbhani,Jowar(Sorghum),Other,FAQ,1500,1500,1500,6-Oct-12
486,Parbhani,Parbhani,Jowar(Sorghum),Other,FAQ,1100,1250,1150,5-Oct-12
487,Parbhani,Parbhani,Jowar(Sorghum),Other,FAQ,1200,1200,1200,4-Oct-12
488,Parbhani,Parbhani,Jowar(Sorghum),Other,FAQ,1300,1300,1300,1-Oct-12
489,Parbhani,Parbhani,Jowar(Sorghum),Other,FAQ,1400,1500,1450,20-Sep-12
490,Parbhani,Parbhani,Jowar(Sorghum),Other,FAQ,1200,1500,1400,18-Sep-12
491,Parbhani,Parbhani,Jowar(Sorghum),Other,FAQ,1400,1400,1400,14-Sep-12
492,Parbhani,Parbhani,Jowar(Sorghum),Other,FAQ,1200,1200,1200,13-Sep-12
493,Parbhani,Parbhani,Jowar(Sorghum),Other,FAQ,1300,1300,1300,12-Sep-12
494,Parbhani,Parbhani,Jowar(Sorghum),Other,FAQ,1500,1500,1500,10-Sep-12
495,Parbhani,Parbhani,Jowar(Sorghum),Other,FAQ,1400,1400,1400,7-Sep-12
496,Parbhani,Parbhani,Jowar(Sorghum),Other,FAQ,1450,1500,1475,5-Sep-12
497,Parbhani,Parbhani,Jowar(Sorghum),Other,FAQ,1400,1500,1450,3-Sep-12
498,Parbhani,Parbhani,Jowar(Sorghum),Other,FAQ,1300,1300,1300,1-Sep-12
499,Parbhani,Parbhani,Jowar(Sorghum),Other,FAQ,1100,1100,1100,28-Aug-12
500,Parbhani,Parbhani,Jowar(Sorghum),Other,FAQ,1100,1100,1100,27-Aug-12
501,Parbhani,Parbhani,Jowar(Sorghum),Other,FAQ,1300,1300,1300,25-Aug-12
502,Parbhani,Parbhani,Jowar(Sorghum),Other,FAQ,1400,1400,1400,24-Aug-12
503,Parbhani,Parbhani,Jowar(Sorghum),Other,FAQ,1250,1300,1275,23-Aug-12
504,Parbhani,Parbhani,Jowar(Sorghum),Other,FAQ,1425,1425,1425,22-Aug-12
505,Parbhani,Parbhani,Jowar(Sorghum),Other,FAQ,1300,1400,1350,21-Aug-12
506,Parbhani,Parbhani,Jowar(Sorghum),Other,FAQ,1425,1425,1425,14-Aug-12
507,Parbhani,Parbhani,Jowar(Sorghum),Other,FAQ,1200,1300,1250,13-Aug-12
508,Parbhani,Parbhani,Jowar(Sorghum),Other,FAQ,1200,1300,1250,10-Aug-12
509,Parbhani,Parbhani,Jowar(Sorghum),Other,FAQ,1400,1400,1400,8-Aug-12
510,Parbhani,Parbhani,Jowar(Sorghum),Other,FAQ,1300,1300,1300,7-Aug-12
511,Parbhani,Parbhani,Jowar(Sorghum),Other,FAQ,1350,1400,1375,6-Aug-12
512,Parbhani,Parbhani,Jowar(Sorghum),Other,FAQ,1250,1250,1250,4-Aug-12
513,Parbhani,Parbhani,Jowar(Sorghum),Other,FAQ,1300,1400,1350,3-Aug-12
514,Parbhani,Parbhani,Jowar(Sorghum),Other,FAQ,1300,1300,1300,30-Jul-12
515,Parbhani,Parbhani,Jowar(Sorghum),Other,FAQ,1300,1400,1350,28-Jul-12
516,Parbhani,Parbhani,Jowar(Sorghum),Other,FAQ,1250,1400,1325,27-Jul-12
517,Parbhani,Parbhani,Jowar(Sorghum),Other,FAQ,1400,1400,1400,25-Jul-12
518,Parbhani,Parbhani,Jowar(Sorghum),Other,FAQ,1400,1650,1550,24-Jul-12
519,Parbhani,Parbhani,Jowar(Sorghum),Other,FAQ,1400,1600,1500,21-Jul-12
520,Parbhani,Parbhani,Jowar(Sorghum),Other,FAQ,1500,1750,1750,20-Jul-12
521,Parbhani,Parbhani,Jowar(Sorghum),Other,FAQ,1400,1500,1450,19-Jul-12
522,Parbhani,Parbhani,Jowar(Sorghum),Other,FAQ,1200,1500,1300,17-Jul-12
523,Parbhani,Parbhani,Jowar(Sorghum),Other,FAQ,1300,1500,1400,16-Jul-12
524,Parbhani,Parbhani,Jowar(Sorghum),Other,FAQ,1300,1300,1300,13-Jul-12
525,Parbhani,Parbhani,Jowar(Sorghum),Other,FAQ,1000,1150,1150,10-Jul-12
526,Parbhani,Parbhani,Jowar(Sorghum),Other,FAQ,1300,1400,1350,9-Jul-12
527,Parbhani,Parbhani,Jowar(Sorghum),Other,FAQ,1000,1000,1000,7-Jul-12
528,Parbhani,Parbhani,Jowar(Sorghum),Other,FAQ,1000,1000,1000,5-Jul-12
529,Parbhani,Parbhani,Jowar(Sorghum),Other,FAQ,1700,1900,1800,4-Jul-12
530,Parbhani,Parbhani,Jowar(Sorghum),Other,FAQ,1500,1600,1500,2-Jul-12
531,Parbhani,Parbhani,Jowar(Sorghum),Other,FAQ,1050,1050,1050,25-Jun-12
532,Parbhani,Parbhani,Jowar(Sorghum),Other,FAQ,1225,1400,1225,21-Jun-12
533,Parbhani,Parbhani,Jowar(Sorghum),Other,FAQ,1000,1000,1000,11-Jun-12
534,Parbhani,Parbhani,Jowar(Sorghum),Other,FAQ,1300,1300,1300,7-Jun-12
535,Parbhani,Parbhani,Jowar(Sorghum),Other,FAQ,1500,1600,1500,29-May-12
536,Parbhani,Parbhani,Jowar(Sorghum),Other,FAQ,1200,1400,1300,23-May-12
537,Parbhani,Parbhani,Jowar(Sorghum),Other,FAQ,1800,1800,1800,11-May-12
538,Parbhani,Parbhani,Jowar(Sorghum),Other,FAQ,1600,1800,1700,10-May-12
539,Parbhani,Parbhani,Jowar(Sorghum),Other,FAQ,1400,1600,1500,8-May-12
540,Parbhani,Parbhani,Jowar(Sorghum),Other,FAQ,1000,1050,1025,7-May-12
541,Parbhani,Parbhani,Jowar(Sorghum),Other,FAQ,1800,1800,1800,5-May-12
542,Parbhani,Parbhani,Jowar(Sorghum),Other,FAQ,1800,1800,1800,3-May-12
543,Parbhani,Parbhani,Jowar(Sorghum),Other,FAQ,1800,2000,1900,25-Apr-12
544,Parbhani,Parbhani,Jowar(Sorghum),Other,FAQ,1900,1900,1900,23-Apr-12
545,Parbhani,Parbhani,Jowar(Sorghum),Other,FAQ,1700,1900,1800,18-Apr-12
546,Parbhani,Parbhani,Jowar(Sorghum),Other,FAQ,1800,1900,1850,4-Apr-12
547,Parbhani,Parbhani,Jowar(Sorghum),Other,FAQ,1800,1800,1800,30-Mar-12
548,Parbhani,Parbhani,Jowar(Sorghum),Other,FAQ,1900,2050,2050,27-Mar-12
549,Parbhani,Parbhani,Jowar(Sorghum),Other,FAQ,1700,1800,1700,24-Mar-12
550,Parbhani,Parbhani,Jowar(Sorghum),Other,FAQ,1800,1800,1800,20-Mar-12
551,Parbhani,Parbhani,Jowar(Sorghum),Other,FAQ,1751,1970,1781,15-Mar-12
552,Parbhani,Parbhani,Jowar(Sorghum),Other,FAQ,1800,1851,1851,12-Mar-12
553,Parbhani,Parbhani,Jowar(Sorghum),Other,FAQ,1700,1950,1750,5-Mar-12
554,Parbhani,Parbhani,Jowar(Sorghum),Other,FAQ,2000,2000,2000,21-Nov-11
555,Parbhani,Parbhani,Jowar(Sorghum),Other,FAQ,2000,2000,2000,14-Nov-11
556,Parbhani,Parbhani,Jowar(Sorghum),Other,FAQ,2200,2200,2200,20-Oct-11
557,Parbhani,Parbhani,Jowar(Sorghum),Other,FAQ,2200,2200,2200,30-Sep-11
558,Parbhani,Parbhani,Jowar(Sorghum),Other,FAQ,1900,1900,1900,23-Sep-11
559,Parbhani,Parbhani,Jowar(Sorghum),Other,FAQ,2000,2000,2000,20-Sep-11
560,Parbhani,Parbhani,Jowar(Sorghum),Other,FAQ,1800,1800,1800,19-Sep-11
561,Parbhani,Parbhani,Jowar(Sorghum),Other,FAQ,2200,2200,2200,16-Sep-11
562,Parbhani,Parbhani,Jowar(Sorghum),Other,FAQ,2400,2400,2400,13-Sep-11
563,Parbhani,Parbhani,Jowar(Sorghum),Other,FAQ,1700,1700,1700,12-Sep-11
564,Parbhani,Parbhani,Jowar(Sorghum),Other,FAQ,2400,2400,2400,2-Sep-11
565,Parbhani,Parbhani,Jowar(Sorghum),Other,FAQ,1851,1851,1851,18-Aug-11
566,Parbhani,Parbhani,Jowar(Sorghum),Other,FAQ,2300,2300,2300,5-Aug-11
567,Parbhani,Parbhani,Jowar(Sorghum),Other,FAQ,2500,2500,2500,2-Aug-11
568,Parbhani,Parbhani,Jowar(Sorghum),Other,FAQ,1751,1751,1751,29-Jul-11
569,Parbhani,Parbhani,Jowar(Sorghum),Other,FAQ,2400,2400,2400,28-Jul-11
570,Parbhani,Parbhani,Jowar(Sorghum),Other,FAQ,2861,3091,2861,29-Apr-11
571,Parbhani,Parbhani,Jowar(Sorghum),Other,FAQ,1700,1700,1700,7-Feb-11
572,Parbhani,Parbhani,Jowar(Sorghum),Other,FAQ,1600,1600,1600,28-Jan-11
573,Parbhani,Parbhani,Jowar(Sorghum),Other,FAQ,1600,1600,1600,27-Jan-11
574,Parbhani,Parbhani,Jowar(Sorghum),Other,FAQ,1500,1600,1600,24-Jan-11
575,Parbhani,Parbhani,Jowar(Sorghum),Other,FAQ,1600,1600,1600,22-Jan-11
576,Parbhani,Parbhani,Jowar(Sorghum),Other,FAQ,1825,1825,1825,21-Jan-11
577,Parbhani,Parbhani,Jowar(Sorghum),Other,FAQ,1600,1600,1600,18-Jan-11
578,Parbhani,Parbhani,Jowar(Sorghum),Other,FAQ,1500,1500,1500,12-Jan-11
579,Parbhani,Parbhani,Jowar(Sorghum),Other,FAQ,1500,1600,1500,11-Jan-11
580,Parbhani,Parbhani,Jowar(Sorghum),Other,FAQ,1500,1600,1500,10-Jan-11
581,Parbhani,Parbhani,Jowar(Sorghum),Other,FAQ,1500,1630,1500,5-Jan-11
582,Parbhani,Parbhani,Jowar(Sorghum),Other,FAQ,1400,1600,1500,3-Jan-11
583,Parbhani,Parbhani,Jowar(Sorghum),Other,FAQ,1650,1700,1650,1-Jan-11
584,Parbhani,Parbhani,Jowar(Sorghum),Other,FAQ,1300,1500,1400,23-Dec-10
585,Parbhani,Parbhani,Jowar(Sorghum),Other,FAQ,1450,1450,1450,22-Dec-10
586,Parbhani,Parbhani,Jowar(Sorghum),Other,FAQ,1540,1540,1540,13-Dec-10
587,Parbhani,Parbhani,Jowar(Sorghum),Other,FAQ,1350,1400,1350,10-Dec-10
588,Parbhani,Parbhani,Jowar(Sorghum),Other,FAQ,1250,1325,1250,8-Dec-10
589,Parbhani,Parbhani,Jowar(Sorghum),Other,FAQ,1175,1200,1175,7-Dec-10
590,Parbhani,Parbhani,Jowar(Sorghum),Other,FAQ,1200,1200,1200,6-Dec-10
591,Parbhani,Parbhani,Jowar(Sorghum),Other,FAQ,1250,1300,1275,3-Dec-10
592,Parbhani,Parbhani,Jowar(Sorghum),Other,FAQ,1250,1250,1250,2-Dec-10
593,Parbhani,Parbhani,Jowar(Sorghum),Other,FAQ,1250,1300,1280,29-Nov-10
594,Parbhani,Parbhani,Jowar(Sorghum),Other,FAQ,1150,1300,1250,26-Nov-10
595,Parbhani,Parbhani,Jowar(Sorghum),Other,FAQ,1300,1350,1325,24-Nov-10
596,Parbhani,Parbhani,Jowar(Sorghum),Other,FAQ,1300,1350,1325,23-Nov-10
597,Parbhani,Parbhani,Jowar(Sorghum),Other,FAQ,1150,1300,1200,22-Nov-10
598,Parbhani,Parbhani,Jowar(Sorghum),Other,FAQ,1000,1175,1125,15-Nov-10
599,Parbhani,Parbhani,Jowar(Sorghum),Other,FAQ,980,1100,1000,13-Nov-10
600,Parbhani,Parbhani,Jowar(Sorghum),Other,FAQ,1000,1100,1000,1-Nov-10
601,Parbhani,Parbhani,Jowar(Sorghum),Other,FAQ,1000,1150,1100,29-Oct-10
602,Parbhani,Parbhani,Jowar(Sorghum),Other,FAQ,1050,1100,1050,26-Oct-10
603,Parbhani,Parbhani,Jowar(Sorghum),Other,FAQ,1000,1000,1000,25-Oct-10
604,Parbhani,Parbhani,Jowar(Sorghum),Other,FAQ,880,880,880,21-Oct-10
605,Parbhani,Parbhani,Jowar(Sorghum),Other,FAQ,1050,1100,1050,20-Oct-10
606,Parbhani,Parbhani,Jowar(Sorghum),Other,FAQ,980,1000,980,13-Oct-10
607,Parbhani,Parbhani,Jowar(Sorghum),Other,FAQ,880,880,880,11-Oct-10
608,Parbhani,Parbhani,Jowar(Sorghum),Other,FAQ,990,1100,1000,9-Oct-10
609,Parbhani,Parbhani,Jowar(Sorghum),Other,FAQ,950,1050,1000,27-Sep-10
610,Parbhani,Parbhani,Jowar(Sorghum),Other,FAQ,990,1100,1080,24-Sep-10
611,Parbhani,Parbhani,Jowar(Sorghum),Other,FAQ,900,1000,925,3-Sep-10
612,Parbhani,Parbhani,Jowar(Sorghum),Other,FAQ,1000,1100,1025,28-Aug-10
613,Parbhani,Parbhani,Jowar(Sorghum),Other,FAQ,1000,1050,1000,27-Aug-10
614,Parbhani,Parbhani,Jowar(Sorghum),Other,FAQ,900,1050,900,25-Aug-10
615,Parbhani,Parbhani,Jowar(Sorghum),Other,FAQ,1100,1200,1125,20-Aug-10
616,Parbhani,Parbhani,Jowar(Sorghum),Other,FAQ,1000,1200,1050,17-Aug-10
617,Parbhani,Parbhani,Jowar(Sorghum),Other,FAQ,1000,1200,1125,10-Aug-10
618,Parbhani,Parbhani,Jowar(Sorghum),Other,FAQ,950,950,950,3-Aug-10
619,Parbhani,Parbhani,Jowar(Sorghum),Other,FAQ,990,1025,1000,2-Aug-10
620,Parbhani,Parbhani,Jowar(Sorghum),Other,FAQ,1000,1125,1050,30-Jul-10
621,Parbhani,Parbhani,Jowar(Sorghum),Other,FAQ,1100,1100,1100,12-Jul-10
622,Parbhani,Parbhani,Jowar(Sorghum),Other,FAQ,1000,1000,1000,6-Jul-10
623,Parbhani,Parbhani,Jowar(Sorghum),Other,FAQ,1050,1050,1050,2-Jul-10
624,Parbhani,Parbhani,Jowar(Sorghum),Other,FAQ,1200,1200,1200,26-Jun-10
625,Parbhani,Parbhani,Jowar(Sorghum),Other,FAQ,1000,1000,1000,24-Jun-10
626,Parbhani,Parbhani,Jowar(Sorghum),Other,FAQ,840,840,840,14-Jun-10
627,Parbhani,Parbhani,Jowar(Sorghum),Other,FAQ,1000,1200,1125,8-Jun-10
628,Parbhani,Parbhani,Jowar(Sorghum),Other,FAQ,1000,1000,1000,7-Jun-10
629,Parbhani,Parbhani,Jowar(Sorghum),Other,FAQ,840,840,840,5-Jun-10
630,Parbhani,Parbhani,Jowar(Sorghum),Other,FAQ,840,840,840,4-Jun-10
631,Parbhani,Parbhani,Jowar(Sorghum),Other,FAQ,840,840,840,1-Jun-10
632,Parbhani,Parbhani,Jowar(Sorghum),Other,FAQ,840,840,840,28-May-10
633,Parbhani,Parbhani,Jowar(Sorghum),Jowar ( White),FAQ,950,1025,1000,25-May-10
634,Parbhani,Parbhani,Jowar(Sorghum),Other,FAQ,840,840,840,22-May-10
635,Parbhani,Parbhani,Jowar(Sorghum),Other,FAQ,1000,1000,1000,21-May-10
636,Parbhani,Parbhani,Jowar(Sorghum),Other,FAQ,840,840,840,20-May-10
637,Parbhani,Parbhani,Jowar(Sorghum),Other,FAQ,840,840,840,19-May-10
638,Parbhani,Parbhani,Jowar(Sorghum),Other,FAQ,840,840,840,18-May-10
639,Parbhani,Parbhani,Jowar(Sorghum),Other,FAQ,840,840,840,17-May-10
640,Parbhani,Parbhani,Jowar(Sorghum),Other,FAQ,840,840,840,15-May-10
641,Parbhani,Parbhani,Jowar(Sorghum),Other,FAQ,1000,1000,1000,13-May-10
642,Parbhani,Parbhani,Jowar(Sorghum),Other,FAQ,975,975,975,12-May-10
643,Parbhani,Parbhani,Jowar(Sorghum),Other,FAQ,840,840,840,11-May-10
644,Parbhani,Parbhani,Jowar(Sorghum),Other,FAQ,1000,1000,1000,10-May-10
645,Parbhani,Parbhani,Jowar(Sorghum),Other,FAQ,840,840,840,8-May-10
646,Parbhani,Parbhani,Jowar(Sorghum),Other,FAQ,975,1000,990,7-May-10
647,Parbhani,Parbhani,Jowar(Sorghum),Other,FAQ,1000,1000,1000,6-May-10
648,Parbhani,Parbhani,Jowar(Sorghum),Other,FAQ,1100,1280,1200,5-May-10
649,Parbhani,Parbhani,Jowar(Sorghum),Other,FAQ,900,1075,900,16-Mar-10
650,Parbhani,Parbhani,Jowar(Sorghum),Other,FAQ,850,850,850,4-Feb-10
