"Min,Max,Modal Price from Maharashtra,Dhule[Onion],Sakri from 01-Jan-2010To22-Oct-2020 (Total-585) (Total-585)",,,,,,,,,
Sl no.,District Name,Market Name,Commodity,Variety,Grade,Min Price (Rs./Quintal),Max Price (Rs./Quintal),Modal Price (Rs./Quintal),Price Date
1,Dhule,Sakri,Onion,Red,FAQ,650,2000,1650,3-Sep-20
2,Dhule,Sakri,Onion,Red,FAQ,600,1850,1560,2-Sep-20
3,Dhule,Sakri,Onion,Red,FAQ,600,1430,1150,29-Aug-20
4,Dhule,Sakri,Onion,Red,FAQ,350,850,700,26-Aug-20
5,Dhule,Sakri,Onion,Red,FAQ,500,1020,750,25-Aug-20
6,Dhule,Sakri,Onion,Red,FAQ,1000,2200,1800,24-Aug-20
7,Dhule,Sakri,Onion,Red,FAQ,250,800,600,17-Aug-20
8,Dhule,Sakri,Onion,Red,FAQ,300,700,550,12-Aug-20
9,Dhule,Sakri,Onion,Red,FAQ,250,750,600,11-Aug-20
10,Dhule,Sakri,Onion,Red,FAQ,200,700,600,27-Jul-20
11,Dhule,Sakri,Onion,Red,FAQ,200,750,600,25-Jul-20
12,Dhule,Sakri,Onion,Red,FAQ,200,750,600,24-Jul-20
13,Dhule,Sakri,Onion,Red,FAQ,250,850,600,23-Jul-20
14,Dhule,Sakri,Onion,Red,FAQ,200,800,650,22-Jul-20
15,Dhule,Sakri,Onion,Red,FAQ,100,775,450,21-Jul-20
16,Dhule,Sakri,Onion,Red,FAQ,150,750,600,20-Jul-20
17,Dhule,Sakri,Onion,Red,FAQ,150,775,560,18-Jul-20
18,Dhule,Sakri,Onion,Red,FAQ,100,760,400,16-Jul-20
19,Dhule,Sakri,Onion,Red,FAQ,100,775,450,15-Jul-20
20,Dhule,Sakri,Onion,Red,FAQ,250,750,650,14-Jul-20
21,Dhule,Sakri,Onion,Red,FAQ,350,700,500,13-Jul-20
22,Dhule,Sakri,Onion,Red,FAQ,300,850,650,11-Jul-20
23,Dhule,Sakri,Onion,Red,FAQ,100,750,450,9-Jul-20
24,Dhule,Sakri,Onion,Red,FAQ,100,750,550,8-Jul-20
25,Dhule,Sakri,Onion,Red,FAQ,250,800,600,4-Jul-20
26,Dhule,Sakri,Onion,Red,FAQ,250,750,600,3-Jul-20
27,Dhule,Sakri,Onion,Red,FAQ,200,650,500,2-Jul-20
28,Dhule,Sakri,Onion,Red,FAQ,250,700,550,1-Jul-20
29,Dhule,Sakri,Onion,Red,FAQ,200,775,450,30-Jun-20
30,Dhule,Sakri,Onion,Red,FAQ,200,880,550,29-Jun-20
31,Dhule,Sakri,Onion,Red,FAQ,250,650,450,27-Jun-20
32,Dhule,Sakri,Onion,Red,FAQ,250,750,600,26-Jun-20
33,Dhule,Sakri,Onion,Red,FAQ,300,850,650,25-Jun-20
34,Dhule,Sakri,Onion,Red,FAQ,200,750,450,24-Jun-20
35,Dhule,Sakri,Onion,Red,FAQ,200,750,550,23-Jun-20
36,Dhule,Sakri,Onion,Red,FAQ,200,850,560,20-Jun-20
37,Dhule,Sakri,Onion,Red,FAQ,200,780,450,19-Jun-20
38,Dhule,Sakri,Onion,Red,FAQ,200,780,400,18-Jun-20
39,Dhule,Sakri,Onion,Red,FAQ,250,850,650,16-Jun-20
40,Dhule,Sakri,Onion,Red,FAQ,250,750,600,15-Jun-20
41,Dhule,Sakri,Onion,Red,FAQ,200,940,650,13-Jun-20
42,Dhule,Sakri,Onion,Red,FAQ,250,920,560,12-Jun-20
43,Dhule,Sakri,Onion,Red,FAQ,250,960,450,10-Jun-20
44,Dhule,Sakri,Onion,Red,FAQ,200,970,660,9-Jun-20
45,Dhule,Sakri,Onion,Red,FAQ,400,930,650,8-Jun-20
46,Dhule,Sakri,Onion,Red,FAQ,210,700,450,6-Jun-20
47,Dhule,Sakri,Onion,Red,FAQ,250,650,500,5-Jun-20
48,Dhule,Sakri,Onion,Red,FAQ,200,600,450,4-Jun-20
49,Dhule,Sakri,Onion,Red,FAQ,300,880,600,3-Jun-20
50,Dhule,Sakri,Onion,Red,FAQ,200,740,560,2-Jun-20
51,Dhule,Sakri,Onion,Red,FAQ,230,730,450,1-Jun-20
52,Dhule,Sakri,Onion,Red,FAQ,250,650,400,27-May-20
53,Dhule,Sakri,Onion,Red,FAQ,250,610,340,26-May-20
54,Dhule,Sakri,Onion,Red,FAQ,250,600,350,25-May-20
55,Dhule,Sakri,Onion,Red,FAQ,300,600,400,24-May-20
56,Dhule,Sakri,Onion,Red,FAQ,180,495,350,22-May-20
57,Dhule,Sakri,Onion,Red,FAQ,300,600,450,21-May-20
58,Dhule,Sakri,Onion,Red,FAQ,290,545,400,20-May-20
59,Dhule,Sakri,Onion,Red,FAQ,300,650,450,19-May-20
60,Dhule,Sakri,Onion,Red,FAQ,350,600,550,18-May-20
61,Dhule,Sakri,Onion,Red,FAQ,250,650,450,16-May-20
62,Dhule,Sakri,Onion,Red,FAQ,250,650,550,15-May-20
63,Dhule,Sakri,Onion,Red,FAQ,200,600,550,14-May-20
64,Dhule,Sakri,Onion,Red,FAQ,350,700,600,11-May-20
65,Dhule,Sakri,Onion,Red,FAQ,300,750,600,9-May-20
66,Dhule,Sakri,Onion,Red,FAQ,250,750,650,8-May-20
67,Dhule,Sakri,Onion,Red,FAQ,250,750,600,7-May-20
68,Dhule,Sakri,Onion,Red,FAQ,400,750,600,5-May-20
69,Dhule,Sakri,Onion,Red,FAQ,400,800,750,22-Apr-20
70,Dhule,Sakri,Onion,Red,FAQ,950,1250,1150,2-Apr-20
71,Dhule,Sakri,Onion,Red,FAQ,700,1350,1050,30-Mar-20
72,Dhule,Sakri,Onion,Red,FAQ,500,1150,700,18-Mar-20
73,Dhule,Sakri,Onion,Red,FAQ,550,1250,850,17-Mar-20
74,Dhule,Sakri,Onion,Red,FAQ,900,1500,1200,5-Mar-20
75,Dhule,Sakri,Onion,Red,FAQ,1500,9800,8000,5-Dec-19
76,Dhule,Sakri,Onion,Red,FAQ,2500,9500,7500,4-Dec-19
77,Dhule,Sakri,Onion,Red,FAQ,4500,9000,7500,3-Dec-19
78,Dhule,Sakri,Onion,Red,FAQ,4000,9000,7000,2-Dec-19
79,Dhule,Sakri,Onion,Red,FAQ,4500,9000,7500,30-Nov-19
80,Dhule,Sakri,Onion,Red,FAQ,4000,9500,8000,28-Nov-19
81,Dhule,Sakri,Onion,Red,FAQ,6000,9000,8000,27-Nov-19
82,Dhule,Sakri,Onion,Red,FAQ,2500,7500,6500,26-Nov-19
83,Dhule,Sakri,Onion,Red,FAQ,2000,6000,5000,21-Nov-19
84,Dhule,Sakri,Onion,Red,FAQ,2000,6000,4900,20-Nov-19
85,Dhule,Sakri,Onion,Red,FAQ,2500,5562,4000,18-Nov-19
86,Dhule,Sakri,Onion,Red,FAQ,2230,4580,4000,16-Nov-19
87,Dhule,Sakri,Onion,Red,FAQ,3000,5500,4550,15-Nov-19
88,Dhule,Sakri,Onion,Red,FAQ,3100,5000,4200,14-Nov-19
89,Dhule,Sakri,Onion,Red,FAQ,2500,5025,4500,13-Nov-19
90,Dhule,Sakri,Onion,Red,FAQ,1850,5500,4500,12-Nov-19
91,Dhule,Sakri,Onion,Red,FAQ,2500,5500,4500,11-Nov-19
92,Dhule,Sakri,Onion,Red,FAQ,1500,5000,4952,9-Nov-19
93,Dhule,Sakri,Onion,Red,FAQ,3000,5500,4500,8-Nov-19
94,Dhule,Sakri,Onion,Red,FAQ,2500,5000,4500,7-Nov-19
95,Dhule,Sakri,Onion,Red,FAQ,2500,5500,4500,6-Nov-19
96,Dhule,Sakri,Onion,Red,FAQ,2000,4500,4000,5-Nov-19
97,Dhule,Sakri,Onion,Red,FAQ,3500,5500,5000,4-Nov-19
98,Dhule,Sakri,Onion,Red,FAQ,3000,5500,4500,2-Nov-19
99,Dhule,Sakri,Onion,Red,FAQ,2500,4000,3250,23-Oct-19
100,Dhule,Sakri,Onion,Red,FAQ,1580,4000,3300,22-Oct-19
101,Dhule,Sakri,Onion,Red,FAQ,1500,3680,3000,21-Oct-19
102,Dhule,Sakri,Onion,Red,FAQ,2500,3950,3500,15-Oct-19
103,Dhule,Sakri,Onion,Red,FAQ,2000,4000,2700,14-Oct-19
104,Dhule,Sakri,Onion,Red,FAQ,1850,4000,3500,11-Oct-19
105,Dhule,Sakri,Onion,Red,FAQ,1850,3950,3500,10-Oct-19
106,Dhule,Sakri,Onion,Red,FAQ,1850,3600,2450,7-Oct-19
107,Dhule,Sakri,Onion,Red,FAQ,2000,3780,3000,3-Oct-19
108,Dhule,Sakri,Onion,Red,FAQ,1900,3650,2500,1-Oct-19
109,Dhule,Sakri,Onion,Red,FAQ,1950,3750,2950,30-Sep-19
110,Dhule,Sakri,Onion,Red,FAQ,1820,3600,2500,28-Sep-19
111,Dhule,Sakri,Onion,Red,FAQ,2000,3600,3000,26-Sep-19
112,Dhule,Sakri,Onion,Red,FAQ,2000,3750,3000,25-Sep-19
113,Dhule,Sakri,Onion,Red,FAQ,1800,4000,2780,24-Sep-19
114,Dhule,Sakri,Onion,Red,FAQ,1560,4000,3000,23-Sep-19
115,Dhule,Sakri,Onion,Red,FAQ,2350,4850,4000,19-Sep-19
116,Dhule,Sakri,Onion,Red,FAQ,1850,3250,2500,18-Sep-19
117,Dhule,Sakri,Onion,Red,FAQ,2000,3080,2500,17-Sep-19
118,Dhule,Sakri,Onion,Red,FAQ,1550,3000,2450,16-Sep-19
119,Dhule,Sakri,Onion,Red,FAQ,1500,3160,2500,14-Sep-19
120,Dhule,Sakri,Onion,Red,FAQ,1850,3060,2250,13-Sep-19
121,Dhule,Sakri,Onion,Red,FAQ,1250,2850,2600,12-Sep-19
122,Dhule,Sakri,Onion,Red,FAQ,1500,3000,2450,11-Sep-19
123,Dhule,Sakri,Onion,Red,FAQ,1450,2430,1950,4-Sep-19
124,Dhule,Sakri,Onion,Red,FAQ,1560,2350,1960,3-Sep-19
125,Dhule,Sakri,Onion,Red,FAQ,1100,2500,1800,2-Sep-19
126,Dhule,Sakri,Onion,Red,FAQ,1500,3000,2000,31-Aug-19
127,Dhule,Sakri,Onion,Red,FAQ,1550,2950,2100,30-Aug-19
128,Dhule,Sakri,Onion,Red,FAQ,1350,2650,2160,29-Aug-19
129,Dhule,Sakri,Onion,Red,FAQ,1350,2860,2150,28-Aug-19
130,Dhule,Sakri,Onion,Red,FAQ,1150,2760,2200,27-Aug-19
131,Dhule,Sakri,Onion,Red,FAQ,850,2000,1000,22-Aug-19
132,Dhule,Sakri,Onion,Red,FAQ,1750,2450,2260,21-Aug-19
133,Dhule,Sakri,Onion,Red,FAQ,1650,2360,2130,20-Aug-19
134,Dhule,Sakri,Onion,Red,FAQ,850,1400,950,19-Aug-19
135,Dhule,Sakri,Onion,Red,FAQ,850,1350,950,17-Aug-19
136,Dhule,Sakri,Onion,Red,FAQ,650,1500,1350,15-Jul-19
137,Dhule,Sakri,Onion,Red,FAQ,850,1350,900,2-Jul-19
138,Dhule,Sakri,Onion,Red,FAQ,750,1350,950,1-Jul-19
139,Dhule,Sakri,Onion,Red,FAQ,650,1285,950,30-Jun-19
140,Dhule,Sakri,Onion,Red,FAQ,750,1175,1000,4-Jun-19
141,Dhule,Sakri,Onion,Red,FAQ,675,1200,900,3-Jun-19
142,Dhule,Sakri,Onion,Red,FAQ,400,1250,1150,29-May-19
143,Dhule,Sakri,Onion,Red,FAQ,350,1155,670,28-May-19
144,Dhule,Sakri,Onion,Red,FAQ,375,1100,675,27-May-19
145,Dhule,Sakri,Onion,Red,FAQ,550,1050,680,23-May-19
146,Dhule,Sakri,Onion,Red,FAQ,450,975,575,22-May-19
147,Dhule,Sakri,Onion,Red,FAQ,400,1000,650,21-May-19
148,Dhule,Sakri,Onion,Red,FAQ,350,950,550,10-May-19
149,Dhule,Sakri,Onion,Red,FAQ,500,900,575,9-May-19
150,Dhule,Sakri,Onion,Red,FAQ,350,950,630,8-May-19
151,Dhule,Sakri,Onion,Red,FAQ,350,950,560,4-May-19
152,Dhule,Sakri,Onion,Red,FAQ,450,950,600,2-May-19
153,Dhule,Sakri,Onion,Red,FAQ,350,850,600,1-May-19
154,Dhule,Sakri,Onion,Red,FAQ,350,850,575,30-Apr-19
155,Dhule,Sakri,Onion,Red,FAQ,300,750,550,29-Apr-19
156,Dhule,Sakri,Onion,Red,FAQ,450,900,500,27-Apr-19
157,Dhule,Sakri,Onion,Red,FAQ,350,880,575,26-Apr-19
158,Dhule,Sakri,Onion,Red,FAQ,400,950,600,25-Apr-19
159,Dhule,Sakri,Onion,Red,FAQ,400,940,630,23-Apr-19
160,Dhule,Sakri,Onion,Red,FAQ,350,880,500,22-Apr-19
161,Dhule,Sakri,Onion,Red,FAQ,350,550,450,5-Mar-19
162,Dhule,Sakri,Onion,Red,FAQ,65,400,320,12-Feb-19
163,Dhule,Sakri,Onion,Red,FAQ,80,480,480,11-Feb-19
164,Dhule,Sakri,Onion,Red,FAQ,85,480,325,9-Feb-19
165,Dhule,Sakri,Onion,Red,FAQ,80,480,350,6-Feb-19
166,Dhule,Sakri,Onion,Red,FAQ,70,550,440,5-Feb-19
167,Dhule,Sakri,Onion,Red,FAQ,75,450,325,4-Feb-19
168,Dhule,Sakri,Onion,Red,FAQ,70,500,400,2-Feb-19
169,Dhule,Sakri,Onion,Red,FAQ,75,460,350,31-Jan-19
170,Dhule,Sakri,Onion,Red,FAQ,50,455,325,30-Jan-19
171,Dhule,Sakri,Onion,Red,FAQ,600,1000,850,29-Jan-19
172,Dhule,Sakri,Onion,Red,FAQ,550,900,800,28-Jan-19
173,Dhule,Sakri,Onion,Red,FAQ,450,750,610,29-Dec-18
174,Dhule,Sakri,Onion,Red,FAQ,500,1000,850,27-Dec-18
175,Dhule,Sakri,Onion,Red,FAQ,500,900,750,26-Dec-18
176,Dhule,Sakri,Onion,Red,FAQ,620,980,700,24-Dec-18
177,Dhule,Sakri,Onion,Red,FAQ,500,850,610,22-Dec-18
178,Dhule,Sakri,Onion,Red,FAQ,150,685,360,20-Dec-18
179,Dhule,Sakri,Onion,Red,FAQ,170,650,325,18-Dec-18
180,Dhule,Sakri,Onion,Red,FAQ,180,700,430,17-Dec-18
181,Dhule,Sakri,Onion,Red,FAQ,200,750,450,13-Dec-18
182,Dhule,Sakri,Onion,Red,FAQ,200,600,350,12-Dec-18
183,Dhule,Sakri,Onion,Red,FAQ,200,650,400,11-Dec-18
184,Dhule,Sakri,Onion,Red,FAQ,200,650,450,10-Dec-18
185,Dhule,Sakri,Onion,Red,FAQ,150,790,450,8-Dec-18
186,Dhule,Sakri,Onion,Red,FAQ,200,700,550,6-Dec-18
187,Dhule,Sakri,Onion,Red,FAQ,600,900,700,5-Dec-18
188,Dhule,Sakri,Onion,Red,FAQ,600,1100,850,4-Dec-18
189,Dhule,Sakri,Onion,Red,FAQ,500,900,750,3-Dec-18
190,Dhule,Sakri,Onion,Red,FAQ,750,1350,1000,13-Nov-18
191,Dhule,Sakri,Onion,Red,FAQ,750,1240,950,12-Nov-18
192,Dhule,Sakri,Onion,Red,FAQ,700,1250,900,5-Nov-18
193,Dhule,Sakri,Onion,Red,FAQ,650,1350,950,3-Nov-18
194,Dhule,Sakri,Onion,Red,FAQ,950,1500,1350,1-Nov-18
195,Dhule,Sakri,Onion,Red,FAQ,950,1560,1350,31-Oct-18
196,Dhule,Sakri,Onion,Red,FAQ,1000,1550,1450,30-Oct-18
197,Dhule,Sakri,Onion,Red,FAQ,1075,1560,1350,23-Oct-18
198,Dhule,Sakri,Onion,Red,FAQ,1000,1500,1300,22-Oct-18
199,Dhule,Sakri,Onion,Red,FAQ,750,1150,900,20-Oct-18
200,Dhule,Sakri,Onion,Red,FAQ,700,1200,900,16-Oct-18
201,Dhule,Sakri,Onion,Red,FAQ,650,1000,850,15-Oct-18
202,Dhule,Sakri,Onion,Red,FAQ,670,1080,750,13-Oct-18
203,Dhule,Sakri,Onion,Red,FAQ,650,1080,810,12-Oct-18
204,Dhule,Sakri,Onion,Red,FAQ,550,1050,750,11-Oct-18
205,Dhule,Sakri,Onion,Red,FAQ,650,1100,850,3-Oct-18
206,Dhule,Sakri,Onion,Red,FAQ,600,1000,700,1-Oct-18
207,Dhule,Sakri,Onion,Red,FAQ,675,1050,945,27-Sep-18
208,Dhule,Sakri,Onion,Red,FAQ,550,900,800,26-Sep-18
209,Dhule,Sakri,Onion,Red,FAQ,625,1000,750,25-Sep-18
210,Dhule,Sakri,Onion,Red,FAQ,600,950,700,24-Sep-18
211,Dhule,Sakri,Onion,Red,FAQ,575,1000,700,16-Aug-18
212,Dhule,Sakri,Onion,Red,FAQ,600,1000,700,14-Aug-18
213,Dhule,Sakri,Onion,Red,FAQ,580,1075,750,13-Aug-18
214,Dhule,Sakri,Onion,Red,FAQ,750,1150,900,6-Aug-18
215,Dhule,Sakri,Onion,Red,FAQ,800,1250,900,4-Aug-18
216,Dhule,Sakri,Onion,Red,FAQ,700,1150,975,2-Aug-18
217,Dhule,Sakri,Onion,Red,FAQ,750,1200,950,1-Aug-18
218,Dhule,Sakri,Onion,Red,FAQ,700,1100,900,30-Jul-18
219,Dhule,Sakri,Onion,Red,FAQ,950,1350,1100,26-Jul-18
220,Dhule,Sakri,Onion,Red,FAQ,1120,1500,1250,25-Jul-18
221,Dhule,Sakri,Onion,Red,FAQ,600,1250,1000,24-Jul-18
222,Dhule,Sakri,Onion,Red,FAQ,650,1150,850,11-Jul-18
223,Dhule,Sakri,Onion,Red,FAQ,550,1150,1000,10-Jul-18
224,Dhule,Sakri,Onion,Red,FAQ,550,1150,750,9-Jul-18
225,Dhule,Sakri,Onion,Red,FAQ,500,1150,900,7-Jul-18
226,Dhule,Sakri,Onion,Red,FAQ,650,1300,1000,6-Jul-18
227,Dhule,Sakri,Onion,Red,FAQ,600,1250,950,5-Jul-18
228,Dhule,Sakri,Onion,Red,FAQ,450,850,500,7-Jun-18
229,Dhule,Sakri,Onion,Red,FAQ,400,850,550,6-Jun-18
230,Dhule,Sakri,Onion,Red,FAQ,450,850,570,5-Jun-18
231,Dhule,Sakri,Onion,Red,FAQ,450,750,550,4-Jun-18
232,Dhule,Sakri,Onion,Red,FAQ,450,675,500,2-Jun-18
233,Dhule,Sakri,Onion,Red,FAQ,500,700,570,23-May-18
234,Dhule,Sakri,Onion,Red,FAQ,450,750,500,22-May-18
235,Dhule,Sakri,Onion,Red,FAQ,450,700,550,21-May-18
236,Dhule,Sakri,Onion,Red,FAQ,350,805,500,11-May-18
237,Dhule,Sakri,Onion,Red,FAQ,450,825,550,10-May-18
238,Dhule,Sakri,Onion,Red,FAQ,400,800,500,9-May-18
239,Dhule,Sakri,Onion,Red,FAQ,400,850,550,7-May-18
240,Dhule,Sakri,Onion,Red,FAQ,350,850,480,3-May-18
241,Dhule,Sakri,Onion,Red,FAQ,450,850,520,2-May-18
242,Dhule,Sakri,Onion,Red,FAQ,250,650,450,19-Apr-18
243,Dhule,Sakri,Onion,Red,FAQ,400,600,530,16-Apr-18
244,Dhule,Sakri,Onion,Red,FAQ,385,675,550,14-Apr-18
245,Dhule,Sakri,Onion,Red,FAQ,350,850,520,4-Apr-18
246,Dhule,Sakri,Onion,Red,FAQ,400,850,550,3-Apr-18
247,Dhule,Sakri,Onion,Red,FAQ,350,800,600,2-Apr-18
248,Dhule,Sakri,Onion,Red,FAQ,450,750,600,27-Mar-18
249,Dhule,Sakri,Onion,Red,FAQ,350,650,400,24-Mar-18
250,Dhule,Sakri,Onion,Red,FAQ,500,700,550,22-Mar-18
251,Dhule,Sakri,Onion,Red,FAQ,400,850,550,20-Mar-18
252,Dhule,Sakri,Onion,Red,FAQ,500,750,600,19-Mar-18
253,Dhule,Sakri,Onion,Red,FAQ,500,1000,700,17-Mar-18
254,Dhule,Sakri,Onion,Red,FAQ,500,1050,750,12-Mar-18
255,Dhule,Sakri,Onion,Red,FAQ,500,1200,750,10-Mar-18
256,Dhule,Sakri,Onion,Red,FAQ,550,1500,1050,6-Mar-18
257,Dhule,Sakri,Onion,Red,FAQ,1200,2500,1500,14-Feb-18
258,Dhule,Sakri,Onion,Red,FAQ,1710,2200,1750,2-Feb-18
259,Dhule,Sakri,Onion,Red,FAQ,1700,2450,2000,1-Feb-18
260,Dhule,Sakri,Onion,Red,FAQ,1700,3000,2550,31-Jan-18
261,Dhule,Sakri,Onion,Red,FAQ,3000,3500,3250,25-Jan-18
262,Dhule,Sakri,Onion,Red,FAQ,2250,3160,2980,24-Jan-18
263,Dhule,Sakri,Onion,Red,FAQ,2350,3150,2680,13-Jan-18
264,Dhule,Sakri,Onion,Red,FAQ,2000,3150,2880,9-Jan-18
265,Dhule,Sakri,Onion,Red,FAQ,1500,3000,2250,16-Dec-17
266,Dhule,Sakri,Onion,Red,FAQ,2000,3500,3000,15-Dec-17
267,Dhule,Sakri,Onion,Red,FAQ,1800,3000,2500,4-Dec-17
268,Dhule,Sakri,Onion,Red,FAQ,2200,3000,2500,2-Dec-17
269,Dhule,Sakri,Onion,Red,FAQ,1200,3000,2500,1-Dec-17
270,Dhule,Sakri,Onion,Red,FAQ,1500,3500,2800,23-Nov-17
271,Dhule,Sakri,Onion,Red,FAQ,1800,3350,2500,21-Nov-17
272,Dhule,Sakri,Onion,Red,FAQ,2000,2500,2250,20-Nov-17
273,Dhule,Sakri,Onion,Red,FAQ,1500,2500,1800,18-Nov-17
274,Dhule,Sakri,Onion,Red,FAQ,2000,2850,2200,16-Nov-17
275,Dhule,Sakri,Onion,Red,FAQ,1500,2800,2200,11-Nov-17
276,Dhule,Sakri,Onion,Red,FAQ,2000,3000,2350,9-Nov-17
277,Dhule,Sakri,Onion,Red,FAQ,950,2600,1850,7-Nov-17
278,Dhule,Sakri,Onion,Red,FAQ,1000,2600,1800,6-Nov-17
279,Dhule,Sakri,Onion,Red,FAQ,800,2500,1850,4-Nov-17
280,Dhule,Sakri,Onion,Red,FAQ,650,2700,1800,2-Nov-17
281,Dhule,Sakri,Onion,Red,FAQ,1000,3000,2400,1-Nov-17
282,Dhule,Sakri,Onion,Red,FAQ,600,2500,1850,31-Oct-17
283,Dhule,Sakri,Onion,Red,FAQ,800,2950,2150,30-Oct-17
284,Dhule,Sakri,Onion,Red,FAQ,950,2850,1800,28-Oct-17
285,Dhule,Sakri,Onion,Red,FAQ,1000,3000,2450,27-Oct-17
286,Dhule,Sakri,Onion,Red,FAQ,1000,2700,2250,26-Oct-17
287,Dhule,Sakri,Onion,Red,FAQ,1000,2600,2100,25-Oct-17
288,Dhule,Sakri,Onion,Red,FAQ,800,3200,1900,24-Oct-17
289,Dhule,Sakri,Onion,Red,FAQ,800,1650,1150,17-Oct-17
290,Dhule,Sakri,Onion,Red,FAQ,800,1500,1120,12-Oct-17
291,Dhule,Sakri,Onion,Red,FAQ,800,1700,1150,11-Oct-17
292,Dhule,Sakri,Onion,Red,FAQ,650,1650,1150,10-Oct-17
293,Dhule,Sakri,Onion,Red,FAQ,800,1750,1200,9-Oct-17
294,Dhule,Sakri,Onion,Red,FAQ,800,1750,1200,7-Oct-17
295,Dhule,Sakri,Onion,Red,FAQ,950,1860,1150,5-Oct-17
296,Dhule,Sakri,Onion,Red,FAQ,650,1700,1200,4-Oct-17
297,Dhule,Sakri,Onion,Red,FAQ,700,1700,1400,3-Oct-17
298,Dhule,Sakri,Onion,Red,FAQ,1000,1700,1350,26-Sep-17
299,Dhule,Sakri,Onion,Red,FAQ,1200,2000,1350,21-Sep-17
300,Dhule,Sakri,Onion,Red,FAQ,900,1800,1100,13-Sep-17
301,Dhule,Sakri,Onion,Red,FAQ,750,1850,1430,7-Sep-17
302,Dhule,Sakri,Onion,Red,FAQ,1000,1600,1250,6-Sep-17
303,Dhule,Sakri,Onion,Red,FAQ,800,1700,1100,5-Sep-17
304,Dhule,Sakri,Onion,Red,FAQ,1000,1400,1200,4-Sep-17
305,Dhule,Sakri,Onion,Red,FAQ,1000,1650,1200,29-Aug-17
306,Dhule,Sakri,Onion,Red,FAQ,900,1730,1340,28-Aug-17
307,Dhule,Sakri,Onion,Red,FAQ,860,1700,1580,26-Aug-17
308,Dhule,Sakri,Onion,Red,FAQ,1100,2450,1800,24-Aug-17
309,Dhule,Sakri,Onion,Red,FAQ,1200,2450,2000,22-Aug-17
310,Dhule,Sakri,Onion,Red,FAQ,600,2200,1680,19-Aug-17
311,Dhule,Sakri,Onion,Red,FAQ,800,2100,1500,18-Aug-17
312,Dhule,Sakri,Onion,Red,FAQ,500,2250,1560,12-Aug-17
313,Dhule,Sakri,Onion,Red,FAQ,1200,2500,1800,11-Aug-17
314,Dhule,Sakri,Onion,Red,FAQ,500,2500,1650,9-Aug-17
315,Dhule,Sakri,Onion,Red,FAQ,500,2500,1650,8-Aug-17
316,Dhule,Sakri,Onion,Red,FAQ,1000,3000,1500,5-Aug-17
317,Dhule,Sakri,Onion,Red,FAQ,1000,2700,1500,4-Aug-17
318,Dhule,Sakri,Onion,Red,FAQ,1100,2700,1800,3-Aug-17
319,Dhule,Sakri,Onion,Red,FAQ,500,1800,950,2-Aug-17
320,Dhule,Sakri,Onion,Red,FAQ,1000,1595,1350,1-Aug-17
321,Dhule,Sakri,Onion,Red,FAQ,560,1550,960,31-Jul-17
322,Dhule,Sakri,Onion,Red,FAQ,500,1500,700,29-Jul-17
323,Dhule,Sakri,Onion,Red,FAQ,200,1150,590,26-Jul-17
324,Dhule,Sakri,Onion,Red,FAQ,300,1000,500,25-Jul-17
325,Dhule,Sakri,Onion,Red,FAQ,200,1000,560,24-Jul-17
326,Dhule,Sakri,Onion,Red,FAQ,300,680,490,22-Jul-17
327,Dhule,Sakri,Onion,Red,FAQ,250,550,300,21-Jul-17
328,Dhule,Sakri,Onion,Red,FAQ,200,820,340,20-Jul-17
329,Dhule,Sakri,Onion,Red,FAQ,200,720,340,19-Jul-17
330,Dhule,Sakri,Onion,Red,FAQ,100,630,380,18-Jul-17
331,Dhule,Sakri,Onion,Red,FAQ,120,620,420,17-Jul-17
332,Dhule,Sakri,Onion,Red,FAQ,250,580,370,15-Jul-17
333,Dhule,Sakri,Onion,Red,FAQ,250,500,310,13-Jul-17
334,Dhule,Sakri,Onion,Red,FAQ,100,550,320,12-Jul-17
335,Dhule,Sakri,Onion,Red,FAQ,250,500,350,11-Jul-17
336,Dhule,Sakri,Onion,Red,FAQ,100,610,380,10-Jul-17
337,Dhule,Sakri,Onion,Red,FAQ,150,505,280,8-Jul-17
338,Dhule,Sakri,Onion,Red,FAQ,250,500,325,7-Jul-17
339,Dhule,Sakri,Onion,Red,FAQ,250,550,325,6-Jul-17
340,Dhule,Sakri,Onion,Red,FAQ,150,675,400,5-Jul-17
341,Dhule,Sakri,Onion,Red,FAQ,150,650,400,3-Jul-17
342,Dhule,Sakri,Onion,Red,FAQ,100,550,420,1-Jul-17
343,Dhule,Sakri,Onion,Red,FAQ,300,500,380,30-Jun-17
344,Dhule,Sakri,Onion,Red,FAQ,100,550,320,29-Jun-17
345,Dhule,Sakri,Onion,Red,FAQ,200,550,350,28-Jun-17
346,Dhule,Sakri,Onion,Red,FAQ,250,500,350,27-Jun-17
347,Dhule,Sakri,Onion,Red,FAQ,250,560,315,22-Jun-17
348,Dhule,Sakri,Onion,Red,FAQ,200,550,350,21-Jun-17
349,Dhule,Sakri,Onion,Red,FAQ,200,550,350,20-Jun-17
350,Dhule,Sakri,Onion,Red,FAQ,150,600,350,19-Jun-17
351,Dhule,Sakri,Onion,Red,FAQ,250,530,350,17-Jun-17
352,Dhule,Sakri,Onion,Red,FAQ,100,560,320,15-Jun-17
353,Dhule,Sakri,Onion,Red,FAQ,200,665,450,14-Jun-17
354,Dhule,Sakri,Onion,Red,FAQ,250,500,350,13-Jun-17
355,Dhule,Sakri,Onion,Red,FAQ,200,450,300,12-Jun-17
356,Dhule,Sakri,Onion,Red,FAQ,250,500,350,10-Jun-17
357,Dhule,Sakri,Onion,Red,FAQ,200,450,300,31-May-17
358,Dhule,Sakri,Onion,Red,FAQ,100,430,300,30-May-17
359,Dhule,Sakri,Onion,Red,FAQ,100,450,210,29-May-17
360,Dhule,Sakri,Onion,Red,FAQ,200,540,300,27-May-17
361,Dhule,Sakri,Onion,Red,FAQ,200,560,300,25-May-17
362,Dhule,Sakri,Onion,Red,FAQ,200,560,300,24-May-17
363,Dhule,Sakri,Onion,Red,FAQ,100,530,300,23-May-17
364,Dhule,Sakri,Onion,Red,FAQ,200,560,350,22-May-17
365,Dhule,Sakri,Onion,Red,FAQ,120,350,250,18-May-17
366,Dhule,Sakri,Onion,Red,FAQ,100,300,215,17-May-17
367,Dhule,Sakri,Onion,Red,FAQ,150,450,300,16-May-17
368,Dhule,Sakri,Onion,Red,FAQ,150,400,300,15-May-17
369,Dhule,Sakri,Onion,Red,FAQ,100,395,250,13-May-17
370,Dhule,Sakri,Onion,Red,FAQ,200,450,300,12-May-17
371,Dhule,Sakri,Onion,Red,FAQ,100,375,230,11-May-17
372,Dhule,Sakri,Onion,Red,FAQ,150,300,230,10-May-17
373,Dhule,Sakri,Onion,Red,FAQ,200,400,315,9-May-17
374,Dhule,Sakri,Onion,Red,FAQ,150,430,250,8-May-17
375,Dhule,Sakri,Onion,Red,FAQ,200,450,300,6-May-17
376,Dhule,Sakri,Onion,Red,FAQ,200,395,310,5-May-17
377,Dhule,Sakri,Onion,Red,FAQ,200,430,350,4-May-17
378,Dhule,Sakri,Onion,Red,FAQ,200,450,300,3-May-17
379,Dhule,Sakri,Onion,Red,FAQ,200,460,290,2-May-17
380,Dhule,Sakri,Onion,Red,FAQ,120,380,290,1-May-17
381,Dhule,Sakri,Onion,Red,FAQ,150,500,350,29-Apr-17
382,Dhule,Sakri,Onion,Red,FAQ,150,430,250,27-Apr-17
383,Dhule,Sakri,Onion,Red,FAQ,120,425,320,26-Apr-17
384,Dhule,Sakri,Onion,Red,FAQ,150,455,300,25-Apr-17
385,Dhule,Sakri,Onion,Red,FAQ,200,500,300,24-Apr-17
386,Dhule,Sakri,Onion,Red,FAQ,250,545,350,22-Apr-17
387,Dhule,Sakri,Onion,Red,FAQ,100,570,350,20-Apr-17
388,Dhule,Sakri,Onion,Red,FAQ,150,580,450,19-Apr-17
389,Dhule,Sakri,Onion,Red,FAQ,360,585,400,18-Apr-17
390,Dhule,Sakri,Onion,Red,FAQ,350,600,480,17-Apr-17
391,Dhule,Sakri,Onion,Red,FAQ,150,570,400,15-Apr-17
392,Dhule,Sakri,Onion,Red,FAQ,100,570,350,13-Apr-17
393,Dhule,Sakri,Onion,Red,FAQ,350,575,450,12-Apr-17
394,Dhule,Sakri,Onion,Red,FAQ,200,500,340,11-Apr-17
395,Dhule,Sakri,Onion,Red,FAQ,250,490,360,10-Apr-17
396,Dhule,Sakri,Onion,Red,FAQ,250,565,450,5-Apr-17
397,Dhule,Sakri,Onion,Red,FAQ,350,600,450,3-Apr-17
398,Dhule,Sakri,Onion,Red,FAQ,150,535,350,25-Jan-17
399,Dhule,Sakri,Onion,Red,FAQ,150,345,200,19-Jan-17
400,Dhule,Sakri,Onion,Red,FAQ,100,600,350,17-Jan-17
401,Dhule,Sakri,Onion,Red,FAQ,150,610,350,16-Jan-17
402,Dhule,Sakri,Onion,Red,FAQ,150,540,300,12-Jan-17
403,Dhule,Sakri,Onion,Red,FAQ,150,635,400,11-Jan-17
404,Dhule,Sakri,Onion,Red,FAQ,100,550,350,10-Jan-17
405,Dhule,Sakri,Onion,Red,FAQ,100,630,450,9-Jan-17
406,Dhule,Sakri,Onion,Red,FAQ,500,700,600,7-Jan-17
407,Dhule,Sakri,Onion,Red,FAQ,450,1000,600,29-Dec-16
408,Dhule,Sakri,Onion,Red,FAQ,675,1000,700,28-Dec-16
409,Dhule,Sakri,Onion,Red,FAQ,300,650,450,27-Dec-16
410,Dhule,Sakri,Onion,Red,FAQ,150,670,450,26-Dec-16
411,Dhule,Sakri,Onion,Red,FAQ,150,600,400,21-Dec-16
412,Dhule,Sakri,Onion,Red,FAQ,50,740,350,24-Nov-16
413,Dhule,Sakri,Onion,Red,FAQ,150,430,200,23-Nov-16
414,Dhule,Sakri,Onion,Red,FAQ,1050,1328,1182,22-Nov-16
415,Dhule,Sakri,Onion,Red,FAQ,150,570,450,7-Nov-16
416,Dhule,Sakri,Onion,Red,FAQ,150,650,300,25-Oct-16
417,Dhule,Sakri,Onion,Red,FAQ,50,650,300,24-Oct-16
418,Dhule,Sakri,Onion,Red,FAQ,75,650,350,22-Oct-16
419,Dhule,Sakri,Onion,Red,FAQ,55,785,350,20-Oct-16
420,Dhule,Sakri,Onion,Red,FAQ,50,825,400,19-Oct-16
421,Dhule,Sakri,Onion,Red,FAQ,50,820,400,17-Oct-16
422,Dhule,Sakri,Onion,Red,FAQ,350,785,400,15-Oct-16
423,Dhule,Sakri,Onion,Red,FAQ,100,850,400,13-Oct-16
424,Dhule,Sakri,Onion,Red,FAQ,100,850,430,12-Oct-16
425,Dhule,Sakri,Onion,Red,FAQ,175,940,480,10-Oct-16
426,Dhule,Sakri,Onion,Red,FAQ,155,775,400,6-Oct-16
427,Dhule,Sakri,Onion,Red,FAQ,50,560,310,5-Oct-16
428,Dhule,Sakri,Onion,Red,FAQ,100,425,260,22-Sep-16
429,Dhule,Sakri,Onion,Red,FAQ,100,310,225,20-Sep-16
430,Dhule,Sakri,Onion,Red,FAQ,100,435,300,19-Sep-16
431,Dhule,Sakri,Onion,Red,FAQ,100,250,185,17-Sep-16
432,Dhule,Sakri,Onion,Red,FAQ,150,450,250,16-Sep-16
433,Dhule,Sakri,Onion,Red,FAQ,150,500,450,8-Sep-16
434,Dhule,Sakri,Onion,Red,FAQ,50,440,190,2-Sep-16
435,Dhule,Sakri,Onion,Red,FAQ,50,515,290,31-Aug-16
436,Dhule,Sakri,Onion,Red,FAQ,250,550,350,30-Aug-16
437,Dhule,Sakri,Onion,Red,FAQ,50,670,420,27-Aug-16
438,Dhule,Sakri,Onion,Red,FAQ,50,520,280,26-Aug-16
439,Dhule,Sakri,Onion,Red,FAQ,50,520,280,25-Aug-16
440,Dhule,Sakri,Onion,Red,FAQ,150,450,300,24-Aug-16
441,Dhule,Sakri,Onion,Red,FAQ,250,555,350,23-Aug-16
442,Dhule,Sakri,Onion,Red,FAQ,50,570,230,22-Aug-16
443,Dhule,Sakri,Onion,Red,FAQ,50,650,350,20-Aug-16
444,Dhule,Sakri,Onion,Red,FAQ,75,520,320,19-Aug-16
445,Dhule,Sakri,Onion,Red,FAQ,50,600,300,18-Aug-16
446,Dhule,Sakri,Onion,Red,FAQ,100,630,235,17-Aug-16
447,Dhule,Sakri,Onion,Red,FAQ,170,480,280,16-Aug-16
448,Dhule,Sakri,Onion,Red,FAQ,150,550,350,13-Aug-16
449,Dhule,Sakri,Onion,Red,FAQ,350,650,425,11-Aug-16
450,Dhule,Sakri,Onion,Red,FAQ,250,600,350,10-Aug-16
451,Dhule,Sakri,Onion,Red,FAQ,250,465,300,9-Aug-16
452,Dhule,Sakri,Onion,Red,FAQ,340,540,340,4-Aug-16
453,Dhule,Sakri,Onion,Red,FAQ,350,400,350,3-Aug-16
454,Dhule,Sakri,Onion,Red,FAQ,300,705,420,2-Aug-16
455,Dhule,Sakri,Onion,Red,FAQ,250,650,350,30-Jul-16
456,Dhule,Sakri,Onion,Red,FAQ,250,600,450,29-Jul-16
457,Dhule,Sakri,Onion,Red,FAQ,100,695,320,28-Jul-16
458,Dhule,Sakri,Onion,Red,FAQ,100,840,450,27-Jul-16
459,Dhule,Sakri,Onion,Red,FAQ,200,700,450,26-Jul-16
460,Dhule,Sakri,Onion,Red,FAQ,100,850,420,25-Jul-16
461,Dhule,Sakri,Onion,Red,FAQ,100,950,420,23-Jul-16
462,Dhule,Sakri,Onion,Red,FAQ,100,750,380,21-Jul-16
463,Dhule,Sakri,Onion,Red,FAQ,300,755,450,19-Jul-16
464,Dhule,Sakri,Onion,Red,FAQ,300,700,400,18-Jul-16
465,Dhule,Sakri,Onion,Red,FAQ,150,760,360,8-Jul-16
466,Dhule,Sakri,Onion,Red,FAQ,325,750,405,7-Jul-16
467,Dhule,Sakri,Onion,Red,FAQ,145,750,430,5-Jul-16
468,Dhule,Sakri,Onion,Red,FAQ,100,750,390,2-Jul-16
469,Dhule,Sakri,Onion,Red,FAQ,100,740,380,30-Jun-16
470,Dhule,Sakri,Onion,Red,FAQ,100,775,380,29-Jun-16
471,Dhule,Sakri,Onion,Red,FAQ,100,780,400,28-Jun-16
472,Dhule,Sakri,Onion,Red,FAQ,100,760,340,27-Jun-16
473,Dhule,Sakri,Onion,Red,FAQ,100,850,395,25-Jun-16
474,Dhule,Sakri,Onion,Red,FAQ,200,850,450,23-Jun-16
475,Dhule,Sakri,Onion,Red,FAQ,300,850,450,22-Jun-16
476,Dhule,Sakri,Onion,Red,FAQ,250,800,350,21-Jun-16
477,Dhule,Sakri,Onion,Red,FAQ,240,830,360,20-Jun-16
478,Dhule,Sakri,Onion,Red,FAQ,250,875,350,18-Jun-16
479,Dhule,Sakri,Onion,Red,FAQ,255,775,355,17-Jun-16
480,Dhule,Sakri,Onion,Red,FAQ,100,770,380,15-Jun-16
481,Dhule,Sakri,Onion,Red,FAQ,110,850,430,13-Jun-16
482,Dhule,Sakri,Onion,Red,FAQ,250,875,350,8-Jun-16
483,Dhule,Sakri,Onion,Red,FAQ,200,775,400,7-Jun-16
484,Dhule,Sakri,Onion,Red,FAQ,125,760,410,6-Jun-16
485,Dhule,Sakri,Onion,Red,FAQ,100,750,390,4-Jun-16
486,Dhule,Sakri,Onion,Red,FAQ,100,840,420,2-Jun-16
487,Dhule,Sakri,Onion,Red,FAQ,100,805,400,1-Jun-16
488,Dhule,Sakri,Onion,Red,FAQ,200,850,425,31-May-16
489,Dhule,Sakri,Onion,Red,FAQ,100,610,355,30-May-16
490,Dhule,Sakri,Onion,Red,FAQ,100,775,380,29-May-16
491,Dhule,Sakri,Onion,Red,FAQ,100,780,425,28-May-16
492,Dhule,Sakri,Onion,Red,FAQ,300,775,400,26-May-16
493,Dhule,Sakri,Onion,Red,FAQ,100,750,375,25-May-16
494,Dhule,Sakri,Onion,Red,FAQ,200,800,350,24-May-16
495,Dhule,Sakri,Onion,Red,FAQ,100,830,420,23-May-16
496,Dhule,Sakri,Onion,Red,FAQ,140,680,450,21-May-16
497,Dhule,Sakri,Onion,Red,FAQ,100,750,330,20-May-16
498,Dhule,Sakri,Onion,Red,FAQ,150,750,550,19-May-16
499,Dhule,Sakri,Onion,Red,FAQ,100,890,450,30-Apr-16
500,Dhule,Sakri,Onion,Red,FAQ,200,850,560,28-Apr-16
501,Dhule,Sakri,Onion,Red,FAQ,250,725,525,27-Apr-16
502,Dhule,Sakri,Onion,Red,FAQ,200,830,450,26-Apr-16
503,Dhule,Sakri,Onion,Red,FAQ,100,805,645,13-Apr-16
504,Dhule,Sakri,Onion,Red,FAQ,200,805,570,11-Apr-16
505,Dhule,Sakri,Onion,Red,FAQ,385,790,640,9-Apr-16
506,Dhule,Sakri,Onion,Red,FAQ,150,810,463,6-Apr-16
507,Dhule,Sakri,Onion,Red,FAQ,225,775,515,5-Apr-16
508,Dhule,Sakri,Onion,Red,FAQ,200,805,475,4-Apr-16
509,Dhule,Sakri,Onion,Red,FAQ,350,2350,1025,9-Jul-14
510,Dhule,Sakri,Onion,Red,FAQ,400,2590,1100,8-Jul-14
511,Dhule,Sakri,Onion,Red,FAQ,450,2375,1075,7-Jul-14
512,Dhule,Sakri,Onion,Red,FAQ,400,2300,1430,30-Jun-14
513,Dhule,Sakri,Onion,Red,FAQ,300,1950,950,18-Jun-14
514,Dhule,Sakri,Onion,Red,FAQ,300,1325,850,11-Jun-14
515,Dhule,Sakri,Onion,Red,FAQ,200,1300,785,10-Jun-14
516,Dhule,Sakri,Onion,Red,FAQ,200,1350,815,9-Jun-14
517,Dhule,Sakri,Onion,Red,FAQ,300,1350,800,5-Jun-14
518,Dhule,Sakri,Onion,Red,FAQ,2700,3150,2950,7-Aug-13
519,Dhule,Sakri,Onion,Red,FAQ,2500,3125,2840,6-Aug-13
520,Dhule,Sakri,Onion,Red,FAQ,2200,2635,2450,1-Aug-13
521,Dhule,Sakri,Onion,Red,FAQ,610,940,800,25-Mar-13
522,Dhule,Sakri,Onion,Red,FAQ,810,940,830,23-Mar-13
523,Dhule,Sakri,Onion,Red,FAQ,360,530,455,7-Apr-11
524,Dhule,Sakri,Onion,Red,FAQ,350,555,455,29-Mar-11
525,Dhule,Sakri,Onion,Red,FAQ,465,515,500,28-Mar-11
526,Dhule,Sakri,Onion,Red,FAQ,220,605,445,23-Mar-11
527,Dhule,Sakri,Onion,Red,FAQ,510,1135,1000,26-Jan-11
528,Dhule,Sakri,Onion,Red,FAQ,475,1325,1025,18-Jan-11
529,Dhule,Sakri,Onion,Red,FAQ,500,1700,1111,11-Jan-11
530,Dhule,Sakri,Onion,Red,FAQ,605,3000,2300,10-Jan-11
531,Dhule,Sakri,Onion,Red,FAQ,1000,1000,1000,8-Jan-11
532,Dhule,Sakri,Onion,Red,FAQ,1105,1105,1105,7-Jan-11
533,Dhule,Sakri,Onion,Red,FAQ,625,800,758,6-Jan-11
534,Dhule,Sakri,Onion,Red,FAQ,600,1505,1000,5-Jan-11
535,Dhule,Sakri,Onion,Red,FAQ,1000,2121,1705,4-Jan-11
536,Dhule,Sakri,Onion,Red,FAQ,505,505,505,3-Jan-11
537,Dhule,Sakri,Onion,Red,FAQ,725,2525,1500,30-Dec-10
538,Dhule,Sakri,Onion,Red,FAQ,900,2405,2000,29-Dec-10
539,Dhule,Sakri,Onion,Red,FAQ,1000,1525,1020,24-Dec-10
540,Dhule,Sakri,Onion,Red,FAQ,700,2500,1900,23-Dec-10
541,Dhule,Sakri,Onion,Red,FAQ,600,1605,1584,17-Nov-10
542,Dhule,Sakri,Onion,Red,FAQ,1610,1625,1615,16-Nov-10
543,Dhule,Sakri,Onion,Red,FAQ,1353,1353,1353,10-Nov-10
544,Dhule,Sakri,Onion,Red,FAQ,555,555,555,4-Nov-10
545,Dhule,Sakri,Onion,Red,FAQ,770,1060,954,3-Nov-10
546,Dhule,Sakri,Onion,Red,FAQ,330,995,785,25-Oct-10
547,Dhule,Sakri,Onion,Red,FAQ,1111,1111,1111,23-Oct-10
548,Dhule,Sakri,Onion,Red,FAQ,935,1261,1000,22-Oct-10
549,Dhule,Sakri,Onion,Red,FAQ,825,825,825,16-Oct-10
550,Dhule,Sakri,Onion,Red,FAQ,1225,1225,1225,13-Oct-10
551,Dhule,Sakri,Onion,Red,FAQ,950,950,950,9-Oct-10
552,Dhule,Sakri,Onion,Red,FAQ,1135,1135,1135,8-Oct-10
553,Dhule,Sakri,Onion,Red,FAQ,1100,1485,1285,7-Oct-10
554,Dhule,Sakri,Onion,Red,FAQ,1160,1600,1445,6-Oct-10
555,Dhule,Sakri,Onion,Red,FAQ,1450,1885,1680,5-Oct-10
556,Dhule,Sakri,Onion,Red,FAQ,1685,1830,1725,4-Oct-10
557,Dhule,Sakri,Onion,Red,FAQ,1510,1680,1610,30-Sep-10
558,Dhule,Sakri,Onion,Red,FAQ,1345,1600,1458,29-Sep-10
559,Dhule,Sakri,Onion,Red,FAQ,1050,1625,1385,28-Sep-10
560,Dhule,Sakri,Onion,Red,FAQ,1490,1565,1500,27-Sep-10
561,Dhule,Sakri,Onion,Red,FAQ,910,1500,1245,25-Sep-10
562,Dhule,Sakri,Onion,Red,FAQ,1385,1500,1470,23-Sep-10
563,Dhule,Sakri,Onion,Red,FAQ,1250,1505,1400,21-Sep-10
564,Dhule,Sakri,Onion,Red,FAQ,1460,1600,1530,20-Sep-10
565,Dhule,Sakri,Onion,Red,FAQ,1180,1560,1465,18-Sep-10
566,Dhule,Sakri,Onion,Red,FAQ,1150,1650,1450,17-Sep-10
567,Dhule,Sakri,Onion,Red,FAQ,1150,1405,1285,16-Sep-10
568,Dhule,Sakri,Onion,Red,FAQ,1010,1305,1205,15-Sep-10
569,Dhule,Sakri,Onion,Red,FAQ,1040,1325,1260,14-Sep-10
570,Dhule,Sakri,Onion,Red,FAQ,1110,1200,1181,11-Sep-10
571,Dhule,Sakri,Onion,Red,FAQ,1220,1220,1220,10-Sep-10
572,Dhule,Sakri,Onion,Red,FAQ,455,1165,850,30-Aug-10
573,Dhule,Sakri,Onion,Red,FAQ,1100,1125,1100,28-Aug-10
574,Dhule,Sakri,Onion,Red,FAQ,300,1025,750,27-Aug-10
575,Dhule,Sakri,Onion,Red,FAQ,700,885,795,25-Aug-10
576,Dhule,Sakri,Onion,Red,FAQ,350,860,600,24-Aug-10
577,Dhule,Sakri,Onion,Red,FAQ,730,865,780,23-Aug-10
578,Dhule,Sakri,Onion,Red,FAQ,750,865,801,21-Aug-10
579,Dhule,Sakri,Onion,Red,FAQ,755,895,875,20-Aug-10
580,Dhule,Sakri,Onion,Red,FAQ,875,945,905,19-Aug-10
581,Dhule,Sakri,Onion,Red,FAQ,825,945,880,18-Aug-10
582,Dhule,Sakri,Onion,Red,FAQ,640,940,780,17-Aug-10
583,Dhule,Sakri,Onion,Red,FAQ,760,860,800,16-Aug-10
584,Dhule,Sakri,Onion,Red,FAQ,550,750,650,14-Aug-10
585,Dhule,Sakri,Onion,Red,FAQ,650,830,750,13-Aug-10
