"Min,Max,Modal Price from Maharashtra,Ahmednagar[Onion],Shrirampur from 01-Jan-2010To22-Oct-2020 (Total-1048) (Total-1048)",,,,,,,,,
Sl no.,District Name,Market Name,Commodity,Variety,Grade,Min Price (Rs./Quintal),Max Price (Rs./Quintal),Modal Price (Rs./Quintal),Price Date
1,Ahmednagar,Shrirampur,Onion,Other,FAQ,2450,5000,3850,14-Oct-20
2,Ahmednagar,Shrirampur,Onion,Other,FAQ,1750,3900,2750,9-Oct-20
3,Ahmednagar,Shrirampur,Onion,Other,FAQ,1800,3500,2750,7-Oct-20
4,Ahmednagar,Shrirampur,Onion,Other,FAQ,1750,3500,2750,5-Oct-20
5,Ahmednagar,Shrirampur,Onion,Other,FAQ,2000,3800,2900,2-Oct-20
6,Ahmednagar,Shrirampur,Onion,Other,FAQ,1950,4000,3000,30-Sep-20
7,Ahmednagar,Shrirampur,Onion,Other,FAQ,1900,4000,2900,28-Sep-20
8,Ahmednagar,Shrirampur,Onion,Other,FAQ,1800,3800,2800,25-Sep-20
9,Ahmednagar,Shrirampur,Onion,Other,FAQ,1100,4100,2100,23-Sep-20
10,Ahmednagar,Shrirampur,Onion,Other,FAQ,1900,4600,3400,21-Sep-20
11,Ahmednagar,Shrirampur,Onion,Other,FAQ,1050,2800,2050,18-Sep-20
12,Ahmednagar,Shrirampur,Onion,Other,FAQ,1250,2600,1950,16-Sep-20
13,Ahmednagar,Shrirampur,Onion,Other,FAQ,1550,3300,2450,14-Sep-20
14,Ahmednagar,Shrirampur,Onion,Other,FAQ,1050,2600,1950,11-Sep-20
15,Ahmednagar,Shrirampur,Onion,Other,FAQ,950,2600,1750,4-Sep-20
16,Ahmednagar,Shrirampur,Onion,Other,FAQ,850,2000,1450,2-Sep-20
17,Ahmednagar,Shrirampur,Onion,Other,FAQ,750,1600,1150,31-Aug-20
18,Ahmednagar,Shrirampur,Onion,Other,FAQ,850,2100,1550,28-Aug-20
19,Ahmednagar,Shrirampur,Onion,Other,FAQ,750,1600,1150,26-Aug-20
20,Ahmednagar,Shrirampur,Onion,Other,FAQ,650,1500,950,24-Aug-20
21,Ahmednagar,Shrirampur,Onion,Other,FAQ,950,2400,1850,19-Aug-20
22,Ahmednagar,Shrirampur,Onion,Other,FAQ,350,950,600,10-Aug-20
23,Ahmednagar,Shrirampur,Onion,Other,FAQ,350,800,550,7-Aug-20
24,Ahmednagar,Shrirampur,Onion,Other,FAQ,300,800,550,5-Aug-20
25,Ahmednagar,Shrirampur,Onion,Other,FAQ,350,800,550,29-Jul-20
26,Ahmednagar,Shrirampur,Onion,Other,FAQ,250,700,450,28-Jul-20
27,Ahmednagar,Shrirampur,Onion,Other,FAQ,300,850,550,27-Jul-20
28,Ahmednagar,Shrirampur,Onion,Other,FAQ,300,800,550,21-Jul-20
29,Ahmednagar,Shrirampur,Onion,Other,FAQ,400,900,650,20-Jul-20
30,Ahmednagar,Shrirampur,Onion,Other,FAQ,250,700,450,9-Jul-20
31,Ahmednagar,Shrirampur,Onion,Other,FAQ,250,800,550,7-Jul-20
32,Ahmednagar,Shrirampur,Onion,Other,FAQ,450,900,650,3-Jul-20
33,Ahmednagar,Shrirampur,Onion,Other,FAQ,450,900,650,1-Jul-20
34,Ahmednagar,Shrirampur,Onion,Other,FAQ,450,900,650,30-Jun-20
35,Ahmednagar,Shrirampur,Onion,Other,FAQ,300,900,600,29-Jun-20
36,Ahmednagar,Shrirampur,Onion,Other,FAQ,250,800,550,26-Jun-20
37,Ahmednagar,Shrirampur,Onion,Other,FAQ,350,800,550,25-Jun-20
38,Ahmednagar,Shrirampur,Onion,Other,FAQ,300,850,550,24-Jun-20
39,Ahmednagar,Shrirampur,Onion,Other,FAQ,350,900,650,23-Jun-20
40,Ahmednagar,Shrirampur,Onion,Other,FAQ,350,900,650,19-Jun-20
41,Ahmednagar,Shrirampur,Onion,Other,FAQ,250,800,450,18-Jun-20
42,Ahmednagar,Shrirampur,Onion,Other,FAQ,300,900,600,16-Jun-20
43,Ahmednagar,Shrirampur,Onion,Other,FAQ,350,1000,650,12-Jun-20
44,Ahmednagar,Shrirampur,Onion,Other,FAQ,400,1000,650,11-Jun-20
45,Ahmednagar,Shrirampur,Onion,Other,FAQ,450,1000,750,10-Jun-20
46,Ahmednagar,Shrirampur,Onion,Other,FAQ,350,950,650,9-Jun-20
47,Ahmednagar,Shrirampur,Onion,Other,FAQ,250,900,550,5-Jun-20
48,Ahmednagar,Shrirampur,Onion,Other,FAQ,350,900,600,4-Jun-20
49,Ahmednagar,Shrirampur,Onion,Other,FAQ,300,850,550,3-Jun-20
50,Ahmednagar,Shrirampur,Onion,Other,FAQ,300,825,550,2-Jun-20
51,Ahmednagar,Shrirampur,Onion,Other,FAQ,350,800,550,1-Jun-20
52,Ahmednagar,Shrirampur,Onion,Other,FAQ,400,800,500,29-May-20
53,Ahmednagar,Shrirampur,Onion,Other,FAQ,200,700,400,28-May-20
54,Ahmednagar,Shrirampur,Onion,Other,FAQ,200,700,400,27-May-20
55,Ahmednagar,Shrirampur,Onion,Other,FAQ,200,700,400,26-May-20
56,Ahmednagar,Shrirampur,Onion,Other,FAQ,150,650,350,25-May-20
57,Ahmednagar,Shrirampur,Onion,Other,FAQ,250,700,450,22-May-20
58,Ahmednagar,Shrirampur,Onion,Other,FAQ,150,700,450,21-May-20
59,Ahmednagar,Shrirampur,Onion,Other,FAQ,150,700,450,20-May-20
60,Ahmednagar,Shrirampur,Onion,Other,FAQ,250,700,450,15-May-20
61,Ahmednagar,Shrirampur,Onion,Other,FAQ,250,650,450,14-May-20
62,Ahmednagar,Shrirampur,Onion,Other,FAQ,250,675,450,11-May-20
63,Ahmednagar,Shrirampur,Onion,Other,FAQ,250,700,450,8-May-20
64,Ahmednagar,Shrirampur,Onion,Other,FAQ,250,700,450,6-May-20
65,Ahmednagar,Shrirampur,Onion,Other,FAQ,250,800,550,17-Apr-20
66,Ahmednagar,Shrirampur,Onion,Red,FAQ,850,1700,1350,22-Mar-20
67,Ahmednagar,Shrirampur,Onion,Red,FAQ,800,1400,1050,20-Mar-20
68,Ahmednagar,Shrirampur,Onion,Other,FAQ,600,1550,1150,18-Mar-20
69,Ahmednagar,Shrirampur,Onion,Red,FAQ,1000,1800,1500,15-Mar-20
70,Ahmednagar,Shrirampur,Onion,Red,FAQ,900,1800,1400,13-Mar-20
71,Ahmednagar,Shrirampur,Onion,Red,FAQ,900,2000,1400,11-Mar-20
72,Ahmednagar,Shrirampur,Onion,Red,FAQ,1050,1900,1450,8-Mar-20
73,Ahmednagar,Shrirampur,Onion,Red,FAQ,800,1600,1100,6-Mar-20
74,Ahmednagar,Shrirampur,Onion,Red,FAQ,900,1900,1400,1-Mar-20
75,Ahmednagar,Shrirampur,Onion,Red,FAQ,1000,2100,1600,28-Feb-20
76,Ahmednagar,Shrirampur,Onion,Red,FAQ,900,1900,1400,26-Feb-20
77,Ahmednagar,Shrirampur,Onion,Red,FAQ,950,2050,1650,23-Feb-20
78,Ahmednagar,Shrirampur,Onion,Red,FAQ,1050,2500,1750,16-Feb-20
79,Ahmednagar,Shrirampur,Onion,Red,FAQ,900,2300,1600,12-Feb-20
80,Ahmednagar,Shrirampur,Onion,Red,FAQ,800,2200,1500,9-Feb-20
81,Ahmednagar,Shrirampur,Onion,Red,FAQ,700,2000,1500,5-Feb-20
82,Ahmednagar,Shrirampur,Onion,Red,FAQ,1875,3000,2550,31-Jan-20
83,Ahmednagar,Shrirampur,Onion,Red,FAQ,2125,3025,2500,29-Jan-20
84,Ahmednagar,Shrirampur,Onion,Red,FAQ,1630,3250,2725,26-Jan-20
85,Ahmednagar,Shrirampur,Onion,Red,FAQ,600,3125,1700,24-Jan-20
86,Ahmednagar,Shrirampur,Onion,Red,FAQ,1775,4000,3400,22-Jan-20
87,Ahmednagar,Shrirampur,Onion,Red,FAQ,1500,3900,2800,19-Jan-20
88,Ahmednagar,Shrirampur,Onion,Red,FAQ,1980,4500,3630,17-Jan-20
89,Ahmednagar,Shrirampur,Onion,Red,FAQ,2000,4300,3800,15-Jan-20
90,Ahmednagar,Shrirampur,Onion,Red,FAQ,1700,5300,3800,12-Jan-20
91,Ahmednagar,Shrirampur,Onion,Other,FAQ,1500,5000,3550,8-Jan-20
92,Ahmednagar,Shrirampur,Onion,Red,FAQ,500,3495,1805,3-Jan-20
93,Ahmednagar,Shrirampur,Onion,Red,FAQ,3000,6600,4500,29-Dec-19
94,Ahmednagar,Shrirampur,Onion,Other,FAQ,1800,4600,2500,25-Dec-19
95,Ahmednagar,Shrirampur,Onion,Other,FAQ,3000,7500,5000,22-Dec-19
96,Ahmednagar,Shrirampur,Onion,Other,FAQ,3000,8700,6000,18-Dec-19
97,Ahmednagar,Shrirampur,Onion,Other,FAQ,3000,8000,6000,15-Dec-19
98,Ahmednagar,Shrirampur,Onion,Other,FAQ,3000,7000,5000,11-Dec-19
99,Ahmednagar,Shrirampur,Onion,Other,FAQ,3000,9000,6000,8-Dec-19
100,Ahmednagar,Shrirampur,Onion,Other,FAQ,4000,14000,9000,4-Dec-19
101,Ahmednagar,Shrirampur,Onion,Other,FAQ,4900,7400,6000,1-Dec-19
102,Ahmednagar,Shrirampur,Onion,Other,FAQ,6000,8500,6500,27-Nov-19
103,Ahmednagar,Shrirampur,Onion,Other,FAQ,4000,10100,6000,24-Nov-19
104,Ahmednagar,Shrirampur,Onion,Other,FAQ,2750,6500,4950,20-Nov-19
105,Ahmednagar,Shrirampur,Onion,Other,FAQ,2750,6500,4950,17-Nov-19
106,Ahmednagar,Shrirampur,Onion,Other,FAQ,2450,6000,4950,15-Nov-19
107,Ahmednagar,Shrirampur,Onion,Other,FAQ,3400,5500,4700,13-Nov-19
108,Ahmednagar,Shrirampur,Onion,Other,FAQ,2950,6600,4950,10-Nov-19
109,Ahmednagar,Shrirampur,Onion,Other,FAQ,1900,5100,3950,8-Nov-19
110,Ahmednagar,Shrirampur,Onion,Other,FAQ,1950,4800,3750,6-Nov-19
111,Ahmednagar,Shrirampur,Onion,Other,FAQ,4100,5800,5000,3-Nov-19
112,Ahmednagar,Shrirampur,Onion,Other,FAQ,2350,4000,3150,30-Oct-19
113,Ahmednagar,Shrirampur,Onion,Other,FAQ,2150,3600,2950,23-Oct-19
114,Ahmednagar,Shrirampur,Onion,Other,FAQ,1050,3000,2050,20-Oct-19
115,Ahmednagar,Shrirampur,Onion,Other,FAQ,1150,2600,1850,18-Oct-19
116,Ahmednagar,Shrirampur,Onion,Other,FAQ,1450,3200,2450,16-Oct-19
117,Ahmednagar,Shrirampur,Onion,Other,FAQ,1850,3600,2850,13-Oct-19
118,Ahmednagar,Shrirampur,Onion,Other,FAQ,2050,3500,2850,11-Oct-19
119,Ahmednagar,Shrirampur,Onion,Other,FAQ,1850,3800,2950,6-Oct-19
120,Ahmednagar,Shrirampur,Onion,Other,FAQ,1950,3100,2550,4-Oct-19
121,Ahmednagar,Shrirampur,Onion,Other,FAQ,1950,3500,2600,2-Oct-19
122,Ahmednagar,Shrirampur,Onion,Other,FAQ,2150,4000,3050,29-Sep-19
123,Ahmednagar,Shrirampur,Onion,Other,FAQ,2050,3500,2850,27-Sep-19
124,Ahmednagar,Shrirampur,Onion,Other,FAQ,1850,3900,2950,25-Sep-19
125,Ahmednagar,Shrirampur,Onion,Other,FAQ,2900,4800,3800,22-Sep-19
126,Ahmednagar,Shrirampur,Onion,Other,FAQ,3050,4600,3950,20-Sep-19
127,Ahmednagar,Shrirampur,Onion,Other,FAQ,1650,3600,2750,18-Sep-19
128,Ahmednagar,Shrirampur,Onion,Other,FAQ,1850,3600,2850,15-Sep-19
129,Ahmednagar,Shrirampur,Onion,Other,FAQ,1650,3100,2450,13-Sep-19
130,Ahmednagar,Shrirampur,Onion,Other,FAQ,1450,2800,2050,11-Sep-19
131,Ahmednagar,Shrirampur,Onion,Other,FAQ,1250,2600,2000,6-Sep-19
132,Ahmednagar,Shrirampur,Onion,Other,FAQ,950,2700,1850,4-Sep-19
133,Ahmednagar,Shrirampur,Onion,Other,FAQ,1250,2600,1950,1-Sep-19
134,Ahmednagar,Shrirampur,Onion,Other,FAQ,1250,2600,2050,30-Aug-19
135,Ahmednagar,Shrirampur,Onion,Other,FAQ,1450,2600,1950,23-Aug-19
136,Ahmednagar,Shrirampur,Onion,Other,FAQ,1050,2900,1950,21-Aug-19
137,Ahmednagar,Shrirampur,Onion,Other,FAQ,850,2200,1550,18-Aug-19
138,Ahmednagar,Shrirampur,Onion,Other,FAQ,850,2400,1550,16-Aug-19
139,Ahmednagar,Shrirampur,Onion,Other,FAQ,850,2000,1450,14-Aug-19
140,Ahmednagar,Shrirampur,Onion,Other,FAQ,550,1600,1050,11-Aug-19
141,Ahmednagar,Shrirampur,Onion,Other,FAQ,650,1600,1050,9-Aug-19
142,Ahmednagar,Shrirampur,Onion,Other,FAQ,650,1800,1250,7-Aug-19
143,Ahmednagar,Shrirampur,Onion,Other,FAQ,550,1600,1050,4-Aug-19
144,Ahmednagar,Shrirampur,Onion,Other,FAQ,550,1600,1050,2-Aug-19
145,Ahmednagar,Shrirampur,Onion,Other,FAQ,550,1600,1050,31-Jul-19
146,Ahmednagar,Shrirampur,Onion,Other,FAQ,500,1450,1000,28-Jul-19
147,Ahmednagar,Shrirampur,Onion,Other,FAQ,600,1400,1050,26-Jul-19
148,Ahmednagar,Shrirampur,Onion,Other,FAQ,600,1450,1050,24-Jul-19
149,Ahmednagar,Shrirampur,Onion,Other,FAQ,850,1400,1150,21-Jul-19
150,Ahmednagar,Shrirampur,Onion,Other,FAQ,850,1400,1150,17-Jul-19
151,Ahmednagar,Shrirampur,Onion,Other,FAQ,800,1400,1150,12-Jul-19
152,Ahmednagar,Shrirampur,Onion,Other,FAQ,750,1400,1150,10-Jul-19
153,Ahmednagar,Shrirampur,Onion,Other,FAQ,850,1600,1250,7-Jul-19
154,Ahmednagar,Shrirampur,Onion,Other,FAQ,750,1400,1150,5-Jul-19
155,Ahmednagar,Shrirampur,Onion,Other,FAQ,650,1700,1250,3-Jul-19
156,Ahmednagar,Shrirampur,Onion,Other,FAQ,850,1600,1200,30-Jun-19
157,Ahmednagar,Shrirampur,Onion,Other,FAQ,600,1500,1050,26-Jun-19
158,Ahmednagar,Shrirampur,Onion,Other,FAQ,550,1500,1050,23-Jun-19
159,Ahmednagar,Shrirampur,Onion,Other,FAQ,400,1500,1050,21-Jun-19
160,Ahmednagar,Shrirampur,Onion,Other,FAQ,750,1700,1150,19-Jun-19
161,Ahmednagar,Shrirampur,Onion,Other,FAQ,400,1500,1150,16-Jun-19
162,Ahmednagar,Shrirampur,Onion,Other,FAQ,400,1400,800,14-Jun-19
163,Ahmednagar,Shrirampur,Onion,Other,FAQ,850,1700,1150,12-Jun-19
164,Ahmednagar,Shrirampur,Onion,Other,FAQ,400,1500,800,2-Jun-19
165,Ahmednagar,Shrirampur,Onion,Other,FAQ,550,1400,950,31-May-19
166,Ahmednagar,Shrirampur,Onion,Other,FAQ,850,1600,1150,29-May-19
167,Ahmednagar,Shrirampur,Onion,Other,FAQ,650,1400,950,26-May-19
168,Ahmednagar,Shrirampur,Onion,Other,FAQ,650,1400,900,24-May-19
169,Ahmednagar,Shrirampur,Onion,Other,FAQ,200,1600,1150,22-May-19
170,Ahmednagar,Shrirampur,Onion,Other,FAQ,350,1100,650,15-May-19
171,Ahmednagar,Shrirampur,Onion,Other,FAQ,200,1100,750,12-May-19
172,Ahmednagar,Shrirampur,Onion,Other,FAQ,350,1100,850,10-May-19
173,Ahmednagar,Shrirampur,Onion,Other,FAQ,100,1000,650,8-May-19
174,Ahmednagar,Shrirampur,Onion,Other,FAQ,200,1100,750,5-May-19
175,Ahmednagar,Shrirampur,Onion,Other,FAQ,350,900,650,3-May-19
176,Ahmednagar,Shrirampur,Onion,Other,FAQ,350,1100,850,1-May-19
177,Ahmednagar,Shrirampur,Onion,Other,FAQ,300,1100,850,28-Apr-19
178,Ahmednagar,Shrirampur,Onion,Other,FAQ,550,1100,850,26-Apr-19
179,Ahmednagar,Shrirampur,Onion,Other,FAQ,300,1200,850,24-Apr-19
180,Ahmednagar,Shrirampur,Onion,Other,FAQ,150,1000,650,21-Apr-19
181,Ahmednagar,Shrirampur,Onion,Other,FAQ,200,900,650,17-Apr-19
182,Ahmednagar,Shrirampur,Onion,Other,FAQ,200,800,550,14-Apr-19
183,Ahmednagar,Shrirampur,Onion,Other,FAQ,350,800,550,12-Apr-19
184,Ahmednagar,Shrirampur,Onion,Other,FAQ,350,900,650,10-Apr-19
185,Ahmednagar,Shrirampur,Onion,Other,FAQ,200,900,650,7-Apr-19
186,Ahmednagar,Shrirampur,Onion,Other,FAQ,350,800,550,5-Apr-19
187,Ahmednagar,Shrirampur,Onion,Other,FAQ,250,800,650,3-Apr-19
188,Ahmednagar,Shrirampur,Onion,Other,FAQ,350,800,550,31-Mar-19
189,Ahmednagar,Shrirampur,Onion,Other,FAQ,250,700,450,29-Mar-19
190,Ahmednagar,Shrirampur,Onion,Other,FAQ,350,800,550,27-Mar-19
191,Ahmednagar,Shrirampur,Onion,Other,FAQ,400,900,650,24-Mar-19
192,Ahmednagar,Shrirampur,Onion,Other,FAQ,250,700,450,20-Mar-19
193,Ahmednagar,Shrirampur,Onion,Other,FAQ,250,700,450,17-Mar-19
194,Ahmednagar,Shrirampur,Onion,Other,FAQ,250,700,450,15-Mar-19
195,Ahmednagar,Shrirampur,Onion,Other,FAQ,150,800,550,10-Mar-19
196,Ahmednagar,Shrirampur,Onion,Other,FAQ,100,600,350,6-Mar-19
197,Ahmednagar,Shrirampur,Onion,Other,FAQ,150,500,350,3-Mar-19
198,Ahmednagar,Shrirampur,Onion,Other,FAQ,200,600,350,24-Feb-19
199,Ahmednagar,Shrirampur,Onion,Other,FAQ,200,600,350,20-Feb-19
200,Ahmednagar,Shrirampur,Onion,Other,FAQ,250,700,450,13-Feb-19
201,Ahmednagar,Shrirampur,Onion,Other,FAQ,250,700,450,10-Feb-19
202,Ahmednagar,Shrirampur,Onion,Other,FAQ,250,700,550,8-Feb-19
203,Ahmednagar,Shrirampur,Onion,Other,FAQ,250,700,550,6-Feb-19
204,Ahmednagar,Shrirampur,Onion,Other,FAQ,100,700,450,3-Feb-19
205,Ahmednagar,Shrirampur,Onion,Other,FAQ,100,600,350,30-Jan-19
206,Ahmednagar,Shrirampur,Onion,Other,FAQ,75,550,350,27-Jan-19
207,Ahmednagar,Shrirampur,Onion,Other,FAQ,250,700,450,23-Jan-19
208,Ahmednagar,Shrirampur,Onion,Other,FAQ,100,800,550,20-Jan-19
209,Ahmednagar,Shrirampur,Onion,Other,FAQ,250,850,550,6-Jan-19
210,Ahmednagar,Shrirampur,Onion,Other,FAQ,100,825,500,2-Jan-19
211,Ahmednagar,Shrirampur,Onion,Other,FAQ,150,750,425,1-Jan-19
212,Ahmednagar,Shrirampur,Onion,Red,FAQ,100,850,550,30-Dec-18
213,Ahmednagar,Shrirampur,Onion,Other,FAQ,75,550,300,30-Dec-18
214,Ahmednagar,Shrirampur,Onion,Other,FAQ,100,400,250,28-Dec-18
215,Ahmednagar,Shrirampur,Onion,Other,FAQ,150,475,300,26-Dec-18
216,Ahmednagar,Shrirampur,Onion,Red,FAQ,100,800,500,23-Dec-18
217,Ahmednagar,Shrirampur,Onion,Other,FAQ,100,550,350,23-Dec-18
218,Ahmednagar,Shrirampur,Onion,Red,FAQ,100,750,500,19-Dec-18
219,Ahmednagar,Shrirampur,Onion,Other,FAQ,100,800,550,19-Dec-18
220,Ahmednagar,Shrirampur,Onion,Red,FAQ,300,1000,700,16-Dec-18
221,Ahmednagar,Shrirampur,Onion,Other,FAQ,250,800,550,16-Dec-18
222,Ahmednagar,Shrirampur,Onion,Other,FAQ,100,700,450,14-Dec-18
223,Ahmednagar,Shrirampur,Onion,Red,FAQ,400,1000,700,12-Dec-18
224,Ahmednagar,Shrirampur,Onion,Other,FAQ,200,800,550,12-Dec-18
225,Ahmednagar,Shrirampur,Onion,Other,FAQ,100,700,450,9-Dec-18
226,Ahmednagar,Shrirampur,Onion,Other,FAQ,200,700,450,7-Dec-18
227,Ahmednagar,Shrirampur,Onion,Other,FAQ,100,800,550,5-Dec-18
228,Ahmednagar,Shrirampur,Onion,Other,FAQ,200,700,450,2-Dec-18
229,Ahmednagar,Shrirampur,Onion,Other,FAQ,250,800,550,30-Nov-18
230,Ahmednagar,Shrirampur,Onion,Other,FAQ,100,800,550,28-Nov-18
231,Ahmednagar,Shrirampur,Onion,Other,FAQ,250,900,550,25-Nov-18
232,Ahmednagar,Shrirampur,Onion,Other,FAQ,250,900,650,21-Nov-18
233,Ahmednagar,Shrirampur,Onion,Other,FAQ,100,1000,600,18-Nov-18
234,Ahmednagar,Shrirampur,Onion,Other,FAQ,350,1100,750,16-Nov-18
235,Ahmednagar,Shrirampur,Onion,Other,FAQ,450,1600,950,14-Nov-18
236,Ahmednagar,Shrirampur,Onion,Other,FAQ,450,1600,950,11-Nov-18
237,Ahmednagar,Shrirampur,Onion,Other,FAQ,550,1500,950,4-Nov-18
238,Ahmednagar,Shrirampur,Onion,Other,FAQ,450,1300,950,31-Oct-18
239,Ahmednagar,Shrirampur,Onion,Other,FAQ,450,1500,950,28-Oct-18
240,Ahmednagar,Shrirampur,Onion,Other,FAQ,650,1600,950,26-Oct-18
241,Ahmednagar,Shrirampur,Onion,Other,FAQ,750,2000,1350,24-Oct-18
242,Ahmednagar,Shrirampur,Onion,Other,FAQ,750,1800,1250,21-Oct-18
243,Ahmednagar,Shrirampur,Onion,Other,FAQ,450,2200,1450,19-Oct-18
244,Ahmednagar,Shrirampur,Onion,Other,FAQ,400,3200,2150,17-Oct-18
245,Ahmednagar,Shrirampur,Onion,Other,FAQ,500,2000,1450,14-Oct-18
246,Ahmednagar,Shrirampur,Onion,Other,FAQ,450,1300,850,12-Oct-18
247,Ahmednagar,Shrirampur,Onion,Other,FAQ,450,1200,850,10-Oct-18
248,Ahmednagar,Shrirampur,Onion,Other,FAQ,450,1400,850,7-Oct-18
249,Ahmednagar,Shrirampur,Onion,Other,FAQ,450,1100,750,5-Oct-18
250,Ahmednagar,Shrirampur,Onion,Other,FAQ,500,1100,800,3-Oct-18
251,Ahmednagar,Shrirampur,Onion,Other,FAQ,450,1100,800,30-Sep-18
252,Ahmednagar,Shrirampur,Onion,Other,FAQ,350,1000,650,21-Sep-18
253,Ahmednagar,Shrirampur,Onion,Other,FAQ,300,1000,600,19-Sep-18
254,Ahmednagar,Shrirampur,Onion,Other,FAQ,500,1100,850,16-Sep-18
255,Ahmednagar,Shrirampur,Onion,Other,FAQ,350,1000,650,14-Sep-18
256,Ahmednagar,Shrirampur,Onion,Other,FAQ,450,1100,750,12-Sep-18
257,Ahmednagar,Shrirampur,Onion,Other,FAQ,450,1100,800,9-Sep-18
258,Ahmednagar,Shrirampur,Onion,Other,FAQ,350,1000,650,7-Sep-18
259,Ahmednagar,Shrirampur,Onion,Other,FAQ,550,1100,850,5-Sep-18
260,Ahmednagar,Shrirampur,Onion,Other,FAQ,550,1100,850,2-Sep-18
261,Ahmednagar,Shrirampur,Onion,Other,FAQ,450,1000,750,31-Aug-18
262,Ahmednagar,Shrirampur,Onion,Other,FAQ,450,1100,750,29-Aug-18
263,Ahmednagar,Shrirampur,Onion,Other,FAQ,500,1100,750,26-Aug-18
264,Ahmednagar,Shrirampur,Onion,Other,FAQ,350,1100,750,24-Aug-18
265,Ahmednagar,Shrirampur,Onion,Other,FAQ,550,1300,850,22-Aug-18
266,Ahmednagar,Shrirampur,Onion,Other,FAQ,550,1300,850,19-Aug-18
267,Ahmednagar,Shrirampur,Onion,Other,FAQ,450,1200,850,17-Aug-18
268,Ahmednagar,Shrirampur,Onion,Other,FAQ,300,1300,850,12-Aug-18
269,Ahmednagar,Shrirampur,Onion,Other,FAQ,550,1100,850,10-Aug-18
270,Ahmednagar,Shrirampur,Onion,Other,FAQ,350,1300,850,8-Aug-18
271,Ahmednagar,Shrirampur,Onion,Other,FAQ,550,1150,850,3-Aug-18
272,Ahmednagar,Shrirampur,Onion,Other,FAQ,500,1300,850,29-Jul-18
273,Ahmednagar,Shrirampur,Onion,Other,FAQ,650,1300,1050,27-Jul-18
274,Ahmednagar,Shrirampur,Onion,Other,FAQ,750,1400,1050,25-Jul-18
275,Ahmednagar,Shrirampur,Onion,Other,FAQ,650,1400,1050,20-Jul-18
276,Ahmednagar,Shrirampur,Onion,Other,FAQ,650,1400,1050,18-Jul-18
277,Ahmednagar,Shrirampur,Onion,Other,FAQ,550,1400,950,15-Jul-18
278,Ahmednagar,Shrirampur,Onion,Other,FAQ,550,1300,950,13-Jul-18
279,Ahmednagar,Shrirampur,Onion,Other,FAQ,450,1600,1050,11-Jul-18
280,Ahmednagar,Shrirampur,Onion,Other,FAQ,650,1600,1050,8-Jul-18
281,Ahmednagar,Shrirampur,Onion,Other,FAQ,650,1500,1050,6-Jul-18
282,Ahmednagar,Shrirampur,Onion,Other,FAQ,650,1600,1050,4-Jul-18
283,Ahmednagar,Shrirampur,Onion,Other,FAQ,750,1800,1150,1-Jul-18
284,Ahmednagar,Shrirampur,Onion,Other,FAQ,450,1300,900,29-Jun-18
285,Ahmednagar,Shrirampur,Onion,Other,FAQ,450,1300,900,27-Jun-18
286,Ahmednagar,Shrirampur,Onion,Other,FAQ,450,1400,900,24-Jun-18
287,Ahmednagar,Shrirampur,Onion,Other,FAQ,450,1300,850,22-Jun-18
288,Ahmednagar,Shrirampur,Onion,Other,FAQ,600,1400,950,20-Jun-18
289,Ahmednagar,Shrirampur,Onion,Other,FAQ,450,1300,850,17-Jun-18
290,Ahmednagar,Shrirampur,Onion,Other,FAQ,350,1100,650,15-Jun-18
291,Ahmednagar,Shrirampur,Onion,Other,FAQ,300,1100,800,13-Jun-18
292,Ahmednagar,Shrirampur,Onion,Other,FAQ,450,1200,800,10-Jun-18
293,Ahmednagar,Shrirampur,Onion,Other,FAQ,100,1000,650,8-Jun-18
294,Ahmednagar,Shrirampur,Onion,Other,FAQ,200,1100,750,6-Jun-18
295,Ahmednagar,Shrirampur,Onion,Other,FAQ,500,1150,750,1-Jun-18
296,Ahmednagar,Shrirampur,Onion,Other,FAQ,100,825,500,27-May-18
297,Ahmednagar,Shrirampur,Onion,Other,FAQ,300,700,500,25-May-18
298,Ahmednagar,Shrirampur,Onion,Other,FAQ,225,725,525,23-May-18
299,Ahmednagar,Shrirampur,Onion,Other,FAQ,100,700,500,20-May-18
300,Ahmednagar,Shrirampur,Onion,Other,FAQ,300,700,500,18-May-18
301,Ahmednagar,Shrirampur,Onion,Other,FAQ,100,800,600,16-May-18
302,Ahmednagar,Shrirampur,Onion,Other,FAQ,350,850,600,13-May-18
303,Ahmednagar,Shrirampur,Onion,Other,FAQ,100,725,450,11-May-18
304,Ahmednagar,Shrirampur,Onion,Other,FAQ,100,800,550,9-May-18
305,Ahmednagar,Shrirampur,Onion,Other,FAQ,150,725,600,6-May-18
306,Ahmednagar,Shrirampur,Onion,Other,FAQ,100,875,400,4-May-18
307,Ahmednagar,Shrirampur,Onion,Other,FAQ,350,950,600,2-May-18
308,Ahmednagar,Shrirampur,Onion,Other,FAQ,200,825,600,27-Apr-18
309,Ahmednagar,Shrirampur,Onion,Other,FAQ,100,800,550,25-Apr-18
310,Ahmednagar,Shrirampur,Onion,Other,FAQ,250,750,450,22-Apr-18
311,Ahmednagar,Shrirampur,Onion,Other,FAQ,100,700,450,20-Apr-18
312,Ahmednagar,Shrirampur,Onion,Other,FAQ,100,700,450,18-Apr-18
313,Ahmednagar,Shrirampur,Onion,Other,FAQ,100,700,450,13-Apr-18
314,Ahmednagar,Shrirampur,Onion,Other,FAQ,200,800,600,11-Apr-18
315,Ahmednagar,Shrirampur,Onion,Other,FAQ,350,800,550,8-Apr-18
316,Ahmednagar,Shrirampur,Onion,Other,FAQ,100,900,550,28-Mar-18
317,Ahmednagar,Shrirampur,Onion,Other,FAQ,425,1010,705,25-Mar-18
318,Ahmednagar,Shrirampur,Onion,Other,FAQ,200,900,650,23-Mar-18
319,Ahmednagar,Shrirampur,Onion,Red,FAQ,350,900,550,21-Mar-18
320,Ahmednagar,Shrirampur,Onion,Other,FAQ,200,700,400,18-Mar-18
321,Ahmednagar,Shrirampur,Onion,Other,FAQ,200,875,600,14-Mar-18
322,Ahmednagar,Shrirampur,Onion,Other,FAQ,350,900,650,11-Mar-18
323,Ahmednagar,Shrirampur,Onion,Red,FAQ,350,1000,750,9-Mar-18
324,Ahmednagar,Shrirampur,Onion,Other,FAQ,300,1000,500,7-Mar-18
325,Ahmednagar,Shrirampur,Onion,Other,FAQ,100,1200,750,4-Mar-18
326,Ahmednagar,Shrirampur,Onion,Other,FAQ,200,1100,850,2-Mar-18
327,Ahmednagar,Shrirampur,Onion,Other,FAQ,500,1300,850,25-Feb-18
328,Ahmednagar,Shrirampur,Onion,Other,FAQ,850,1200,1100,23-Feb-18
329,Ahmednagar,Shrirampur,Onion,Other,FAQ,850,1700,1350,21-Feb-18
330,Ahmednagar,Shrirampur,Onion,Red,FAQ,850,1800,1350,18-Feb-18
331,Ahmednagar,Shrirampur,Onion,Red,FAQ,900,2000,1450,14-Feb-18
332,Ahmednagar,Shrirampur,Onion,Red,FAQ,800,1700,1250,11-Feb-18
333,Ahmednagar,Shrirampur,Onion,Red,FAQ,1250,2000,1700,7-Feb-18
334,Ahmednagar,Shrirampur,Onion,Red,FAQ,700,1200,900,2-Feb-18
335,Ahmednagar,Shrirampur,Onion,Red,FAQ,950,2000,1450,31-Jan-18
336,Ahmednagar,Shrirampur,Onion,Red,FAQ,1200,2200,1500,28-Jan-18
337,Ahmednagar,Shrirampur,Onion,Other,FAQ,1200,2200,1500,28-Jan-18
338,Ahmednagar,Shrirampur,Onion,Other,FAQ,1400,2800,2350,24-Jan-18
339,Ahmednagar,Shrirampur,Onion,Red,FAQ,1950,2900,2450,21-Jan-18
340,Ahmednagar,Shrirampur,Onion,Red,FAQ,1500,3200,2500,17-Jan-18
341,Ahmednagar,Shrirampur,Onion,Red,FAQ,1950,3200,2550,10-Jan-18
342,Ahmednagar,Shrirampur,Onion,Red,FAQ,1650,2975,2450,27-Dec-17
343,Ahmednagar,Shrirampur,Onion,Red,FAQ,1000,3400,2400,20-Dec-17
344,Ahmednagar,Shrirampur,Onion,Red,FAQ,1000,2905,2450,17-Dec-17
345,Ahmednagar,Shrirampur,Onion,Other,FAQ,1100,4005,3250,13-Dec-17
346,Ahmednagar,Shrirampur,Onion,Other,FAQ,600,3500,2750,6-Dec-17
347,Ahmednagar,Shrirampur,Onion,Other,FAQ,1500,4400,3350,3-Dec-17
348,Ahmednagar,Shrirampur,Onion,Other,FAQ,1500,4500,3450,29-Nov-17
349,Ahmednagar,Shrirampur,Onion,Other,FAQ,800,4700,3100,26-Nov-17
350,Ahmednagar,Shrirampur,Onion,Other,FAQ,1000,4400,3150,22-Nov-17
351,Ahmednagar,Shrirampur,Onion,Other,FAQ,800,4000,3050,19-Nov-17
352,Ahmednagar,Shrirampur,Onion,Other,FAQ,1500,3400,2700,15-Nov-17
353,Ahmednagar,Shrirampur,Onion,Other,FAQ,800,3300,2450,12-Nov-17
354,Ahmednagar,Shrirampur,Onion,Other,FAQ,1000,3600,2750,8-Nov-17
355,Ahmednagar,Shrirampur,Onion,Other,FAQ,1100,3800,3050,5-Nov-17
356,Ahmednagar,Shrirampur,Onion,Other,FAQ,1550,3600,2450,1-Nov-17
357,Ahmednagar,Shrirampur,Onion,Other,FAQ,800,3400,2450,29-Oct-17
358,Ahmednagar,Shrirampur,Onion,Other,FAQ,1000,3500,2950,25-Oct-17
359,Ahmednagar,Shrirampur,Onion,Other,FAQ,1500,4000,2500,22-Oct-17
360,Ahmednagar,Shrirampur,Onion,Other,FAQ,900,2700,2150,15-Oct-17
361,Ahmednagar,Shrirampur,Onion,Other,FAQ,900,2800,1500,11-Oct-17
362,Ahmednagar,Shrirampur,Onion,Other,FAQ,1000,2800,2250,8-Oct-17
363,Ahmednagar,Shrirampur,Onion,Other,FAQ,600,2300,1750,4-Oct-17
364,Ahmednagar,Shrirampur,Onion,Other,FAQ,500,1900,1600,1-Oct-17
365,Ahmednagar,Shrirampur,Onion,Other,FAQ,400,1900,1550,27-Sep-17
366,Ahmednagar,Shrirampur,Onion,Other,FAQ,400,2000,1650,24-Sep-17
367,Ahmednagar,Shrirampur,Onion,Other,FAQ,500,1900,1450,20-Sep-17
368,Ahmednagar,Shrirampur,Onion,Other,FAQ,400,1650,1350,17-Sep-17
369,Ahmednagar,Shrirampur,Onion,Other,FAQ,400,1700,1350,13-Sep-17
370,Ahmednagar,Shrirampur,Onion,Other,FAQ,400,1700,1450,10-Sep-17
371,Ahmednagar,Shrirampur,Onion,Other,FAQ,700,2100,1750,6-Sep-17
372,Ahmednagar,Shrirampur,Onion,Other,FAQ,700,2200,1750,3-Sep-17
373,Ahmednagar,Shrirampur,Onion,Other,FAQ,500,2200,1750,30-Aug-17
374,Ahmednagar,Shrirampur,Onion,Other,FAQ,500,2000,1650,27-Aug-17
375,Ahmednagar,Shrirampur,Onion,Other,FAQ,500,2100,1650,26-Aug-17
376,Ahmednagar,Shrirampur,Onion,Other,FAQ,900,2700,1500,20-Aug-17
377,Ahmednagar,Shrirampur,Onion,Other,FAQ,500,2200,1850,16-Aug-17
378,Ahmednagar,Shrirampur,Onion,Other,FAQ,700,2300,1900,13-Aug-17
379,Ahmednagar,Shrirampur,Onion,Other,FAQ,1000,2600,2250,11-Aug-17
380,Ahmednagar,Shrirampur,Onion,Other,FAQ,1000,2850,2350,9-Aug-17
381,Ahmednagar,Shrirampur,Onion,Other,FAQ,1000,2850,2350,6-Aug-17
382,Ahmednagar,Shrirampur,Onion,Other,FAQ,700,2750,2150,4-Aug-17
383,Ahmednagar,Shrirampur,Onion,Other,FAQ,500,2000,1500,2-Aug-17
384,Ahmednagar,Shrirampur,Onion,Other,FAQ,500,2100,1500,30-Jul-17
385,Ahmednagar,Shrirampur,Onion,Other,FAQ,300,1250,850,26-Jul-17
386,Ahmednagar,Shrirampur,Onion,Other,FAQ,200,1000,750,23-Jul-17
387,Ahmednagar,Shrirampur,Onion,Other,FAQ,300,900,700,21-Jul-17
388,Ahmednagar,Shrirampur,Onion,Other,FAQ,150,1000,650,19-Jul-17
389,Ahmednagar,Shrirampur,Onion,Other,FAQ,150,800,550,16-Jul-17
390,Ahmednagar,Shrirampur,Onion,Other,FAQ,150,800,550,12-Jul-17
391,Ahmednagar,Shrirampur,Onion,Other,FAQ,150,900,650,9-Jul-17
392,Ahmednagar,Shrirampur,Onion,Other,FAQ,150,850,550,5-Jul-17
393,Ahmednagar,Shrirampur,Onion,Other,FAQ,150,950,650,2-Jul-17
394,Ahmednagar,Shrirampur,Onion,Other,FAQ,150,850,400,29-Jun-17
395,Ahmednagar,Shrirampur,Onion,Other,FAQ,150,800,550,25-Jun-17
396,Ahmednagar,Shrirampur,Onion,Other,FAQ,150,800,550,21-Jun-17
397,Ahmednagar,Shrirampur,Onion,Other,FAQ,100,800,550,18-Jun-17
398,Ahmednagar,Shrirampur,Onion,Other,FAQ,200,1015,650,14-Jun-17
399,Ahmednagar,Shrirampur,Onion,Other,FAQ,200,900,650,11-Jun-17
400,Ahmednagar,Shrirampur,Onion,Other,FAQ,100,850,550,31-May-17
401,Ahmednagar,Shrirampur,Onion,Other,FAQ,100,700,500,28-May-17
402,Ahmednagar,Shrirampur,Onion,Other,FAQ,100,700,500,24-May-17
403,Ahmednagar,Shrirampur,Onion,Other,FAQ,100,650,450,21-May-17
404,Ahmednagar,Shrirampur,Onion,Other,FAQ,50,550,400,17-May-17
405,Ahmednagar,Shrirampur,Onion,Other,FAQ,100,550,350,14-May-17
406,Ahmednagar,Shrirampur,Onion,Other,FAQ,100,500,350,10-May-17
407,Ahmednagar,Shrirampur,Onion,Other,FAQ,100,500,350,7-May-17
408,Ahmednagar,Shrirampur,Onion,Other,FAQ,150,550,350,3-May-17
409,Ahmednagar,Shrirampur,Onion,Other,FAQ,100,550,350,30-Apr-17
410,Ahmednagar,Shrirampur,Onion,Other,FAQ,75,500,350,26-Apr-17
411,Ahmednagar,Shrirampur,Onion,Other,FAQ,150,600,450,23-Apr-17
412,Ahmednagar,Shrirampur,Onion,Other,FAQ,150,600,450,19-Apr-17
413,Ahmednagar,Shrirampur,Onion,Other,FAQ,150,600,450,16-Apr-17
414,Ahmednagar,Shrirampur,Onion,Other,FAQ,150,600,450,12-Apr-17
415,Ahmednagar,Shrirampur,Onion,Other,FAQ,150,650,450,9-Apr-17
416,Ahmednagar,Shrirampur,Onion,Other,FAQ,200,700,500,5-Apr-17
417,Ahmednagar,Shrirampur,Onion,Other,FAQ,200,650,350,2-Apr-17
418,Ahmednagar,Shrirampur,Onion,Other,FAQ,200,700,550,29-Mar-17
419,Ahmednagar,Shrirampur,Onion,Other,FAQ,150,650,450,26-Mar-17
420,Ahmednagar,Shrirampur,Onion,Other,FAQ,150,650,450,22-Mar-17
421,Ahmednagar,Shrirampur,Onion,Other,FAQ,100,650,450,19-Mar-17
422,Ahmednagar,Shrirampur,Onion,Other,FAQ,150,650,450,15-Mar-17
423,Ahmednagar,Shrirampur,Onion,Other,FAQ,150,700,550,12-Mar-17
424,Ahmednagar,Shrirampur,Onion,Other,FAQ,200,700,550,8-Mar-17
425,Ahmednagar,Shrirampur,Onion,Other,FAQ,200,750,550,5-Mar-17
426,Ahmednagar,Shrirampur,Onion,Other,FAQ,200,800,550,1-Mar-17
427,Ahmednagar,Shrirampur,Onion,Other,FAQ,200,800,550,26-Feb-17
428,Ahmednagar,Shrirampur,Onion,Other,FAQ,100,800,550,22-Feb-17
429,Ahmednagar,Shrirampur,Onion,Red,FAQ,200,800,550,15-Feb-17
430,Ahmednagar,Shrirampur,Onion,Red,FAQ,200,800,550,12-Feb-17
431,Ahmednagar,Shrirampur,Onion,Red,FAQ,200,800,550,8-Feb-17
432,Ahmednagar,Shrirampur,Onion,Red,FAQ,200,800,550,5-Feb-17
433,Ahmednagar,Shrirampur,Onion,Red,FAQ,100,750,550,1-Feb-17
434,Ahmednagar,Shrirampur,Onion,Red,FAQ,100,800,550,29-Jan-17
435,Ahmednagar,Shrirampur,Onion,Red,FAQ,100,800,550,25-Jan-17
436,Ahmednagar,Shrirampur,Onion,Red,FAQ,100,800,550,18-Jan-17
437,Ahmednagar,Shrirampur,Onion,Red,FAQ,100,750,550,15-Jan-17
438,Ahmednagar,Shrirampur,Onion,Red,FAQ,100,800,550,11-Jan-17
439,Ahmednagar,Shrirampur,Onion,Red,FAQ,100,900,650,8-Jan-17
440,Ahmednagar,Shrirampur,Onion,Red,FAQ,100,825,600,4-Jan-17
441,Ahmednagar,Shrirampur,Onion,Other,FAQ,100,900,650,1-Jan-17
442,Ahmednagar,Shrirampur,Onion,Red,FAQ,100,800,550,28-Dec-16
443,Ahmednagar,Shrirampur,Onion,Other,FAQ,100,800,550,25-Dec-16
444,Ahmednagar,Shrirampur,Onion,Red,FAQ,100,850,550,21-Dec-16
445,Ahmednagar,Shrirampur,Onion,Other,FAQ,100,1050,750,18-Dec-16
446,Ahmednagar,Shrirampur,Onion,Other,FAQ,200,1000,650,14-Dec-16
447,Ahmednagar,Shrirampur,Onion,Other,FAQ,200,1025,750,13-Dec-16
448,Ahmednagar,Shrirampur,Onion,Other,FAQ,100,950,650,7-Dec-16
449,Ahmednagar,Shrirampur,Onion,Other,FAQ,100,1200,750,4-Dec-16
450,Ahmednagar,Shrirampur,Onion,Other,FAQ,100,1100,650,30-Nov-16
451,Ahmednagar,Shrirampur,Onion,Other,FAQ,200,1100,850,23-Nov-16
452,Ahmednagar,Shrirampur,Onion,Other,FAQ,200,1300,850,20-Nov-16
453,Ahmednagar,Shrirampur,Onion,Other,FAQ,200,1500,950,16-Nov-16
454,Ahmednagar,Shrirampur,Onion,Other,FAQ,200,1200,750,15-Nov-16
455,Ahmednagar,Shrirampur,Onion,Other,FAQ,300,1350,850,9-Nov-16
456,Ahmednagar,Shrirampur,Onion,Other,FAQ,300,1300,850,6-Nov-16
457,Ahmednagar,Shrirampur,Onion,Other,FAQ,100,1000,650,2-Nov-16
458,Ahmednagar,Shrirampur,Onion,Other,FAQ,100,1000,750,23-Oct-16
459,Ahmednagar,Shrirampur,Onion,Red,FAQ,100,1000,650,19-Oct-16
460,Ahmednagar,Shrirampur,Onion,Other,FAQ,100,1000,650,13-Oct-16
461,Ahmednagar,Shrirampur,Onion,Other,FAQ,100,1000,650,10-Oct-16
462,Ahmednagar,Shrirampur,Onion,Other,FAQ,100,1000,650,6-Oct-16
463,Ahmednagar,Shrirampur,Onion,Other,FAQ,100,750,450,26-Sep-16
464,Ahmednagar,Shrirampur,Onion,Other,FAQ,100,800,550,22-Sep-16
465,Ahmednagar,Shrirampur,Onion,Other,FAQ,100,850,550,19-Sep-16
466,Ahmednagar,Shrirampur,Onion,Other,FAQ,200,950,650,12-Sep-16
467,Ahmednagar,Shrirampur,Onion,Other,FAQ,200,800,650,9-Sep-16
468,Ahmednagar,Shrirampur,Onion,Other,FAQ,200,950,650,7-Sep-16
469,Ahmednagar,Shrirampur,Onion,Other,FAQ,100,850,650,29-Aug-16
470,Ahmednagar,Shrirampur,Onion,Other,FAQ,200,850,650,26-Aug-16
471,Ahmednagar,Shrirampur,Onion,Other,FAQ,200,1000,750,24-Aug-16
472,Ahmednagar,Shrirampur,Onion,Other,FAQ,200,1000,750,21-Aug-16
473,Ahmednagar,Shrirampur,Onion,Other,FAQ,200,950,700,19-Aug-16
474,Ahmednagar,Shrirampur,Onion,Other,FAQ,200,950,700,17-Aug-16
475,Ahmednagar,Shrirampur,Onion,Other,FAQ,200,950,750,14-Aug-16
476,Ahmednagar,Shrirampur,Onion,Other,FAQ,200,950,650,12-Aug-16
477,Ahmednagar,Shrirampur,Onion,Other,FAQ,200,1000,750,10-Aug-16
478,Ahmednagar,Shrirampur,Onion,Other,FAQ,200,950,700,7-Aug-16
479,Ahmednagar,Shrirampur,Onion,Other,FAQ,200,900,400,5-Aug-16
480,Ahmednagar,Shrirampur,Onion,Other,FAQ,200,950,700,3-Aug-16
481,Ahmednagar,Shrirampur,Onion,Other,FAQ,200,950,700,31-Jul-16
482,Ahmednagar,Shrirampur,Onion,Other,FAQ,200,875,650,29-Jul-16
483,Ahmednagar,Shrirampur,Onion,Other,FAQ,300,1000,750,27-Jul-16
484,Ahmednagar,Shrirampur,Onion,Other,FAQ,300,1100,850,24-Jul-16
485,Ahmednagar,Shrirampur,Onion,Other,FAQ,200,950,750,22-Jul-16
486,Ahmednagar,Shrirampur,Onion,Other,FAQ,200,1100,850,20-Jul-16
487,Ahmednagar,Shrirampur,Onion,Other,FAQ,200,1100,750,17-Jul-16
488,Ahmednagar,Shrirampur,Onion,Other,FAQ,300,1200,850,6-Jul-16
489,Ahmednagar,Shrirampur,Onion,Other,FAQ,300,1100,750,3-Jul-16
490,Ahmednagar,Shrirampur,Onion,Other,FAQ,200,1100,750,1-Jul-16
491,Ahmednagar,Shrirampur,Onion,Other,FAQ,200,1100,750,29-Jun-16
492,Ahmednagar,Shrirampur,Onion,Other,FAQ,200,1100,750,26-Jun-16
493,Ahmednagar,Shrirampur,Onion,Other,FAQ,200,1200,850,24-Jun-16
494,Ahmednagar,Shrirampur,Onion,Other,FAQ,200,1300,850,22-Jun-16
495,Ahmednagar,Shrirampur,Onion,Other,FAQ,200,1250,850,19-Jun-16
496,Ahmednagar,Shrirampur,Onion,Other,FAQ,200,1000,750,17-Jun-16
497,Ahmednagar,Shrirampur,Onion,Other,FAQ,200,1100,750,15-Jun-16
498,Ahmednagar,Shrirampur,Onion,Other,FAQ,200,1100,750,12-Jun-16
499,Ahmednagar,Shrirampur,Onion,Other,FAQ,200,1000,750,10-Jun-16
500,Ahmednagar,Shrirampur,Onion,Other,FAQ,200,1200,750,8-Jun-16
501,Ahmednagar,Shrirampur,Onion,Other,FAQ,200,1100,750,5-Jun-16
502,Ahmednagar,Shrirampur,Onion,Other,FAQ,100,1100,750,3-Jun-16
503,Ahmednagar,Shrirampur,Onion,Other,FAQ,150,1000,750,1-Jun-16
504,Ahmednagar,Shrirampur,Onion,Other,FAQ,200,1100,750,29-May-16
505,Ahmednagar,Shrirampur,Onion,Other,FAQ,100,1000,650,27-May-16
506,Ahmednagar,Shrirampur,Onion,Other,FAQ,200,1200,850,25-May-16
507,Ahmednagar,Shrirampur,Onion,Other,FAQ,100,1000,700,22-May-16
508,Ahmednagar,Shrirampur,Onion,Other,FAQ,100,825,650,20-May-16
509,Ahmednagar,Shrirampur,Onion,Other,FAQ,100,850,500,18-May-16
510,Ahmednagar,Shrirampur,Onion,Other,FAQ,100,850,650,15-May-16
511,Ahmednagar,Shrirampur,Onion,Other,FAQ,100,800,550,13-May-16
512,Ahmednagar,Shrirampur,Onion,Other,FAQ,100,900,650,6-May-16
513,Ahmednagar,Shrirampur,Onion,Other,FAQ,100,950,650,4-May-16
514,Ahmednagar,Shrirampur,Onion,Other,FAQ,100,950,650,1-May-16
515,Ahmednagar,Shrirampur,Onion,Other,FAQ,100,1000,750,27-Apr-16
516,Ahmednagar,Shrirampur,Onion,Other,FAQ,100,900,650,24-Apr-16
517,Ahmednagar,Shrirampur,Onion,Other,FAQ,100,900,500,17-Apr-16
518,Ahmednagar,Shrirampur,Onion,Other,FAQ,100,950,650,13-Apr-16
519,Ahmednagar,Shrirampur,Onion,Other,FAQ,100,950,500,10-Apr-16
520,Ahmednagar,Shrirampur,Onion,Other,FAQ,100,950,700,6-Apr-16
521,Ahmednagar,Shrirampur,Onion,Other,FAQ,100,1000,750,3-Apr-16
522,Ahmednagar,Shrirampur,Onion,Other,FAQ,200,1000,500,30-Mar-16
523,Ahmednagar,Shrirampur,Onion,Other,FAQ,200,900,650,27-Mar-16
524,Ahmednagar,Shrirampur,Onion,Other,FAQ,100,850,550,23-Mar-16
525,Ahmednagar,Shrirampur,Onion,Other,FAQ,100,850,550,20-Mar-16
526,Ahmednagar,Shrirampur,Onion,Other,FAQ,150,900,500,16-Mar-16
527,Ahmednagar,Shrirampur,Onion,Other,FAQ,200,950,650,13-Mar-16
528,Ahmednagar,Shrirampur,Onion,Other,FAQ,200,1050,750,9-Mar-16
529,Ahmednagar,Shrirampur,Onion,Other,FAQ,200,1050,750,6-Mar-16
530,Ahmednagar,Shrirampur,Onion,Other,FAQ,100,1100,750,2-Mar-16
531,Ahmednagar,Shrirampur,Onion,Other,FAQ,100,1000,750,28-Feb-16
532,Ahmednagar,Shrirampur,Onion,Other,FAQ,100,1025,750,24-Feb-16
533,Ahmednagar,Shrirampur,Onion,Other,FAQ,200,1100,850,21-Feb-16
534,Ahmednagar,Shrirampur,Onion,Other,FAQ,200,1200,850,17-Feb-16
535,Ahmednagar,Shrirampur,Onion,Other,FAQ,200,1200,850,14-Feb-16
536,Ahmednagar,Shrirampur,Onion,Other,FAQ,200,1300,950,10-Feb-16
537,Ahmednagar,Shrirampur,Onion,Other,FAQ,200,1350,850,7-Feb-16
538,Ahmednagar,Shrirampur,Onion,Red,FAQ,200,1350,950,3-Feb-16
539,Ahmednagar,Shrirampur,Onion,Other,FAQ,200,1350,950,3-Feb-16
540,Ahmednagar,Shrirampur,Onion,Red,FAQ,200,1500,1050,31-Jan-16
541,Ahmednagar,Shrirampur,Onion,Red,FAQ,300,1600,1250,27-Jan-16
542,Ahmednagar,Shrirampur,Onion,Red,FAQ,400,1800,1350,24-Jan-16
543,Ahmednagar,Shrirampur,Onion,Red,FAQ,200,1800,1450,17-Jan-16
544,Ahmednagar,Shrirampur,Onion,Red,FAQ,200,1700,1250,13-Jan-16
545,Ahmednagar,Shrirampur,Onion,Other,FAQ,200,1805,1250,10-Jan-16
546,Ahmednagar,Shrirampur,Onion,Red,FAQ,300,1800,1350,6-Jan-16
547,Ahmednagar,Shrirampur,Onion,Other,FAQ,300,2000,1550,3-Jan-16
548,Ahmednagar,Shrirampur,Onion,Other,FAQ,300,2200,1450,27-Dec-15
549,Ahmednagar,Shrirampur,Onion,Red,FAQ,300,1800,1350,23-Dec-15
550,Ahmednagar,Shrirampur,Onion,Red,FAQ,300,1800,1350,20-Dec-15
551,Ahmednagar,Shrirampur,Onion,Other,FAQ,300,1800,1350,13-Dec-15
552,Ahmednagar,Shrirampur,Onion,Red,FAQ,300,1500,1000,11-Dec-15
553,Ahmednagar,Shrirampur,Onion,Red,FAQ,850,1800,1350,9-Dec-15
554,Ahmednagar,Shrirampur,Onion,Other,FAQ,300,2100,1450,6-Dec-15
555,Ahmednagar,Shrirampur,Onion,Other,FAQ,300,2200,1450,2-Dec-15
556,Ahmednagar,Shrirampur,Onion,Other,FAQ,500,2500,1850,29-Nov-15
557,Ahmednagar,Shrirampur,Onion,Other,FAQ,500,2500,1300,27-Nov-15
558,Ahmednagar,Shrirampur,Onion,Other,FAQ,300,2500,1450,25-Nov-15
559,Ahmednagar,Shrirampur,Onion,Other,FAQ,400,2000,1450,22-Nov-15
560,Ahmednagar,Shrirampur,Onion,Other,FAQ,1000,2850,2450,18-Nov-15
561,Ahmednagar,Shrirampur,Onion,Other,FAQ,1000,3000,2450,15-Nov-15
562,Ahmednagar,Shrirampur,Onion,Other,FAQ,1000,4700,3550,4-Nov-15
563,Ahmednagar,Shrirampur,Onion,Other,FAQ,1000,4800,3400,1-Nov-15
564,Ahmednagar,Shrirampur,Onion,Other,FAQ,800,4200,2950,28-Oct-15
565,Ahmednagar,Shrirampur,Onion,Other,FAQ,1000,4000,3150,21-Oct-15
566,Ahmednagar,Shrirampur,Onion,Other,FAQ,1000,4000,3100,18-Oct-15
567,Ahmednagar,Shrirampur,Onion,Other,FAQ,1000,4100,3450,14-Oct-15
568,Ahmednagar,Shrirampur,Onion,Other,FAQ,1000,4200,3450,11-Oct-15
569,Ahmednagar,Shrirampur,Onion,Other,FAQ,1500,4400,3450,7-Oct-15
570,Ahmednagar,Shrirampur,Onion,Other,FAQ,1500,4300,3450,4-Oct-15
571,Ahmednagar,Shrirampur,Onion,Other,FAQ,1500,4200,3450,30-Sep-15
572,Ahmednagar,Shrirampur,Onion,Other,FAQ,1000,4300,3350,27-Sep-15
573,Ahmednagar,Shrirampur,Onion,Other,FAQ,1200,4300,3400,23-Sep-15
574,Ahmednagar,Shrirampur,Onion,Other,FAQ,3050,4600,3950,20-Sep-15
575,Ahmednagar,Shrirampur,Onion,Other,FAQ,2000,5500,4450,13-Sep-15
576,Ahmednagar,Shrirampur,Onion,Other,FAQ,2000,6100,5150,9-Sep-15
577,Ahmednagar,Shrirampur,Onion,Other,FAQ,1500,5100,4000,6-Sep-15
578,Ahmednagar,Shrirampur,Onion,Other,FAQ,1000,5000,4050,2-Sep-15
579,Ahmednagar,Shrirampur,Onion,Other,FAQ,1500,6000,4700,30-Aug-15
580,Ahmednagar,Shrirampur,Onion,Other,FAQ,2000,6000,4900,26-Aug-15
581,Ahmednagar,Shrirampur,Onion,Other,FAQ,3000,7500,5500,23-Aug-15
582,Ahmednagar,Shrirampur,Onion,Other,FAQ,1600,5300,4450,19-Aug-15
583,Ahmednagar,Shrirampur,Onion,Other,FAQ,1600,5300,3500,16-Aug-15
584,Ahmednagar,Shrirampur,Onion,Other,FAQ,1200,4100,3250,12-Aug-15
585,Ahmednagar,Shrirampur,Onion,Other,FAQ,1200,4200,3250,5-Aug-15
586,Ahmednagar,Shrirampur,Onion,Other,FAQ,1300,4000,3150,2-Aug-15
587,Ahmednagar,Shrirampur,Onion,Other,FAQ,1200,4500,3550,29-Jul-15
588,Ahmednagar,Shrirampur,Onion,Other,FAQ,800,3400,2650,26-Jul-15
589,Ahmednagar,Shrirampur,Onion,Other,FAQ,800,3200,2450,22-Jul-15
590,Ahmednagar,Shrirampur,Onion,Other,FAQ,700,2600,1850,19-Jul-15
591,Ahmednagar,Shrirampur,Onion,Other,FAQ,400,2200,1100,17-Jul-15
592,Ahmednagar,Shrirampur,Onion,Other,FAQ,500,2550,1850,15-Jul-15
593,Ahmednagar,Shrirampur,Onion,Other,FAQ,500,2600,1850,12-Jul-15
594,Ahmednagar,Shrirampur,Onion,Other,FAQ,400,2125,1100,10-Jul-15
595,Ahmednagar,Shrirampur,Onion,Other,FAQ,400,2300,1650,8-Jul-15
596,Ahmednagar,Shrirampur,Onion,Other,FAQ,300,2100,1550,28-Jun-15
597,Ahmednagar,Shrirampur,Onion,Other,FAQ,300,1900,1100,26-Jun-15
598,Ahmednagar,Shrirampur,Onion,Other,FAQ,400,2200,1650,24-Jun-15
599,Ahmednagar,Shrirampur,Onion,Other,FAQ,300,2100,1650,21-Jun-15
600,Ahmednagar,Shrirampur,Onion,Other,FAQ,300,2150,1650,19-Jun-15
601,Ahmednagar,Shrirampur,Onion,Other,FAQ,300,2300,1650,17-Jun-15
602,Ahmednagar,Shrirampur,Onion,Other,FAQ,300,2300,1650,14-Jun-15
603,Ahmednagar,Shrirampur,Onion,Other,FAQ,300,2100,1750,12-Jun-15
604,Ahmednagar,Shrirampur,Onion,Other,FAQ,300,2500,1750,10-Jun-15
605,Ahmednagar,Shrirampur,Onion,Other,FAQ,300,2500,1850,7-Jun-15
606,Ahmednagar,Shrirampur,Onion,Other,FAQ,300,2300,1100,3-Jun-15
607,Ahmednagar,Shrirampur,Onion,Other,FAQ,300,2500,1750,31-May-15
608,Ahmednagar,Shrirampur,Onion,Other,FAQ,200,1900,1350,29-May-15
609,Ahmednagar,Shrirampur,Onion,Other,FAQ,200,2100,1450,27-May-15
610,Ahmednagar,Shrirampur,Onion,Other,FAQ,300,2100,1450,24-May-15
611,Ahmednagar,Shrirampur,Onion,Other,FAQ,200,1500,850,22-May-15
612,Ahmednagar,Shrirampur,Onion,Other,FAQ,200,1700,1150,20-May-15
613,Ahmednagar,Shrirampur,Onion,Other,FAQ,200,1700,1150,17-May-15
614,Ahmednagar,Shrirampur,Onion,Other,FAQ,100,1500,1150,15-May-15
615,Ahmednagar,Shrirampur,Onion,Other,FAQ,100,1650,1150,13-May-15
616,Ahmednagar,Shrirampur,Onion,Other,FAQ,100,1650,1150,10-May-15
617,Ahmednagar,Shrirampur,Onion,Other,FAQ,300,1600,1150,8-May-15
618,Ahmednagar,Shrirampur,Onion,Other,FAQ,150,1450,1050,3-May-15
619,Ahmednagar,Shrirampur,Onion,Other,FAQ,150,1200,900,1-May-15
620,Ahmednagar,Shrirampur,Onion,Other,FAQ,200,1400,1050,29-Apr-15
621,Ahmednagar,Shrirampur,Onion,Other,FAQ,200,1350,1050,26-Apr-15
622,Ahmednagar,Shrirampur,Onion,Other,FAQ,200,1400,1050,24-Apr-15
623,Ahmednagar,Shrirampur,Onion,Other,FAQ,200,1350,1050,22-Apr-15
624,Ahmednagar,Shrirampur,Onion,Other,FAQ,200,1400,1050,19-Apr-15
625,Ahmednagar,Shrirampur,Onion,Other,FAQ,200,1300,950,17-Apr-15
626,Ahmednagar,Shrirampur,Onion,Other,FAQ,200,1450,1050,15-Apr-15
627,Ahmednagar,Shrirampur,Onion,Other,FAQ,200,1400,1050,12-Apr-15
628,Ahmednagar,Shrirampur,Onion,Other,FAQ,200,1400,1050,10-Apr-15
629,Ahmednagar,Shrirampur,Onion,Other,FAQ,200,1400,950,5-Apr-15
630,Ahmednagar,Shrirampur,Onion,Other,FAQ,200,1400,950,29-Mar-15
631,Ahmednagar,Shrirampur,Onion,Other,FAQ,450,1250,850,27-Mar-15
632,Ahmednagar,Shrirampur,Onion,Other,FAQ,450,1050,700,20-Mar-15
633,Ahmednagar,Shrirampur,Onion,Other,FAQ,300,1500,1250,18-Mar-15
634,Ahmednagar,Shrirampur,Onion,Other,FAQ,300,1700,1250,15-Mar-15
635,Ahmednagar,Shrirampur,Onion,Other,FAQ,200,1700,1300,13-Mar-15
636,Ahmednagar,Shrirampur,Onion,Other,FAQ,300,1600,1350,11-Mar-15
637,Ahmednagar,Shrirampur,Onion,Other,FAQ,300,1600,1250,8-Mar-15
638,Ahmednagar,Shrirampur,Onion,Other,FAQ,200,1500,1150,6-Mar-15
639,Ahmednagar,Shrirampur,Onion,Other,FAQ,300,1600,1250,4-Mar-15
640,Ahmednagar,Shrirampur,Onion,Other,FAQ,200,1550,1250,1-Mar-15
641,Ahmednagar,Shrirampur,Onion,Other,FAQ,300,1700,1350,25-Feb-15
642,Ahmednagar,Shrirampur,Onion,Other,FAQ,300,1700,1350,22-Feb-15
643,Ahmednagar,Shrirampur,Onion,Other,FAQ,200,1750,1350,18-Feb-15
644,Ahmednagar,Shrirampur,Onion,Other,FAQ,300,1800,1350,15-Feb-15
645,Ahmednagar,Shrirampur,Onion,Other,FAQ,300,2000,1450,11-Feb-15
646,Ahmednagar,Shrirampur,Onion,Other,FAQ,200,1750,1350,8-Feb-15
647,Ahmednagar,Shrirampur,Onion,Other,FAQ,200,1800,1350,6-Feb-15
648,Ahmednagar,Shrirampur,Onion,Other,FAQ,300,2050,1550,4-Feb-15
649,Ahmednagar,Shrirampur,Onion,Other,FAQ,200,1900,1450,1-Feb-15
650,Ahmednagar,Shrirampur,Onion,Other,FAQ,200,1625,1150,25-Jan-15
651,Ahmednagar,Shrirampur,Onion,Other,FAQ,200,1400,1050,23-Jan-15
652,Ahmednagar,Shrirampur,Onion,Other,FAQ,200,1600,1150,21-Jan-15
653,Ahmednagar,Shrirampur,Onion,Other,FAQ,200,1500,1150,18-Jan-15
654,Ahmednagar,Shrirampur,Onion,Other,FAQ,200,1400,1150,16-Jan-15
655,Ahmednagar,Shrirampur,Onion,Other,FAQ,200,1400,1150,16-Jan-15
656,Ahmednagar,Shrirampur,Onion,Other,FAQ,200,1500,1150,14-Jan-15
657,Ahmednagar,Shrirampur,Onion,Other,FAQ,200,1500,1150,14-Jan-15
658,Ahmednagar,Shrirampur,Onion,Other,FAQ,200,1700,1350,11-Jan-15
659,Ahmednagar,Shrirampur,Onion,Other,FAQ,200,1700,1350,11-Jan-15
660,Ahmednagar,Shrirampur,Onion,Other,FAQ,200,1400,1150,9-Jan-15
661,Ahmednagar,Shrirampur,Onion,Other,FAQ,200,1700,1250,7-Jan-15
662,Ahmednagar,Shrirampur,Onion,Other,FAQ,200,1650,1150,4-Jan-15
663,Ahmednagar,Shrirampur,Onion,Other,FAQ,300,1400,1100,2-Jan-15
664,Ahmednagar,Shrirampur,Onion,Other,FAQ,200,1500,1150,31-Dec-14
665,Ahmednagar,Shrirampur,Onion,Other,FAQ,200,1600,1350,28-Dec-14
666,Ahmednagar,Shrirampur,Onion,Other,FAQ,300,2200,1650,21-Dec-14
667,Ahmednagar,Shrirampur,Onion,Other,FAQ,400,1800,1350,14-Dec-14
668,Ahmednagar,Shrirampur,Onion,Other,FAQ,200,1700,1350,10-Dec-14
669,Ahmednagar,Shrirampur,Onion,Other,FAQ,300,1725,1350,7-Dec-14
670,Ahmednagar,Shrirampur,Onion,Other,FAQ,300,1800,1350,3-Dec-14
671,Ahmednagar,Shrirampur,Onion,Other,FAQ,300,1900,1350,30-Nov-14
672,Ahmednagar,Shrirampur,Onion,Other,FAQ,300,1900,1550,26-Nov-14
673,Ahmednagar,Shrirampur,Onion,Other,FAQ,300,2000,1550,23-Nov-14
674,Ahmednagar,Shrirampur,Onion,Other,FAQ,200,1650,1350,21-Nov-14
675,Ahmednagar,Shrirampur,Onion,Other,FAQ,200,1800,1350,16-Nov-14
676,Ahmednagar,Shrirampur,Onion,Other,FAQ,200,1400,1150,14-Nov-14
677,Ahmednagar,Shrirampur,Onion,Other,FAQ,200,1650,1350,12-Nov-14
678,Ahmednagar,Shrirampur,Onion,Other,FAQ,300,1600,1350,9-Nov-14
679,Ahmednagar,Shrirampur,Onion,Other,FAQ,400,1600,1350,7-Nov-14
680,Ahmednagar,Shrirampur,Onion,Other,FAQ,300,2000,1550,5-Nov-14
681,Ahmednagar,Shrirampur,Onion,Other,FAQ,400,2100,1650,2-Nov-14
682,Ahmednagar,Shrirampur,Onion,Other,FAQ,400,2000,1550,26-Oct-14
683,Ahmednagar,Shrirampur,Onion,Other,FAQ,200,2050,1450,21-Sep-14
684,Ahmednagar,Shrirampur,Onion,Other,FAQ,300,2200,1650,17-Sep-14
685,Ahmednagar,Shrirampur,Onion,Other,FAQ,300,2300,1750,14-Sep-14
686,Ahmednagar,Shrirampur,Onion,Other,FAQ,250,2200,1800,12-Sep-14
687,Ahmednagar,Shrirampur,Onion,Other,FAQ,400,2400,1750,30-Jul-14
688,Ahmednagar,Shrirampur,Onion,Other,FAQ,400,2400,1750,27-Jul-14
689,Ahmednagar,Shrirampur,Onion,Other,FAQ,400,2400,1850,23-Jul-14
690,Ahmednagar,Shrirampur,Onion,Other,FAQ,500,2600,1950,20-Jul-14
691,Ahmednagar,Shrirampur,Onion,Other,FAQ,500,2700,1950,17-Jul-14
692,Ahmednagar,Shrirampur,Onion,Other,FAQ,400,2500,1750,13-Jul-14
693,Ahmednagar,Shrirampur,Onion,Other,FAQ,400,2400,1750,11-Jul-14
694,Ahmednagar,Shrirampur,Onion,Other,FAQ,500,2700,1950,9-Jul-14
695,Ahmednagar,Shrirampur,Onion,Other,FAQ,500,2800,1950,6-Jul-14
696,Ahmednagar,Shrirampur,Onion,Other,FAQ,400,2500,1750,4-Jul-14
697,Ahmednagar,Shrirampur,Onion,Other,FAQ,400,2500,1800,2-Jul-14
698,Ahmednagar,Shrirampur,Onion,Other,FAQ,400,3100,2000,29-Jun-14
699,Ahmednagar,Shrirampur,Onion,Other,FAQ,400,2650,1800,27-Jun-14
700,Ahmednagar,Shrirampur,Onion,Other,FAQ,400,2555,1650,25-Jun-14
701,Ahmednagar,Shrirampur,Onion,Other,FAQ,300,2100,1250,22-Jun-14
702,Ahmednagar,Shrirampur,Onion,Other,FAQ,300,1800,1150,20-Jun-14
703,Ahmednagar,Shrirampur,Onion,Other,FAQ,300,2100,1250,18-Jun-14
704,Ahmednagar,Shrirampur,Onion,Other,FAQ,300,2000,1250,15-Jun-14
705,Ahmednagar,Shrirampur,Onion,Other,FAQ,300,1850,1100,13-Jun-14
706,Ahmednagar,Shrirampur,Onion,Other,FAQ,300,1800,1100,11-Jun-14
707,Ahmednagar,Shrirampur,Onion,Other,FAQ,300,1805,1100,8-Jun-14
708,Ahmednagar,Shrirampur,Onion,Other,FAQ,250,1700,1100,6-Jun-14
709,Ahmednagar,Shrirampur,Onion,Other,FAQ,300,1800,1200,4-Jun-14
710,Ahmednagar,Shrirampur,Onion,Other,FAQ,200,1500,1000,1-Jun-14
711,Ahmednagar,Shrirampur,Onion,Other,FAQ,200,1400,950,28-May-14
712,Ahmednagar,Shrirampur,Onion,Other,FAQ,200,1200,850,25-May-14
713,Ahmednagar,Shrirampur,Onion,Other,FAQ,200,1300,900,21-May-14
714,Ahmednagar,Shrirampur,Onion,Other,FAQ,150,1250,850,18-May-14
715,Ahmednagar,Shrirampur,Onion,Other,FAQ,150,1200,800,14-May-14
716,Ahmednagar,Shrirampur,Onion,Other,FAQ,200,1200,800,11-May-14
717,Ahmednagar,Shrirampur,Onion,Other,FAQ,200,1200,700,7-May-14
718,Ahmednagar,Shrirampur,Onion,Other,FAQ,200,1100,800,4-May-14
719,Ahmednagar,Shrirampur,Onion,Other,FAQ,150,1000,600,30-Apr-14
720,Ahmednagar,Shrirampur,Onion,Other,FAQ,150,1000,600,27-Apr-14
721,Ahmednagar,Shrirampur,Onion,Other,FAQ,150,900,500,20-Apr-14
722,Ahmednagar,Shrirampur,Onion,Other,FAQ,150,800,550,16-Apr-14
723,Ahmednagar,Shrirampur,Onion,Other,FAQ,250,850,550,9-Apr-14
724,Ahmednagar,Shrirampur,Onion,Other,FAQ,150,850,550,6-Apr-14
725,Ahmednagar,Shrirampur,Onion,Red,FAQ,200,900,600,26-Mar-14
726,Ahmednagar,Shrirampur,Onion,Other,FAQ,300,925,600,23-Mar-14
727,Ahmednagar,Shrirampur,Onion,Red,FAQ,350,900,600,19-Mar-14
728,Ahmednagar,Shrirampur,Onion,Red,FAQ,200,900,650,16-Mar-14
729,Ahmednagar,Shrirampur,Onion,Red,FAQ,350,850,600,12-Mar-14
730,Ahmednagar,Shrirampur,Onion,Red,FAQ,200,1000,700,9-Mar-14
731,Ahmednagar,Shrirampur,Onion,Red,FAQ,400,850,650,5-Mar-14
732,Ahmednagar,Shrirampur,Onion,Red,FAQ,150,850,600,2-Mar-14
733,Ahmednagar,Shrirampur,Onion,Red,FAQ,200,950,650,26-Feb-14
734,Ahmednagar,Shrirampur,Onion,Red,FAQ,150,850,700,23-Feb-14
735,Ahmednagar,Shrirampur,Onion,Red,FAQ,150,805,600,19-Feb-14
736,Ahmednagar,Shrirampur,Onion,Red,FAQ,100,650,500,16-Feb-14
737,Ahmednagar,Shrirampur,Onion,Red,FAQ,150,700,550,12-Feb-14
738,Ahmednagar,Shrirampur,Onion,Red,FAQ,150,700,550,9-Feb-14
739,Ahmednagar,Shrirampur,Onion,Red,FAQ,150,800,600,5-Feb-14
740,Ahmednagar,Shrirampur,Onion,Red,FAQ,200,850,650,2-Feb-14
741,Ahmednagar,Shrirampur,Onion,Red,FAQ,200,900,700,29-Jan-14
742,Ahmednagar,Shrirampur,Onion,Red,FAQ,250,1000,700,26-Jan-14
743,Ahmednagar,Shrirampur,Onion,Red,FAQ,250,1100,700,22-Jan-14
744,Ahmednagar,Shrirampur,Onion,Red,FAQ,200,1025,750,19-Jan-14
745,Ahmednagar,Shrirampur,Onion,Red,FAQ,250,1100,750,15-Jan-14
746,Ahmednagar,Shrirampur,Onion,Red,FAQ,200,1000,700,12-Jan-14
747,Ahmednagar,Shrirampur,Onion,Red,FAQ,200,1300,900,8-Jan-14
748,Ahmednagar,Shrirampur,Onion,Red,FAQ,200,1350,950,5-Jan-14
749,Ahmednagar,Shrirampur,Onion,Red,FAQ,250,1550,1000,1-Jan-14
750,Ahmednagar,Shrirampur,Onion,Red,FAQ,150,1300,950,29-Dec-13
751,Ahmednagar,Shrirampur,Onion,Red,FAQ,150,1200,850,25-Dec-13
752,Ahmednagar,Shrirampur,Onion,Red,FAQ,150,1400,900,22-Dec-13
753,Ahmednagar,Shrirampur,Onion,Red,FAQ,150,1400,900,18-Dec-13
754,Ahmednagar,Shrirampur,Onion,Red,FAQ,100,1250,700,15-Dec-13
755,Ahmednagar,Shrirampur,Onion,Red,FAQ,200,2000,1100,11-Dec-13
756,Ahmednagar,Shrirampur,Onion,Red,FAQ,300,2500,1500,8-Dec-13
757,Ahmednagar,Shrirampur,Onion,Red,FAQ,400,2500,1600,4-Dec-13
758,Ahmednagar,Shrirampur,Onion,Red,FAQ,250,1800,1100,1-Dec-13
759,Ahmednagar,Shrirampur,Onion,Red,FAQ,700,3000,2000,27-Nov-13
760,Ahmednagar,Shrirampur,Onion,Red,FAQ,700,3500,2100,24-Nov-13
761,Ahmednagar,Shrirampur,Onion,Red,FAQ,900,4000,2400,20-Nov-13
762,Ahmednagar,Shrirampur,Onion,Red,FAQ,700,3900,2100,17-Nov-13
763,Ahmednagar,Shrirampur,Onion,Red,FAQ,700,4000,2500,13-Nov-13
764,Ahmednagar,Shrirampur,Onion,Red,FAQ,900,4500,3000,10-Nov-13
765,Ahmednagar,Shrirampur,Onion,Red,FAQ,1000,4500,2800,7-Nov-13
766,Ahmednagar,Shrirampur,Onion,Red,FAQ,900,4700,3400,30-Oct-13
767,Ahmednagar,Shrirampur,Onion,Red,FAQ,900,4200,2800,27-Oct-13
768,Ahmednagar,Shrirampur,Onion,Other,FAQ,1700,5800,3500,23-Oct-13
769,Ahmednagar,Shrirampur,Onion,Other,FAQ,2500,6000,4800,20-Oct-13
770,Ahmednagar,Shrirampur,Onion,Other,FAQ,2000,5200,4500,16-Oct-13
771,Ahmednagar,Shrirampur,Onion,Other,FAQ,1100,5000,3500,13-Oct-13
772,Ahmednagar,Shrirampur,Onion,Other,FAQ,2000,4800,3800,9-Oct-13
773,Ahmednagar,Shrirampur,Onion,Other,FAQ,1800,4600,3500,6-Oct-13
774,Ahmednagar,Shrirampur,Onion,Other,FAQ,1500,4400,3100,2-Oct-13
775,Ahmednagar,Shrirampur,Onion,Other,FAQ,1500,4400,3200,29-Sep-13
776,Ahmednagar,Shrirampur,Onion,Other,FAQ,2000,5000,4000,25-Sep-13
777,Ahmednagar,Shrirampur,Onion,Other,FAQ,1500,4700,3800,22-Sep-13
778,Ahmednagar,Shrirampur,Onion,Other,FAQ,2700,5800,4500,15-Sep-13
779,Ahmednagar,Shrirampur,Onion,Other,FAQ,2800,4800,4000,8-Sep-13
780,Ahmednagar,Shrirampur,Onion,Other,FAQ,1800,5000,3800,4-Sep-13
781,Ahmednagar,Shrirampur,Onion,Other,FAQ,2000,5000,3500,2-Sep-13
782,Ahmednagar,Shrirampur,Onion,Other,FAQ,2000,3700,3050,28-Aug-13
783,Ahmednagar,Shrirampur,Onion,Other,FAQ,1800,4200,2900,26-Aug-13
784,Ahmednagar,Shrirampur,Onion,Other,FAQ,2300,3900,3100,22-Aug-13
785,Ahmednagar,Shrirampur,Onion,Other,FAQ,2900,4700,4100,14-Aug-13
786,Ahmednagar,Shrirampur,Onion,Other,FAQ,3500,5800,4900,12-Aug-13
787,Ahmednagar,Shrirampur,Onion,Other,FAQ,1500,3200,2500,5-Aug-13
788,Ahmednagar,Shrirampur,Onion,Other,FAQ,1400,2700,2250,1-Aug-13
789,Ahmednagar,Shrirampur,Onion,Other,FAQ,1100,2550,2000,29-Jul-13
790,Ahmednagar,Shrirampur,Onion,Other,FAQ,1200,2600,2050,25-Jul-13
791,Ahmednagar,Shrirampur,Onion,Other,FAQ,1000,2600,2000,22-Jul-13
792,Ahmednagar,Shrirampur,Onion,Other,FAQ,1500,3125,2500,18-Jul-13
793,Ahmednagar,Shrirampur,Onion,Other,FAQ,1000,2450,1700,15-Jul-13
794,Ahmednagar,Shrirampur,Onion,Other,FAQ,700,2200,1700,11-Jul-13
795,Ahmednagar,Shrirampur,Onion,Other,FAQ,1200,2500,1950,8-Jul-13
796,Ahmednagar,Shrirampur,Onion,Other,FAQ,750,2000,1550,4-Jul-13
797,Ahmednagar,Shrirampur,Onion,Other,FAQ,700,2000,1500,1-Jul-13
798,Ahmednagar,Shrirampur,Onion,Other,FAQ,650,1900,1400,27-Jun-13
799,Ahmednagar,Shrirampur,Onion,Other,FAQ,550,1700,1300,24-Jun-13
800,Ahmednagar,Shrirampur,Onion,Other,FAQ,650,2000,1450,20-Jun-13
801,Ahmednagar,Shrirampur,Onion,Other,FAQ,600,1825,1300,17-Jun-13
802,Ahmednagar,Shrirampur,Onion,Other,FAQ,550,1600,1150,13-Jun-13
803,Ahmednagar,Shrirampur,Onion,Other,FAQ,500,1550,1100,10-Jun-13
804,Ahmednagar,Shrirampur,Onion,Other,FAQ,400,1500,1050,3-Jun-13
805,Ahmednagar,Shrirampur,Onion,Other,FAQ,400,1550,1000,30-May-13
806,Ahmednagar,Shrirampur,Onion,Other,FAQ,350,1405,975,27-May-13
807,Ahmednagar,Shrirampur,Onion,Other,FAQ,300,1305,950,23-May-13
808,Ahmednagar,Shrirampur,Onion,Other,FAQ,250,1200,850,20-May-13
809,Ahmednagar,Shrirampur,Onion,Other,FAQ,200,1050,750,13-May-13
810,Ahmednagar,Shrirampur,Onion,Other,FAQ,250,1100,800,9-May-13
811,Ahmednagar,Shrirampur,Onion,Other,FAQ,300,1125,875,6-May-13
812,Ahmednagar,Shrirampur,Onion,Other,FAQ,250,1100,800,2-May-13
813,Ahmednagar,Shrirampur,Onion,Other,FAQ,200,1005,700,29-Apr-13
814,Ahmednagar,Shrirampur,Onion,Other,FAQ,250,1025,775,25-Apr-13
815,Ahmednagar,Shrirampur,Onion,Other,FAQ,200,1005,650,22-Apr-13
816,Ahmednagar,Shrirampur,Onion,Other,FAQ,200,1000,700,18-Apr-13
817,Ahmednagar,Shrirampur,Onion,Other,FAQ,225,1025,725,15-Apr-13
818,Ahmednagar,Shrirampur,Onion,Other,FAQ,250,1050,750,11-Apr-13
819,Ahmednagar,Shrirampur,Onion,Other,FAQ,300,1100,800,8-Apr-13
820,Ahmednagar,Shrirampur,Onion,Other,FAQ,400,1200,850,4-Apr-13
821,Ahmednagar,Shrirampur,Onion,Other,FAQ,300,1100,750,25-Mar-13
822,Ahmednagar,Shrirampur,Onion,Other,FAQ,400,1300,900,21-Mar-13
823,Ahmednagar,Shrirampur,Onion,Other,FAQ,500,1300,950,18-Mar-13
824,Ahmednagar,Shrirampur,Onion,Other,FAQ,400,1225,850,14-Mar-13
825,Ahmednagar,Shrirampur,Onion,Other,FAQ,300,1100,750,11-Mar-13
826,Ahmednagar,Shrirampur,Onion,Other,FAQ,350,1150,800,7-Mar-13
827,Ahmednagar,Shrirampur,Onion,Other,FAQ,200,950,650,4-Mar-13
828,Ahmednagar,Shrirampur,Onion,Other,FAQ,500,1400,950,28-Feb-13
829,Ahmednagar,Shrirampur,Onion,Other,FAQ,550,1450,1000,25-Feb-13
830,Ahmednagar,Shrirampur,Onion,Other,FAQ,700,1700,1200,21-Feb-13
831,Ahmednagar,Shrirampur,Onion,Other,FAQ,400,1350,900,18-Feb-13
832,Ahmednagar,Shrirampur,Onion,Other,FAQ,700,1600,1300,14-Feb-13
833,Ahmednagar,Shrirampur,Onion,Other,FAQ,700,1850,1300,11-Feb-13
834,Ahmednagar,Shrirampur,Onion,Other,FAQ,900,2250,1650,7-Feb-13
835,Ahmednagar,Shrirampur,Onion,Other,FAQ,1000,1950,1300,4-Feb-13
836,Ahmednagar,Shrirampur,Onion,Other,FAQ,550,1800,1300,28-Jan-13
837,Ahmednagar,Shrirampur,Onion,Other,FAQ,700,1900,1200,21-Jan-13
838,Ahmednagar,Shrirampur,Onion,Other,FAQ,300,1525,1075,17-Jan-13
839,Ahmednagar,Shrirampur,Onion,Other,FAQ,300,1525,1100,11-Jan-13
840,Ahmednagar,Shrirampur,Onion,Other,FAQ,350,1700,1200,7-Jan-13
841,Ahmednagar,Shrirampur,Onion,Other,FAQ,300,1600,1100,3-Jan-13
842,Ahmednagar,Shrirampur,Onion,Other,FAQ,250,1600,1000,31-Dec-12
843,Ahmednagar,Shrirampur,Onion,Other,FAQ,200,1500,950,28-Dec-12
844,Ahmednagar,Shrirampur,Onion,Other,FAQ,250,1600,900,24-Dec-12
845,Ahmednagar,Shrirampur,Onion,Other,FAQ,150,1600,850,20-Dec-12
846,Ahmednagar,Shrirampur,Onion,Other,FAQ,200,1800,950,17-Dec-12
847,Ahmednagar,Shrirampur,Onion,Other,FAQ,250,1805,1050,13-Dec-12
848,Ahmednagar,Shrirampur,Onion,Other,FAQ,200,1600,950,10-Dec-12
849,Ahmednagar,Shrirampur,Onion,Other,FAQ,250,1650,1050,6-Dec-12
850,Ahmednagar,Shrirampur,Onion,Other,FAQ,250,1650,1050,3-Dec-12
851,Ahmednagar,Shrirampur,Onion,Other,FAQ,200,1400,850,29-Nov-12
852,Ahmednagar,Shrirampur,Onion,Other,FAQ,200,1400,850,26-Nov-12
853,Ahmednagar,Shrirampur,Onion,Other,FAQ,400,1700,1150,22-Nov-12
854,Ahmednagar,Shrirampur,Onion,Other,FAQ,300,1600,1000,20-Nov-12
855,Ahmednagar,Shrirampur,Onion,Other,FAQ,300,1600,1000,5-Nov-12
856,Ahmednagar,Shrirampur,Onion,Other,FAQ,250,1500,975,1-Nov-12
857,Ahmednagar,Shrirampur,Onion,Other,FAQ,300,1600,1000,29-Oct-12
858,Ahmednagar,Shrirampur,Onion,Other,FAQ,250,1400,875,25-Oct-12
859,Ahmednagar,Shrirampur,Onion,Other,FAQ,250,1400,900,22-Oct-12
860,Ahmednagar,Shrirampur,Onion,Other,FAQ,200,1225,750,18-Oct-12
861,Ahmednagar,Shrirampur,Onion,Other,FAQ,125,1000,675,15-Oct-12
862,Ahmednagar,Shrirampur,Onion,Other,FAQ,100,900,575,8-Oct-12
863,Ahmednagar,Shrirampur,Onion,Other,FAQ,100,900,550,4-Oct-12
864,Ahmednagar,Shrirampur,Onion,Other,FAQ,100,825,550,27-Sep-12
865,Ahmednagar,Shrirampur,Onion,Other,FAQ,100,850,550,17-Sep-12
866,Ahmednagar,Shrirampur,Onion,Other,FAQ,100,900,600,13-Sep-12
867,Ahmednagar,Shrirampur,Onion,Other,FAQ,100,850,575,10-Sep-12
868,Ahmednagar,Shrirampur,Onion,Other,FAQ,100,850,550,6-Sep-12
869,Ahmednagar,Shrirampur,Onion,Other,FAQ,150,950,650,3-Sep-12
870,Ahmednagar,Shrirampur,Onion,Other,FAQ,200,950,600,30-Aug-12
871,Ahmednagar,Shrirampur,Onion,Other,FAQ,150,950,575,27-Aug-12
872,Ahmednagar,Shrirampur,Onion,Other,FAQ,150,950,650,23-Aug-12
873,Ahmednagar,Shrirampur,Onion,Other,FAQ,200,1000,700,20-Aug-12
874,Ahmednagar,Shrirampur,Onion,Other,FAQ,200,925,675,16-Aug-12
875,Ahmednagar,Shrirampur,Onion,Other,FAQ,200,975,600,13-Aug-12
876,Ahmednagar,Shrirampur,Onion,Other,FAQ,150,850,550,9-Aug-12
877,Ahmednagar,Shrirampur,Onion,Other,FAQ,100,805,500,6-Aug-12
878,Ahmednagar,Shrirampur,Onion,Other,FAQ,100,800,525,2-Aug-12
879,Ahmednagar,Shrirampur,Onion,Other,FAQ,100,805,500,30-Jul-12
880,Ahmednagar,Shrirampur,Onion,Other,FAQ,100,825,500,26-Jul-12
881,Ahmednagar,Shrirampur,Onion,Other,FAQ,100,825,550,19-Jul-12
882,Ahmednagar,Shrirampur,Onion,Other,FAQ,100,800,475,16-Jul-12
883,Ahmednagar,Shrirampur,Onion,Other,FAQ,200,905,575,2-Jul-12
884,Ahmednagar,Shrirampur,Onion,Other,FAQ,150,805,550,28-Jun-12
885,Ahmednagar,Shrirampur,Onion,Other,FAQ,100,755,525,25-Jun-12
886,Ahmednagar,Shrirampur,Onion,Other,FAQ,100,800,575,21-Jun-12
887,Ahmednagar,Shrirampur,Onion,Other,FAQ,150,800,550,18-Jun-12
888,Ahmednagar,Shrirampur,Onion,Other,FAQ,125,725,475,14-Jun-12
889,Ahmednagar,Shrirampur,Onion,Other,FAQ,100,705,450,11-Jun-12
890,Ahmednagar,Shrirampur,Onion,Other,FAQ,100,755,450,7-Jun-12
891,Ahmednagar,Shrirampur,Onion,Other,FAQ,100,650,450,4-Jun-12
892,Ahmednagar,Shrirampur,Onion,Other,FAQ,100,600,350,28-May-12
893,Ahmednagar,Shrirampur,Onion,Other,FAQ,100,550,250,11-May-12
894,Ahmednagar,Shrirampur,Onion,Other,FAQ,100,550,300,7-May-12
895,Ahmednagar,Shrirampur,Onion,Other,FAQ,100,505,250,23-Apr-12
896,Ahmednagar,Shrirampur,Onion,Other,FAQ,100,500,250,19-Apr-12
897,Ahmednagar,Shrirampur,Onion,Other,FAQ,100,525,300,16-Apr-12
898,Ahmednagar,Shrirampur,Onion,Other,FAQ,100,530,300,12-Apr-12
899,Ahmednagar,Shrirampur,Onion,Other,FAQ,100,580,375,9-Apr-12
900,Ahmednagar,Shrirampur,Onion,Other,FAQ,125,625,450,2-Apr-12
901,Ahmednagar,Shrirampur,Onion,Other,FAQ,125,525,350,22-Mar-12
902,Ahmednagar,Shrirampur,Onion,Other,FAQ,100,525,300,18-Mar-12
903,Ahmednagar,Shrirampur,Onion,Other,FAQ,100,505,300,15-Mar-12
904,Ahmednagar,Shrirampur,Onion,Other,FAQ,100,550,350,12-Mar-12
905,Ahmednagar,Shrirampur,Onion,Other,FAQ,100,525,300,1-Mar-12
906,Ahmednagar,Shrirampur,Onion,Other,FAQ,100,455,250,27-Feb-12
907,Ahmednagar,Shrirampur,Onion,Other,FAQ,100,450,250,23-Feb-12
908,Ahmednagar,Shrirampur,Onion,Other,FAQ,100,500,275,21-Feb-12
909,Ahmednagar,Shrirampur,Onion,Other,FAQ,100,500,250,16-Feb-12
910,Ahmednagar,Shrirampur,Onion,Other,FAQ,100,500,275,13-Feb-12
911,Ahmednagar,Shrirampur,Onion,Other,FAQ,100,500,300,9-Feb-12
912,Ahmednagar,Shrirampur,Onion,Other,FAQ,100,520,300,6-Feb-12
913,Ahmednagar,Shrirampur,Onion,Other,FAQ,100,600,475,23-Jan-12
914,Ahmednagar,Shrirampur,Onion,Other,FAQ,150,550,350,16-Jan-12
915,Ahmednagar,Shrirampur,Onion,Other,FAQ,150,555,300,5-Jan-12
916,Ahmednagar,Shrirampur,Onion,Other,FAQ,200,1000,550,8-Dec-11
917,Ahmednagar,Shrirampur,Onion,Other,FAQ,300,1125,650,28-Nov-11
918,Ahmednagar,Shrirampur,Onion,Other,FAQ,200,1200,750,24-Nov-11
919,Ahmednagar,Shrirampur,Onion,Other,FAQ,200,1000,550,21-Nov-11
920,Ahmednagar,Shrirampur,Onion,Other,FAQ,150,950,450,17-Nov-11
921,Ahmednagar,Shrirampur,Onion,Other,FAQ,200,1150,650,14-Nov-11
922,Ahmednagar,Shrirampur,Onion,Other,FAQ,200,1305,900,8-Nov-11
923,Ahmednagar,Shrirampur,Onion,Other,FAQ,200,1600,1100,4-Nov-11
924,Ahmednagar,Shrirampur,Onion,Other,FAQ,200,1125,700,20-Oct-11
925,Ahmednagar,Shrirampur,Onion,Other,FAQ,250,1250,700,13-Oct-11
926,Ahmednagar,Shrirampur,Onion,Other,FAQ,300,1250,750,10-Oct-11
927,Ahmednagar,Shrirampur,Onion,Other,FAQ,400,1200,750,29-Sep-11
928,Ahmednagar,Shrirampur,Onion,Other,FAQ,400,1300,1000,26-Sep-11
929,Ahmednagar,Shrirampur,Onion,Other,FAQ,300,1450,1125,8-Sep-11
930,Ahmednagar,Shrirampur,Onion,Other,FAQ,250,1400,1000,5-Sep-11
931,Ahmednagar,Shrirampur,Onion,Other,FAQ,300,1500,1000,1-Sep-11
932,Ahmednagar,Shrirampur,Onion,Other,FAQ,300,1400,1000,25-Aug-11
933,Ahmednagar,Shrirampur,Onion,Other,FAQ,300,1500,900,24-Aug-11
934,Ahmednagar,Shrirampur,Onion,Other,FAQ,300,1250,950,8-Aug-11
935,Ahmednagar,Shrirampur,Onion,Other,FAQ,300,1250,950,4-Aug-11
936,Ahmednagar,Shrirampur,Onion,Other,FAQ,250,1150,800,1-Aug-11
937,Ahmednagar,Shrirampur,Onion,Other,FAQ,250,1075,750,28-Jul-11
938,Ahmednagar,Shrirampur,Onion,Other,FAQ,200,1000,650,26-Jul-11
939,Ahmednagar,Shrirampur,Onion,Other,FAQ,300,1125,800,18-Jul-11
940,Ahmednagar,Shrirampur,Onion,Other,FAQ,275,1125,775,14-Jul-11
941,Ahmednagar,Shrirampur,Onion,Other,FAQ,250,1100,750,11-Jul-11
942,Ahmednagar,Shrirampur,Onion,Other,FAQ,250,1100,750,4-Jul-11
943,Ahmednagar,Shrirampur,Onion,Other,FAQ,200,1025,700,30-Jun-11
944,Ahmednagar,Shrirampur,Onion,Other,FAQ,375,1110,810,27-Jun-11
945,Ahmednagar,Shrirampur,Onion,Other,FAQ,200,1100,800,23-Jun-11
946,Ahmednagar,Shrirampur,Onion,Other,FAQ,100,1000,625,14-Jun-11
947,Ahmednagar,Shrirampur,Onion,Other,FAQ,300,1005,650,9-Jun-11
948,Ahmednagar,Shrirampur,Onion,Other,FAQ,150,900,625,6-Jun-11
949,Ahmednagar,Shrirampur,Onion,Other,FAQ,125,750,550,2-Jun-11
950,Ahmednagar,Shrirampur,Onion,Other,FAQ,250,700,500,30-May-11
951,Ahmednagar,Shrirampur,Onion,Other,FAQ,200,650,475,19-May-11
952,Ahmednagar,Shrirampur,Onion,Other,FAQ,200,650,475,16-May-11
953,Ahmednagar,Shrirampur,Onion,Other,FAQ,200,640,475,12-May-11
954,Ahmednagar,Shrirampur,Onion,Other,FAQ,200,625,475,9-May-11
955,Ahmednagar,Shrirampur,Onion,Other,FAQ,250,620,425,2-May-11
956,Ahmednagar,Shrirampur,Onion,Other,FAQ,250,655,450,28-Apr-11
957,Ahmednagar,Shrirampur,Onion,Other,FAQ,275,680,475,25-Apr-11
958,Ahmednagar,Shrirampur,Onion,Other,FAQ,250,600,425,21-Apr-11
959,Ahmednagar,Shrirampur,Onion,Other,FAQ,150,575,350,18-Apr-11
960,Ahmednagar,Shrirampur,Onion,Other,FAQ,250,650,450,11-Apr-11
961,Ahmednagar,Shrirampur,Onion,Other,FAQ,150,600,400,31-Mar-11
962,Ahmednagar,Shrirampur,Onion,Other,FAQ,200,600,400,28-Mar-11
963,Ahmednagar,Shrirampur,Onion,Other,FAQ,200,575,400,21-Mar-11
964,Ahmednagar,Shrirampur,Onion,Other,FAQ,250,625,450,14-Mar-11
965,Ahmednagar,Shrirampur,Onion,Other,FAQ,250,650,400,8-Mar-11
966,Ahmednagar,Shrirampur,Onion,Other,FAQ,200,675,400,28-Feb-11
967,Ahmednagar,Shrirampur,Onion,Other,FAQ,450,1000,700,24-Feb-11
968,Ahmednagar,Shrirampur,Onion,Other,FAQ,500,1300,850,21-Feb-11
969,Ahmednagar,Shrirampur,Onion,Other,FAQ,450,1285,900,14-Feb-11
970,Ahmednagar,Shrirampur,Onion,Other,FAQ,300,1050,700,10-Feb-11
971,Ahmednagar,Shrirampur,Onion,Other,FAQ,400,1350,900,7-Feb-11
972,Ahmednagar,Shrirampur,Onion,Other,FAQ,500,2000,1300,3-Feb-11
973,Ahmednagar,Shrirampur,Onion,Other,FAQ,900,3200,2100,24-Jan-11
974,Ahmednagar,Shrirampur,Onion,Other,FAQ,1300,4200,2600,17-Jan-11
975,Ahmednagar,Shrirampur,Onion,Other,FAQ,1400,5500,3800,10-Jan-11
976,Ahmednagar,Shrirampur,Onion,Other,FAQ,1100,4500,2500,3-Jan-11
977,Ahmednagar,Shrirampur,Onion,Other,FAQ,1000,4000,2500,30-Dec-10
978,Ahmednagar,Shrirampur,Onion,Other,FAQ,1100,4500,3300,27-Dec-10
979,Ahmednagar,Shrirampur,Onion,Other,FAQ,1500,6000,3555,23-Dec-10
980,Ahmednagar,Shrirampur,Onion,Other,FAQ,1250,5400,3400,20-Dec-10
981,Ahmednagar,Shrirampur,Onion,Other,FAQ,700,4750,3000,13-Dec-10
982,Ahmednagar,Shrirampur,Onion,Other,FAQ,1000,4375,2800,9-Dec-10
983,Ahmednagar,Shrirampur,Onion,Other,FAQ,1100,4100,2700,5-Dec-10
984,Ahmednagar,Shrirampur,Onion,Other,FAQ,1150,3650,2200,22-Nov-10
985,Ahmednagar,Shrirampur,Onion,Other,FAQ,1300,3700,2300,18-Nov-10
986,Ahmednagar,Shrirampur,Onion,Other,FAQ,950,2020,1600,1-Nov-10
987,Ahmednagar,Shrirampur,Onion,Other,FAQ,900,1905,1550,28-Oct-10
988,Ahmednagar,Shrirampur,Onion,Other,FAQ,400,1850,1400,25-Oct-10
989,Ahmednagar,Shrirampur,Onion,Other,FAQ,500,1900,1575,21-Oct-10
990,Ahmednagar,Shrirampur,Onion,Other,FAQ,400,1800,1200,14-Oct-10
991,Ahmednagar,Shrirampur,Onion,Other,FAQ,600,1700,1100,11-Oct-10
992,Ahmednagar,Shrirampur,Onion,Other,FAQ,1000,2000,1400,7-Oct-10
993,Ahmednagar,Shrirampur,Onion,Other,FAQ,1100,2100,1500,4-Oct-10
994,Ahmednagar,Shrirampur,Onion,Other,FAQ,400,2100,1500,23-Sep-10
995,Ahmednagar,Shrirampur,Onion,Other,FAQ,600,2100,1650,20-Sep-10
996,Ahmednagar,Shrirampur,Onion,Other,FAQ,500,1700,1300,13-Sep-10
997,Ahmednagar,Shrirampur,Onion,Other,FAQ,450,1500,1200,9-Sep-10
998,Ahmednagar,Shrirampur,Onion,Other,FAQ,400,1350,900,6-Sep-10
999,Ahmednagar,Shrirampur,Onion,Other,FAQ,400,1500,1150,2-Sep-10
1000,Ahmednagar,Shrirampur,Onion,Other,FAQ,400,1600,1050,30-Aug-10
1001,Ahmednagar,Shrirampur,Onion,Other,FAQ,300,1250,875,26-Aug-10
1002,Ahmednagar,Shrirampur,Onion,Other,FAQ,275,1225,850,23-Aug-10
1003,Ahmednagar,Shrirampur,Onion,Other,FAQ,250,1200,825,20-Aug-10
1004,Ahmednagar,Shrirampur,Onion,Other,FAQ,300,1225,850,16-Aug-10
1005,Ahmednagar,Shrirampur,Onion,Other,FAQ,250,1050,725,12-Aug-10
1006,Ahmednagar,Shrirampur,Onion,Other,FAQ,250,1025,700,9-Aug-10
1007,Ahmednagar,Shrirampur,Onion,Other,FAQ,200,950,650,5-Aug-10
1008,Ahmednagar,Shrirampur,Onion,Other,FAQ,250,1025,750,2-Aug-10
1009,Ahmednagar,Shrirampur,Onion,Other,FAQ,250,1025,700,29-Jul-10
1010,Ahmednagar,Shrirampur,Onion,Other,FAQ,200,900,600,26-Jul-10
1011,Ahmednagar,Shrirampur,Onion,Other,FAQ,150,870,575,22-Jul-10
1012,Ahmednagar,Shrirampur,Onion,Other,FAQ,200,1000,675,19-Jul-10
1013,Ahmednagar,Shrirampur,Onion,Other,FAQ,150,1000,700,15-Jul-10
1014,Ahmednagar,Shrirampur,Onion,Other,FAQ,100,850,550,12-Jul-10
1015,Ahmednagar,Shrirampur,Onion,Other,FAQ,150,900,450,8-Jul-10
1016,Ahmednagar,Shrirampur,Onion,Other,FAQ,250,1050,725,1-Jul-10
1017,Ahmednagar,Shrirampur,Onion,Other,FAQ,150,1000,700,27-Jun-10
1018,Ahmednagar,Shrirampur,Onion,Other,FAQ,150,1025,650,17-Jun-10
1019,Ahmednagar,Shrirampur,Onion,Other,FAQ,100,1005,600,14-Jun-10
1020,Ahmednagar,Shrirampur,Onion,Other,FAQ,100,800,550,7-Jun-10
1021,Ahmednagar,Shrirampur,Onion,Other,FAQ,100,855,555,3-Jun-10
1022,Ahmednagar,Shrirampur,Onion,Other,FAQ,100,800,500,31-May-10
1023,Ahmednagar,Shrirampur,Onion,Other,FAQ,150,750,450,24-May-10
1024,Ahmednagar,Shrirampur,Onion,Other,FAQ,200,825,600,20-May-10
1025,Ahmednagar,Shrirampur,Onion,Other,FAQ,100,655,355,6-May-10
1026,Ahmednagar,Shrirampur,Onion,Other,FAQ,100,630,300,22-Apr-10
1027,Ahmednagar,Shrirampur,Onion,Other,FAQ,100,710,450,8-Apr-10
1028,Ahmednagar,Shrirampur,Onion,Other,FAQ,150,650,400,29-Mar-10
1029,Ahmednagar,Shrirampur,Onion,Other,FAQ,225,750,525,25-Mar-10
1030,Ahmednagar,Shrirampur,Onion,Other,FAQ,200,725,500,22-Mar-10
1031,Ahmednagar,Shrirampur,Onion,Other,FAQ,100,700,450,18-Mar-10
1032,Ahmednagar,Shrirampur,Onion,Other,FAQ,100,710,500,15-Mar-10
1033,Ahmednagar,Shrirampur,Onion,Other,FAQ,150,1000,550,11-Mar-10
1034,Ahmednagar,Shrirampur,Onion,Other,FAQ,200,1100,650,8-Mar-10
1035,Ahmednagar,Shrirampur,Onion,Other,FAQ,100,800,500,4-Mar-10
1036,Ahmednagar,Shrirampur,Onion,Other,FAQ,150,800,500,25-Feb-10
1037,Ahmednagar,Shrirampur,Onion,Other,FAQ,150,1000,800,22-Feb-10
1038,Ahmednagar,Shrirampur,Onion,Other,FAQ,200,1405,900,18-Feb-10
1039,Ahmednagar,Shrirampur,Onion,Other,FAQ,200,1450,950,15-Feb-10
1040,Ahmednagar,Shrirampur,Onion,Other,FAQ,250,1600,1150,11-Feb-10
1041,Ahmednagar,Shrirampur,Onion,Other,FAQ,350,1650,1200,8-Feb-10
1042,Ahmednagar,Shrirampur,Onion,Other,FAQ,250,1475,1000,4-Feb-10
1043,Ahmednagar,Shrirampur,Onion,Other,FAQ,250,1625,1025,1-Feb-10
1044,Ahmednagar,Shrirampur,Onion,Other,FAQ,150,1500,900,28-Jan-10
1045,Ahmednagar,Shrirampur,Onion,Other,FAQ,400,2100,1300,21-Jan-10
1046,Ahmednagar,Shrirampur,Onion,Other,FAQ,250,1660,1000,18-Jan-10
1047,Ahmednagar,Shrirampur,Onion,Other,FAQ,150,1600,1000,11-Jan-10
1048,Ahmednagar,Shrirampur,Onion,Other,FAQ,200,1650,1050,7-Jan-10
