"Min,Max,Modal Price from Maharashtra,Yavatmal[Soyabean],Pandhakawada from 01-Jan-2010To24-Oct-2020 (Total-643) (Total-643)",,,,,,,,,
Sl no.,District Name,Market Name,Commodity,Variety,Grade,Min Price (Rs./Quintal),Max Price (Rs./Quintal),Modal Price (Rs./Quintal),Price Date
1,Yavatmal,Pandhakawada,Soyabean,Yellow,FAQ,3300,3500,3450,14-Oct-20
2,Yavatmal,Pandhakawada,Soyabean,Yellow,FAQ,3200,3620,3550,13-Oct-20
3,Yavatmal,Pandhakawada,Soyabean,Yellow,FAQ,3425,3650,3515,12-Oct-20
4,Yavatmal,Pandhakawada,Soyabean,Yellow,FAQ,3200,3500,3450,9-Oct-20
5,Yavatmal,Pandhakawada,Soyabean,Yellow,FAQ,3400,3500,3480,8-Oct-20
6,Yavatmal,Pandhakawada,Soyabean,Yellow,FAQ,3200,3465,3400,7-Oct-20
7,Yavatmal,Pandhakawada,Soyabean,Yellow,FAQ,3280,3430,3330,6-Oct-20
8,Yavatmal,Pandhakawada,Soyabean,Yellow,FAQ,3175,3501,3200,5-Oct-20
9,Yavatmal,Pandhakawada,Soyabean,Yellow,FAQ,3300,3300,3300,26-Jun-20
10,Yavatmal,Pandhakawada,Soyabean,Yellow,FAQ,3255,3255,3255,24-Jun-20
11,Yavatmal,Pandhakawada,Soyabean,Yellow,FAQ,3475,3475,3475,6-May-20
12,Yavatmal,Pandhakawada,Soyabean,Yellow,FAQ,3250,3250,3250,9-Mar-20
13,Yavatmal,Pandhakawada,Soyabean,Yellow,FAQ,4000,4125,4090,8-Jan-20
14,Yavatmal,Pandhakawada,Soyabean,Yellow,FAQ,4100,4200,4150,31-Dec-19
15,Yavatmal,Pandhakawada,Soyabean,Yellow,FAQ,4000,4175,4100,27-Dec-19
16,Yavatmal,Pandhakawada,Soyabean,Yellow,FAQ,3610,3610,3610,26-Dec-19
17,Yavatmal,Pandhakawada,Soyabean,Yellow,FAQ,4100,4100,4100,24-Dec-19
18,Yavatmal,Pandhakawada,Soyabean,Yellow,FAQ,4050,4175,4120,23-Dec-19
19,Yavatmal,Pandhakawada,Soyabean,Yellow,FAQ,3900,4075,4000,20-Dec-19
20,Yavatmal,Pandhakawada,Soyabean,Yellow,FAQ,4000,4105,4080,19-Dec-19
21,Yavatmal,Pandhakawada,Soyabean,Yellow,FAQ,3885,3885,3885,17-Dec-19
22,Yavatmal,Pandhakawada,Soyabean,Yellow,FAQ,3885,3885,3885,16-Dec-19
23,Yavatmal,Pandhakawada,Soyabean,Yellow,FAQ,4000,4000,4000,12-Dec-19
24,Yavatmal,Pandhakawada,Soyabean,Yellow,FAQ,3750,3900,3850,11-Dec-19
25,Yavatmal,Pandhakawada,Soyabean,Yellow,FAQ,3800,3800,3800,10-Dec-19
26,Yavatmal,Pandhakawada,Soyabean,Yellow,FAQ,3850,3850,3850,9-Dec-19
27,Yavatmal,Pandhakawada,Soyabean,Yellow,FAQ,3720,3835,3780,6-Dec-19
28,Yavatmal,Pandhakawada,Soyabean,Yellow,FAQ,3795,3795,3795,5-Dec-19
29,Yavatmal,Pandhakawada,Soyabean,Yellow,FAQ,3200,3835,3835,4-Dec-19
30,Yavatmal,Pandhakawada,Soyabean,Yellow,FAQ,3710,3850,3800,3-Dec-19
31,Yavatmal,Pandhakawada,Soyabean,Yellow,FAQ,3200,3705,3560,2-Dec-19
32,Yavatmal,Pandhakawada,Soyabean,Yellow,FAQ,3250,3500,3400,30-Nov-19
33,Yavatmal,Pandhakawada,Soyabean,Yellow,FAQ,3500,3705,3690,29-Nov-19
34,Yavatmal,Pandhakawada,Soyabean,Yellow,FAQ,3500,3700,3625,27-Nov-19
35,Yavatmal,Pandhakawada,Soyabean,Yellow,FAQ,3200,3705,3600,26-Nov-19
36,Yavatmal,Pandhakawada,Soyabean,Yellow,FAQ,3150,3705,3550,25-Nov-19
37,Yavatmal,Pandhakawada,Soyabean,Yellow,FAQ,3150,3600,3500,22-Nov-19
38,Yavatmal,Pandhakawada,Soyabean,Yellow,FAQ,3200,3545,3450,21-Nov-19
39,Yavatmal,Pandhakawada,Soyabean,Yellow,FAQ,3105,3595,3500,20-Nov-19
40,Yavatmal,Pandhakawada,Soyabean,Yellow,FAQ,3050,3490,3430,19-Nov-19
41,Yavatmal,Pandhakawada,Soyabean,Yellow,FAQ,3100,3555,3450,18-Nov-19
42,Yavatmal,Pandhakawada,Soyabean,Yellow,FAQ,3100,3450,3325,15-Nov-19
43,Yavatmal,Pandhakawada,Soyabean,Yellow,FAQ,3200,3420,3350,14-Nov-19
44,Yavatmal,Pandhakawada,Soyabean,Yellow,FAQ,3000,3480,3350,13-Nov-19
45,Yavatmal,Pandhakawada,Soyabean,Yellow,FAQ,3100,3400,3325,11-Nov-19
46,Yavatmal,Pandhakawada,Soyabean,Yellow,FAQ,3000,3400,3350,8-Nov-19
47,Yavatmal,Pandhakawada,Soyabean,Yellow,FAQ,2900,3480,3250,7-Nov-19
48,Yavatmal,Pandhakawada,Soyabean,Yellow,FAQ,2900,3405,3290,6-Nov-19
49,Yavatmal,Pandhakawada,Soyabean,Yellow,FAQ,3100,3500,3290,5-Nov-19
50,Yavatmal,Pandhakawada,Soyabean,Yellow,FAQ,2900,3470,3250,4-Nov-19
51,Yavatmal,Pandhakawada,Soyabean,Yellow,FAQ,2900,3290,3150,2-Nov-19
52,Yavatmal,Pandhakawada,Soyabean,Yellow,FAQ,2900,3200,3125,1-Nov-19
53,Yavatmal,Pandhakawada,Soyabean,Yellow,FAQ,2900,3245,3150,26-Oct-19
54,Yavatmal,Pandhakawada,Soyabean,Yellow,FAQ,3100,3300,3220,25-Oct-19
55,Yavatmal,Pandhakawada,Soyabean,Yellow,FAQ,3300,3300,3300,10-Jan-19
56,Yavatmal,Pandhakawada,Soyabean,Yellow,FAQ,3155,3155,3155,3-Jan-19
57,Yavatmal,Pandhakawada,Soyabean,Yellow,FAQ,3230,3230,3230,31-Dec-18
58,Yavatmal,Pandhakawada,Soyabean,Yellow,FAQ,3135,3225,3200,28-Dec-18
59,Yavatmal,Pandhakawada,Soyabean,Yellow,FAQ,3190,3220,3200,27-Dec-18
60,Yavatmal,Pandhakawada,Soyabean,Yellow,FAQ,3150,3215,3200,26-Dec-18
61,Yavatmal,Pandhakawada,Soyabean,Yellow,FAQ,3250,3250,3250,24-Dec-18
62,Yavatmal,Pandhakawada,Soyabean,Yellow,FAQ,3225,3260,3240,21-Dec-18
63,Yavatmal,Pandhakawada,Soyabean,Yellow,FAQ,3240,3240,3240,20-Dec-18
64,Yavatmal,Pandhakawada,Soyabean,Yellow,FAQ,3200,3250,3230,19-Dec-18
65,Yavatmal,Pandhakawada,Soyabean,Yellow,FAQ,3285,3285,3285,17-Dec-18
66,Yavatmal,Pandhakawada,Soyabean,Yellow,FAQ,3270,3270,3270,14-Dec-18
67,Yavatmal,Pandhakawada,Soyabean,Yellow,FAQ,3170,3170,3170,13-Dec-18
68,Yavatmal,Pandhakawada,Soyabean,Yellow,FAQ,3200,3320,3255,12-Dec-18
69,Yavatmal,Pandhakawada,Soyabean,Yellow,FAQ,3150,3200,3180,11-Dec-18
70,Yavatmal,Pandhakawada,Soyabean,Yellow,FAQ,3150,3200,3180,10-Dec-18
71,Yavatmal,Pandhakawada,Soyabean,Yellow,FAQ,3100,3150,3130,7-Dec-18
72,Yavatmal,Pandhakawada,Soyabean,Yellow,FAQ,3120,3120,3120,6-Dec-18
73,Yavatmal,Pandhakawada,Soyabean,Yellow,FAQ,3190,3190,3190,5-Dec-18
74,Yavatmal,Pandhakawada,Soyabean,Yellow,FAQ,3200,3200,3200,4-Dec-18
75,Yavatmal,Pandhakawada,Soyabean,Yellow,FAQ,3200,3200,3200,30-Nov-18
76,Yavatmal,Pandhakawada,Soyabean,Yellow,FAQ,3200,3200,3200,29-Nov-18
77,Yavatmal,Pandhakawada,Soyabean,Yellow,FAQ,3200,3200,3200,28-Nov-18
78,Yavatmal,Pandhakawada,Soyabean,Yellow,FAQ,3150,3250,3200,27-Nov-18
79,Yavatmal,Pandhakawada,Soyabean,Yellow,FAQ,3190,3295,3250,26-Nov-18
80,Yavatmal,Pandhakawada,Soyabean,Yellow,FAQ,3200,3290,3250,22-Nov-18
81,Yavatmal,Pandhakawada,Soyabean,Yellow,FAQ,3215,3215,3215,20-Nov-18
82,Yavatmal,Pandhakawada,Soyabean,Yellow,FAQ,3100,3275,3200,19-Nov-18
83,Yavatmal,Pandhakawada,Soyabean,Yellow,FAQ,3100,3250,3200,16-Nov-18
84,Yavatmal,Pandhakawada,Soyabean,Yellow,FAQ,3100,3235,3200,15-Nov-18
85,Yavatmal,Pandhakawada,Soyabean,Yellow,FAQ,3250,3250,3250,14-Nov-18
86,Yavatmal,Pandhakawada,Soyabean,Yellow,FAQ,3200,3255,3225,13-Nov-18
87,Yavatmal,Pandhakawada,Soyabean,Yellow,FAQ,3200,3399,3399,12-Nov-18
88,Yavatmal,Pandhakawada,Soyabean,Yellow,FAQ,3150,3150,3150,6-Nov-18
89,Yavatmal,Pandhakawada,Soyabean,Yellow,FAQ,3100,3200,3170,5-Nov-18
90,Yavatmal,Pandhakawada,Soyabean,Yellow,FAQ,3000,3140,3100,2-Nov-18
91,Yavatmal,Pandhakawada,Soyabean,Yellow,FAQ,2900,3150,3000,1-Nov-18
92,Yavatmal,Pandhakawada,Soyabean,Yellow,FAQ,2900,3150,3050,31-Oct-18
93,Yavatmal,Pandhakawada,Soyabean,Yellow,FAQ,2900,3100,3050,30-Oct-18
94,Yavatmal,Pandhakawada,Soyabean,Yellow,FAQ,2900,3000,2950,26-Oct-18
95,Yavatmal,Pandhakawada,Soyabean,Yellow,FAQ,2900,3050,2990,25-Oct-18
96,Yavatmal,Pandhakawada,Soyabean,Yellow,FAQ,2800,3000,2950,24-Oct-18
97,Yavatmal,Pandhakawada,Soyabean,Yellow,FAQ,2800,3000,2959,23-Oct-18
98,Yavatmal,Pandhakawada,Soyabean,Yellow,FAQ,2800,3000,2930,22-Oct-18
99,Yavatmal,Pandhakawada,Soyabean,Yellow,FAQ,3300,3325,3310,30-Jul-18
100,Yavatmal,Pandhakawada,Soyabean,Yellow,FAQ,3200,3525,3400,19-Mar-18
101,Yavatmal,Pandhakawada,Soyabean,Yellow,FAQ,2750,2950,2900,17-Jan-18
102,Yavatmal,Pandhakawada,Soyabean,Yellow,FAQ,2930,2930,2930,6-Jan-18
103,Yavatmal,Pandhakawada,Soyabean,Yellow,FAQ,2750,2855,2800,4-Jan-18
104,Yavatmal,Pandhakawada,Soyabean,Yellow,FAQ,2750,2850,2800,3-Jan-18
105,Yavatmal,Pandhakawada,Soyabean,Yellow,FAQ,2600,2850,2775,2-Jan-18
106,Yavatmal,Pandhakawada,Soyabean,Yellow,FAQ,2600,2850,2750,1-Jan-18
107,Yavatmal,Pandhakawada,Soyabean,Yellow,FAQ,2640,2840,2800,29-Dec-17
108,Yavatmal,Pandhakawada,Soyabean,Yellow,FAQ,2650,2800,2750,27-Dec-17
109,Yavatmal,Pandhakawada,Soyabean,Yellow,FAQ,2600,2600,2600,26-Dec-17
110,Yavatmal,Pandhakawada,Soyabean,Yellow,FAQ,2600,2800,2750,22-Dec-17
111,Yavatmal,Pandhakawada,Soyabean,Yellow,FAQ,2500,2790,2700,21-Dec-17
112,Yavatmal,Pandhakawada,Soyabean,Yellow,FAQ,2400,2890,2750,20-Dec-17
113,Yavatmal,Pandhakawada,Soyabean,Yellow,FAQ,3050,3050,3050,19-Dec-17
114,Yavatmal,Pandhakawada,Soyabean,Yellow,FAQ,2800,2800,2800,18-Dec-17
115,Yavatmal,Pandhakawada,Soyabean,Yellow,FAQ,2700,2700,2700,11-Dec-17
116,Yavatmal,Pandhakawada,Soyabean,Yellow,FAQ,2500,2870,2775,8-Dec-17
117,Yavatmal,Pandhakawada,Soyabean,Yellow,FAQ,2600,2860,2750,7-Dec-17
118,Yavatmal,Pandhakawada,Soyabean,Yellow,FAQ,2500,3050,3050,6-Dec-17
119,Yavatmal,Pandhakawada,Soyabean,Yellow,FAQ,2450,3050,3050,5-Dec-17
120,Yavatmal,Pandhakawada,Soyabean,Yellow,FAQ,2450,3050,3050,4-Dec-17
121,Yavatmal,Pandhakawada,Soyabean,Yellow,FAQ,3050,3050,3050,2-Dec-17
122,Yavatmal,Pandhakawada,Soyabean,Yellow,FAQ,2400,3050,3050,30-Nov-17
123,Yavatmal,Pandhakawada,Soyabean,Yellow,FAQ,2700,3050,3050,29-Nov-17
124,Yavatmal,Pandhakawada,Soyabean,Yellow,FAQ,2350,2650,2560,28-Nov-17
125,Yavatmal,Pandhakawada,Soyabean,Yellow,FAQ,2300,3050,3050,27-Nov-17
126,Yavatmal,Pandhakawada,Soyabean,Yellow,FAQ,2300,2700,2620,24-Nov-17
127,Yavatmal,Pandhakawada,Soyabean,Yellow,FAQ,2250,2550,2400,23-Nov-17
128,Yavatmal,Pandhakawada,Soyabean,Yellow,FAQ,2300,3050,3050,22-Nov-17
129,Yavatmal,Pandhakawada,Soyabean,Yellow,FAQ,2200,3050,3050,21-Nov-17
130,Yavatmal,Pandhakawada,Soyabean,Yellow,FAQ,2200,3050,3050,20-Nov-17
131,Yavatmal,Pandhakawada,Soyabean,Yellow,FAQ,3050,3050,3050,18-Nov-17
132,Yavatmal,Pandhakawada,Soyabean,Yellow,FAQ,2200,3050,3050,17-Nov-17
133,Yavatmal,Pandhakawada,Soyabean,Yellow,FAQ,2250,3050,3050,16-Nov-17
134,Yavatmal,Pandhakawada,Soyabean,Yellow,FAQ,2300,3050,3050,15-Nov-17
135,Yavatmal,Pandhakawada,Soyabean,Yellow,FAQ,2200,3050,3050,14-Nov-17
136,Yavatmal,Pandhakawada,Soyabean,Yellow,FAQ,2200,2550,2400,13-Nov-17
137,Yavatmal,Pandhakawada,Soyabean,Yellow,FAQ,2200,2575,2425,10-Nov-17
138,Yavatmal,Pandhakawada,Soyabean,Yellow,FAQ,2100,2550,2450,9-Nov-17
139,Yavatmal,Pandhakawada,Soyabean,Yellow,FAQ,2200,2600,2475,8-Nov-17
140,Yavatmal,Pandhakawada,Soyabean,Yellow,FAQ,2200,2600,2475,7-Nov-17
141,Yavatmal,Pandhakawada,Soyabean,Yellow,FAQ,2100,2550,2450,6-Nov-17
142,Yavatmal,Pandhakawada,Soyabean,Yellow,FAQ,2200,2500,2425,3-Nov-17
143,Yavatmal,Pandhakawada,Soyabean,Yellow,FAQ,2250,2600,2525,2-Nov-17
144,Yavatmal,Pandhakawada,Soyabean,Yellow,FAQ,2200,2500,2375,1-Nov-17
145,Yavatmal,Pandhakawada,Soyabean,Yellow,FAQ,2200,2550,2375,31-Oct-17
146,Yavatmal,Pandhakawada,Soyabean,Yellow,FAQ,2100,2550,2400,30-Oct-17
147,Yavatmal,Pandhakawada,Soyabean,Yellow,FAQ,3050,3050,3050,27-Oct-17
148,Yavatmal,Pandhakawada,Soyabean,Yellow,FAQ,2150,3050,3050,26-Oct-17
149,Yavatmal,Pandhakawada,Soyabean,Yellow,FAQ,3050,3050,3050,24-Oct-17
150,Yavatmal,Pandhakawada,Soyabean,Other,FAQ,2550,2550,2550,16-Oct-17
151,Yavatmal,Pandhakawada,Soyabean,Yellow,FAQ,2585,2585,2585,17-Jul-17
152,Yavatmal,Pandhakawada,Soyabean,Yellow,FAQ,2305,2305,2305,3-Jul-17
153,Yavatmal,Pandhakawada,Soyabean,Yellow,FAQ,2550,2550,2550,14-Jun-17
154,Yavatmal,Pandhakawada,Soyabean,Yellow,FAQ,2600,2750,2675,25-Apr-17
155,Yavatmal,Pandhakawada,Soyabean,Yellow,FAQ,2675,2675,2675,22-Apr-17
156,Yavatmal,Pandhakawada,Soyabean,Yellow,FAQ,2600,2675,2630,23-Mar-17
157,Yavatmal,Pandhakawada,Soyabean,Yellow,FAQ,2590,2675,2630,22-Mar-17
158,Yavatmal,Pandhakawada,Soyabean,Yellow,FAQ,2600,2700,2650,17-Feb-17
159,Yavatmal,Pandhakawada,Soyabean,Yellow,FAQ,2550,2700,2665,10-Feb-17
160,Yavatmal,Pandhakawada,Soyabean,Yellow,FAQ,2650,2700,2680,9-Feb-17
161,Yavatmal,Pandhakawada,Soyabean,Yellow,FAQ,2500,2700,2650,8-Feb-17
162,Yavatmal,Pandhakawada,Soyabean,Yellow,FAQ,2550,2700,2650,7-Feb-17
163,Yavatmal,Pandhakawada,Soyabean,Yellow,FAQ,2550,2700,2660,6-Feb-17
164,Yavatmal,Pandhakawada,Soyabean,Yellow,FAQ,2500,2700,2675,3-Feb-17
165,Yavatmal,Pandhakawada,Soyabean,Yellow,FAQ,2520,2665,2600,2-Feb-17
166,Yavatmal,Pandhakawada,Soyabean,Yellow,FAQ,2500,2665,2600,1-Feb-17
167,Yavatmal,Pandhakawada,Soyabean,Yellow,FAQ,2500,2700,2625,31-Jan-17
168,Yavatmal,Pandhakawada,Soyabean,Yellow,FAQ,2550,2700,2650,30-Jan-17
169,Yavatmal,Pandhakawada,Soyabean,Yellow,FAQ,2650,2730,2700,24-Jan-17
170,Yavatmal,Pandhakawada,Soyabean,Yellow,FAQ,2600,2740,2700,19-Jan-17
171,Yavatmal,Pandhakawada,Soyabean,Yellow,FAQ,2500,2745,2700,18-Jan-17
172,Yavatmal,Pandhakawada,Soyabean,Yellow,FAQ,2600,2730,2700,17-Jan-17
173,Yavatmal,Pandhakawada,Soyabean,Yellow,FAQ,2550,2705,2675,16-Jan-17
174,Yavatmal,Pandhakawada,Soyabean,Yellow,FAQ,2500,2675,2630,13-Jan-17
175,Yavatmal,Pandhakawada,Soyabean,Yellow,FAQ,2600,2685,2630,12-Jan-17
176,Yavatmal,Pandhakawada,Soyabean,Yellow,FAQ,2500,2675,2625,11-Jan-17
177,Yavatmal,Pandhakawada,Soyabean,Yellow,FAQ,2600,2720,2690,10-Jan-17
178,Yavatmal,Pandhakawada,Soyabean,Yellow,FAQ,2650,2740,2700,9-Jan-17
179,Yavatmal,Pandhakawada,Soyabean,Yellow,FAQ,2575,2760,2720,6-Jan-17
180,Yavatmal,Pandhakawada,Soyabean,Yellow,FAQ,2550,2750,2700,5-Jan-17
181,Yavatmal,Pandhakawada,Soyabean,Yellow,FAQ,2600,2775,2775,4-Jan-17
182,Yavatmal,Pandhakawada,Soyabean,Yellow,FAQ,2600,2775,2775,3-Jan-17
183,Yavatmal,Pandhakawada,Soyabean,Yellow,FAQ,2600,2800,2790,2-Jan-17
184,Yavatmal,Pandhakawada,Soyabean,Yellow,FAQ,2550,2785,2780,30-Dec-16
185,Yavatmal,Pandhakawada,Soyabean,Yellow,FAQ,2600,2790,2780,29-Dec-16
186,Yavatmal,Pandhakawada,Soyabean,Yellow,FAQ,2600,2800,2800,28-Dec-16
187,Yavatmal,Pandhakawada,Soyabean,Yellow,FAQ,2600,2750,2700,27-Dec-16
188,Yavatmal,Pandhakawada,Soyabean,Yellow,FAQ,2600,2750,2700,26-Dec-16
189,Yavatmal,Pandhakawada,Soyabean,Yellow,FAQ,2550,2760,2710,23-Dec-16
190,Yavatmal,Pandhakawada,Soyabean,Yellow,FAQ,2600,2750,2700,22-Dec-16
191,Yavatmal,Pandhakawada,Soyabean,Yellow,FAQ,2600,2800,2790,21-Dec-16
192,Yavatmal,Pandhakawada,Soyabean,Yellow,FAQ,2600,2775,2775,20-Dec-16
193,Yavatmal,Pandhakawada,Soyabean,Yellow,FAQ,2600,2790,2780,19-Dec-16
194,Yavatmal,Pandhakawada,Soyabean,Yellow,FAQ,2600,2800,2790,16-Dec-16
195,Yavatmal,Pandhakawada,Soyabean,Yellow,FAQ,2650,2785,2780,15-Dec-16
196,Yavatmal,Pandhakawada,Soyabean,Yellow,FAQ,2650,2800,2790,14-Dec-16
197,Yavatmal,Pandhakawada,Soyabean,Yellow,FAQ,2600,2775,2775,13-Dec-16
198,Yavatmal,Pandhakawada,Soyabean,Yellow,FAQ,2550,2775,2775,9-Dec-16
199,Yavatmal,Pandhakawada,Soyabean,Yellow,FAQ,2550,2800,2790,8-Dec-16
200,Yavatmal,Pandhakawada,Soyabean,Yellow,FAQ,2550,2800,2790,7-Dec-16
201,Yavatmal,Pandhakawada,Soyabean,Yellow,FAQ,2600,2805,2790,6-Dec-16
202,Yavatmal,Pandhakawada,Soyabean,Yellow,FAQ,2550,2805,2790,5-Dec-16
203,Yavatmal,Pandhakawada,Soyabean,Yellow,FAQ,2600,2840,2800,2-Dec-16
204,Yavatmal,Pandhakawada,Soyabean,Yellow,FAQ,2550,2865,2800,1-Dec-16
205,Yavatmal,Pandhakawada,Soyabean,Yellow,FAQ,2500,2850,2795,30-Nov-16
206,Yavatmal,Pandhakawada,Soyabean,Yellow,FAQ,2500,2815,2790,29-Nov-16
207,Yavatmal,Pandhakawada,Soyabean,Yellow,FAQ,2500,2855,2800,28-Nov-16
208,Yavatmal,Pandhakawada,Soyabean,Yellow,FAQ,2550,2820,2790,25-Nov-16
209,Yavatmal,Pandhakawada,Soyabean,Yellow,FAQ,2600,2820,2790,24-Nov-16
210,Yavatmal,Pandhakawada,Soyabean,Yellow,FAQ,2500,2820,2795,23-Nov-16
211,Yavatmal,Pandhakawada,Soyabean,Yellow,FAQ,2400,2830,2790,22-Nov-16
212,Yavatmal,Pandhakawada,Soyabean,Yellow,FAQ,2500,2830,2795,21-Nov-16
213,Yavatmal,Pandhakawada,Soyabean,Yellow,FAQ,2400,2775,2775,18-Nov-16
214,Yavatmal,Pandhakawada,Soyabean,Yellow,FAQ,2300,2775,2775,17-Nov-16
215,Yavatmal,Pandhakawada,Soyabean,Yellow,FAQ,2300,2765,2650,16-Nov-16
216,Yavatmal,Pandhakawada,Soyabean,Yellow,FAQ,2100,2650,2550,15-Nov-16
217,Yavatmal,Pandhakawada,Soyabean,Yellow,FAQ,2400,2500,2475,10-Nov-16
218,Yavatmal,Pandhakawada,Soyabean,Yellow,FAQ,2200,2645,2575,9-Nov-16
219,Yavatmal,Pandhakawada,Soyabean,Yellow,FAQ,2400,2700,2625,8-Nov-16
220,Yavatmal,Pandhakawada,Soyabean,Yellow,FAQ,2300,2800,2800,7-Nov-16
221,Yavatmal,Pandhakawada,Soyabean,Yellow,FAQ,2300,2750,2630,4-Nov-16
222,Yavatmal,Pandhakawada,Soyabean,Yellow,FAQ,2200,2650,2550,3-Nov-16
223,Yavatmal,Pandhakawada,Soyabean,Yellow,FAQ,2300,2625,2500,29-Oct-16
224,Yavatmal,Pandhakawada,Soyabean,Yellow,FAQ,2200,2770,2600,28-Oct-16
225,Yavatmal,Pandhakawada,Soyabean,Yellow,FAQ,2100,2685,2550,27-Oct-16
226,Yavatmal,Pandhakawada,Soyabean,Yellow,FAQ,200,2645,2550,26-Oct-16
227,Yavatmal,Pandhakawada,Soyabean,Yellow,FAQ,2100,2630,2500,25-Oct-16
228,Yavatmal,Pandhakawada,Soyabean,Yellow,FAQ,2100,2700,2575,24-Oct-16
229,Yavatmal,Pandhakawada,Soyabean,Yellow,FAQ,2350,2350,2350,22-Oct-16
230,Yavatmal,Pandhakawada,Soyabean,Yellow,FAQ,2000,2670,2500,21-Oct-16
231,Yavatmal,Pandhakawada,Soyabean,Yellow,FAQ,2100,2640,2500,20-Oct-16
232,Yavatmal,Pandhakawada,Soyabean,Yellow,FAQ,2000,2580,2500,19-Oct-16
233,Yavatmal,Pandhakawada,Soyabean,Yellow,FAQ,3300,3300,3300,1-Aug-16
234,Yavatmal,Pandhakawada,Soyabean,Yellow,FAQ,3495,3495,3495,21-Jul-16
235,Yavatmal,Pandhakawada,Soyabean,Yellow,FAQ,3375,3375,3375,15-Jul-16
236,Yavatmal,Pandhakawada,Soyabean,Yellow,FAQ,3700,3700,3700,22-Jun-16
237,Yavatmal,Pandhakawada,Soyabean,Yellow,FAQ,3750,3750,3750,14-Jun-16
238,Yavatmal,Pandhakawada,Soyabean,Yellow,FAQ,3575,3620,3600,7-Jun-16
239,Yavatmal,Pandhakawada,Soyabean,Yellow,FAQ,3400,3400,3400,6-Jun-16
240,Yavatmal,Pandhakawada,Soyabean,Yellow,FAQ,3820,3820,3820,5-Apr-16
241,Yavatmal,Pandhakawada,Soyabean,Yellow,FAQ,3850,3850,3850,4-Apr-16
242,Yavatmal,Pandhakawada,Soyabean,Yellow,FAQ,3500,3695,3600,29-Mar-16
243,Yavatmal,Pandhakawada,Soyabean,Yellow,FAQ,3500,3600,3550,22-Mar-16
244,Yavatmal,Pandhakawada,Soyabean,Yellow,FAQ,3480,3535,3500,21-Mar-16
245,Yavatmal,Pandhakawada,Soyabean,Yellow,FAQ,3500,3500,3500,18-Mar-16
246,Yavatmal,Pandhakawada,Soyabean,Yellow,FAQ,3500,3500,3500,15-Mar-16
247,Yavatmal,Pandhakawada,Soyabean,Yellow,FAQ,3300,3535,3450,14-Mar-16
248,Yavatmal,Pandhakawada,Soyabean,Yellow,FAQ,3400,3500,3450,10-Mar-16
249,Yavatmal,Pandhakawada,Soyabean,Yellow,FAQ,3400,3505,3450,9-Mar-16
250,Yavatmal,Pandhakawada,Soyabean,Yellow,FAQ,3400,3500,3450,4-Mar-16
251,Yavatmal,Pandhakawada,Soyabean,Yellow,FAQ,3500,3500,3500,3-Mar-16
252,Yavatmal,Pandhakawada,Soyabean,Yellow,FAQ,3425,3425,3425,2-Mar-16
253,Yavatmal,Pandhakawada,Soyabean,Yellow,FAQ,3300,3300,3300,26-Feb-16
254,Yavatmal,Pandhakawada,Soyabean,Yellow,FAQ,3300,3500,3450,25-Feb-16
255,Yavatmal,Pandhakawada,Soyabean,Yellow,FAQ,3400,3500,3450,22-Feb-16
256,Yavatmal,Pandhakawada,Soyabean,Yellow,FAQ,3450,3450,3450,4-Feb-16
257,Yavatmal,Pandhakawada,Soyabean,Yellow,FAQ,3300,3300,3300,20-Jan-16
258,Yavatmal,Pandhakawada,Soyabean,Yellow,FAQ,3350,3350,3350,12-Jan-16
259,Yavatmal,Pandhakawada,Soyabean,Yellow,FAQ,3300,3400,3330,7-Jan-16
260,Yavatmal,Pandhakawada,Soyabean,Yellow,FAQ,3300,3450,3400,30-Dec-15
261,Yavatmal,Pandhakawada,Soyabean,Yellow,FAQ,3200,3400,3350,29-Dec-15
262,Yavatmal,Pandhakawada,Soyabean,Yellow,FAQ,3000,3300,3200,28-Dec-15
263,Yavatmal,Pandhakawada,Soyabean,Yellow,FAQ,3400,3450,3430,23-Dec-15
264,Yavatmal,Pandhakawada,Soyabean,Yellow,FAQ,3300,3450,3400,22-Dec-15
265,Yavatmal,Pandhakawada,Soyabean,Yellow,FAQ,3200,3400,3350,21-Dec-15
266,Yavatmal,Pandhakawada,Soyabean,Yellow,FAQ,3300,3485,3430,18-Dec-15
267,Yavatmal,Pandhakawada,Soyabean,Yellow,FAQ,3300,3450,3400,17-Dec-15
268,Yavatmal,Pandhakawada,Soyabean,Yellow,FAQ,3400,3500,3450,16-Dec-15
269,Yavatmal,Pandhakawada,Soyabean,Yellow,FAQ,3450,3530,3500,15-Dec-15
270,Yavatmal,Pandhakawada,Soyabean,Yellow,FAQ,3400,3520,3485,14-Dec-15
271,Yavatmal,Pandhakawada,Soyabean,Yellow,FAQ,3400,3525,3450,11-Dec-15
272,Yavatmal,Pandhakawada,Soyabean,Yellow,FAQ,3300,3520,3450,10-Dec-15
273,Yavatmal,Pandhakawada,Soyabean,Yellow,FAQ,3300,3500,3450,9-Dec-15
274,Yavatmal,Pandhakawada,Soyabean,Yellow,FAQ,3300,3500,3450,8-Dec-15
275,Yavatmal,Pandhakawada,Soyabean,Yellow,FAQ,3400,3500,3450,7-Dec-15
276,Yavatmal,Pandhakawada,Soyabean,Yellow,FAQ,3300,3550,3485,4-Dec-15
277,Yavatmal,Pandhakawada,Soyabean,Yellow,FAQ,3200,3550,3500,3-Dec-15
278,Yavatmal,Pandhakawada,Soyabean,Yellow,FAQ,3200,3650,3550,2-Dec-15
279,Yavatmal,Pandhakawada,Soyabean,Yellow,FAQ,3200,3650,3550,1-Dec-15
280,Yavatmal,Pandhakawada,Soyabean,Yellow,FAQ,3200,3650,3550,30-Nov-15
281,Yavatmal,Pandhakawada,Soyabean,Yellow,FAQ,3300,3650,3525,27-Nov-15
282,Yavatmal,Pandhakawada,Soyabean,Yellow,FAQ,3300,3550,3485,26-Nov-15
283,Yavatmal,Pandhakawada,Soyabean,Yellow,FAQ,3400,3550,3500,25-Nov-15
284,Yavatmal,Pandhakawada,Soyabean,Yellow,FAQ,3300,3585,3500,24-Nov-15
285,Yavatmal,Pandhakawada,Soyabean,Yellow,FAQ,3200,3550,3430,23-Nov-15
286,Yavatmal,Pandhakawada,Soyabean,Yellow,FAQ,3100,3600,3500,20-Nov-15
287,Yavatmal,Pandhakawada,Soyabean,Yellow,FAQ,3300,3625,3500,19-Nov-15
288,Yavatmal,Pandhakawada,Soyabean,Yellow,FAQ,3300,3550,3450,18-Nov-15
289,Yavatmal,Pandhakawada,Soyabean,Yellow,FAQ,3200,3600,3485,17-Nov-15
290,Yavatmal,Pandhakawada,Soyabean,Yellow,FAQ,3200,3600,3500,16-Nov-15
291,Yavatmal,Pandhakawada,Soyabean,Yellow,FAQ,3300,3550,3425,10-Nov-15
292,Yavatmal,Pandhakawada,Soyabean,Yellow,FAQ,3300,3600,3523,9-Nov-15
293,Yavatmal,Pandhakawada,Soyabean,Yellow,FAQ,3200,3600,3475,6-Nov-15
294,Yavatmal,Pandhakawada,Soyabean,Yellow,FAQ,3200,3700,3500,5-Nov-15
295,Yavatmal,Pandhakawada,Soyabean,Yellow,FAQ,3200,3650,3500,4-Nov-15
296,Yavatmal,Pandhakawada,Soyabean,Yellow,FAQ,3200,3565,3450,3-Nov-15
297,Yavatmal,Pandhakawada,Soyabean,Yellow,FAQ,3200,3600,3425,2-Nov-15
298,Yavatmal,Pandhakawada,Soyabean,Yellow,FAQ,3100,3600,3485,30-Oct-15
299,Yavatmal,Pandhakawada,Soyabean,Yellow,FAQ,3200,3500,3450,29-Oct-15
300,Yavatmal,Pandhakawada,Soyabean,Yellow,FAQ,3200,3550,3490,28-Oct-15
301,Yavatmal,Pandhakawada,Soyabean,Yellow,FAQ,3200,3650,3550,27-Oct-15
302,Yavatmal,Pandhakawada,Soyabean,Yellow,FAQ,3200,3650,3560,26-Oct-15
303,Yavatmal,Pandhakawada,Soyabean,Yellow,FAQ,3200,3550,3430,20-Oct-15
304,Yavatmal,Pandhakawada,Soyabean,Yellow,FAQ,3320,3650,3520,19-Oct-15
305,Yavatmal,Pandhakawada,Soyabean,Yellow,FAQ,3200,3750,3550,17-Oct-15
306,Yavatmal,Pandhakawada,Soyabean,Yellow,FAQ,3300,3850,3700,16-Oct-15
307,Yavatmal,Pandhakawada,Soyabean,Yellow,FAQ,3200,3700,3550,15-Oct-15
308,Yavatmal,Pandhakawada,Soyabean,Yellow,FAQ,3300,3650,3550,14-Oct-15
309,Yavatmal,Pandhakawada,Soyabean,Yellow,FAQ,3200,3550,3450,13-Oct-15
310,Yavatmal,Pandhakawada,Soyabean,Yellow,FAQ,3200,3600,3400,12-Oct-15
311,Yavatmal,Pandhakawada,Soyabean,Yellow,FAQ,3200,3700,3500,9-Oct-15
312,Yavatmal,Pandhakawada,Soyabean,Yellow,FAQ,3200,3700,3500,8-Oct-15
313,Yavatmal,Pandhakawada,Soyabean,Yellow,FAQ,3000,3600,3450,7-Oct-15
314,Yavatmal,Pandhakawada,Soyabean,Yellow,FAQ,2800,3475,3285,6-Oct-15
315,Yavatmal,Pandhakawada,Soyabean,Yellow,FAQ,3000,3375,3200,5-Oct-15
316,Yavatmal,Pandhakawada,Soyabean,Yellow,FAQ,3000,3150,3100,3-Oct-15
317,Yavatmal,Pandhakawada,Soyabean,Yellow,FAQ,3000,3100,3060,1-Oct-15
318,Yavatmal,Pandhakawada,Soyabean,Yellow,FAQ,3025,3025,3025,30-Jul-15
319,Yavatmal,Pandhakawada,Soyabean,Yellow,FAQ,3200,3200,3200,14-Jul-15
320,Yavatmal,Pandhakawada,Soyabean,Yellow,FAQ,3400,3445,3420,11-Jun-15
321,Yavatmal,Pandhakawada,Soyabean,Yellow,FAQ,3100,3355,3250,9-Jun-15
322,Yavatmal,Pandhakawada,Soyabean,Yellow,FAQ,3300,3400,3350,8-Jun-15
323,Yavatmal,Pandhakawada,Soyabean,Yellow,FAQ,3300,3600,3400,2-Jun-15
324,Yavatmal,Pandhakawada,Soyabean,Yellow,FAQ,3200,3600,3450,29-May-15
325,Yavatmal,Pandhakawada,Soyabean,Yellow,FAQ,3000,3050,3025,13-Feb-15
326,Yavatmal,Pandhakawada,Soyabean,Yellow,FAQ,3000,3150,3100,6-Feb-15
327,Yavatmal,Pandhakawada,Soyabean,Yellow,FAQ,3000,3150,3100,5-Feb-15
328,Yavatmal,Pandhakawada,Soyabean,Yellow,FAQ,2800,3150,3100,4-Feb-15
329,Yavatmal,Pandhakawada,Soyabean,Yellow,FAQ,3000,3500,3100,2-Feb-15
330,Yavatmal,Pandhakawada,Soyabean,Yellow,FAQ,2900,3555,3100,30-Jan-15
331,Yavatmal,Pandhakawada,Soyabean,Yellow,FAQ,2800,3180,3120,23-Jan-15
332,Yavatmal,Pandhakawada,Soyabean,Yellow,FAQ,2800,3180,3100,22-Jan-15
333,Yavatmal,Pandhakawada,Soyabean,Yellow,FAQ,2800,3170,3100,21-Jan-15
334,Yavatmal,Pandhakawada,Soyabean,Yellow,FAQ,3000,3200,3150,20-Jan-15
335,Yavatmal,Pandhakawada,Soyabean,Yellow,FAQ,3050,3180,3120,16-Jan-15
336,Yavatmal,Pandhakawada,Soyabean,Yellow,FAQ,3050,3180,3120,16-Jan-15
337,Yavatmal,Pandhakawada,Soyabean,Yellow,FAQ,3000,3180,3130,15-Jan-15
338,Yavatmal,Pandhakawada,Soyabean,Yellow,FAQ,3000,3180,3130,15-Jan-15
339,Yavatmal,Pandhakawada,Soyabean,Yellow,FAQ,2800,3180,3100,14-Jan-15
340,Yavatmal,Pandhakawada,Soyabean,Yellow,FAQ,2800,3180,3100,14-Jan-15
341,Yavatmal,Pandhakawada,Soyabean,Yellow,FAQ,3000,3175,3100,13-Jan-15
342,Yavatmal,Pandhakawada,Soyabean,Yellow,FAQ,3000,3175,3100,13-Jan-15
343,Yavatmal,Pandhakawada,Soyabean,Yellow,FAQ,2870,3180,3120,12-Jan-15
344,Yavatmal,Pandhakawada,Soyabean,Yellow,FAQ,2870,3180,3120,12-Jan-15
345,Yavatmal,Pandhakawada,Soyabean,Yellow,FAQ,3000,3265,3175,9-Jan-15
346,Yavatmal,Pandhakawada,Soyabean,Yellow,FAQ,3045,3200,3150,8-Jan-15
347,Yavatmal,Pandhakawada,Soyabean,Yellow,FAQ,3000,3175,3130,7-Jan-15
348,Yavatmal,Pandhakawada,Soyabean,Yellow,FAQ,3000,3150,3050,6-Jan-15
349,Yavatmal,Pandhakawada,Soyabean,Yellow,FAQ,3050,3150,3085,5-Jan-15
350,Yavatmal,Pandhakawada,Soyabean,Yellow,FAQ,3000,3200,3165,31-Dec-14
351,Yavatmal,Pandhakawada,Soyabean,Yellow,FAQ,3000,3200,3155,30-Dec-14
352,Yavatmal,Pandhakawada,Soyabean,Yellow,FAQ,3000,3295,3230,29-Dec-14
353,Yavatmal,Pandhakawada,Soyabean,Yellow,FAQ,3160,3175,3170,27-Dec-14
354,Yavatmal,Pandhakawada,Soyabean,Yellow,FAQ,2700,3175,3150,26-Dec-14
355,Yavatmal,Pandhakawada,Soyabean,Yellow,FAQ,2700,3150,3085,24-Dec-14
356,Yavatmal,Pandhakawada,Soyabean,Yellow,FAQ,3000,3175,3145,23-Dec-14
357,Yavatmal,Pandhakawada,Soyabean,Yellow,FAQ,3000,3130,3050,22-Dec-14
358,Yavatmal,Pandhakawada,Soyabean,Yellow,FAQ,3000,3100,3065,19-Dec-14
359,Yavatmal,Pandhakawada,Soyabean,Yellow,FAQ,3000,3125,3050,18-Dec-14
360,Yavatmal,Pandhakawada,Soyabean,Yellow,FAQ,3000,3125,3080,17-Dec-14
361,Yavatmal,Pandhakawada,Soyabean,Yellow,FAQ,2800,3125,3075,16-Dec-14
362,Yavatmal,Pandhakawada,Soyabean,Yellow,FAQ,2800,3200,3100,15-Dec-14
363,Yavatmal,Pandhakawada,Soyabean,Yellow,FAQ,2800,3150,3050,12-Dec-14
364,Yavatmal,Pandhakawada,Soyabean,Yellow,FAQ,2700,3175,3100,11-Dec-14
365,Yavatmal,Pandhakawada,Soyabean,Yellow,FAQ,2900,3200,3125,10-Dec-14
366,Yavatmal,Pandhakawada,Soyabean,Yellow,FAQ,2700,3175,3100,9-Dec-14
367,Yavatmal,Pandhakawada,Soyabean,Yellow,FAQ,2800,3175,3100,8-Dec-14
368,Yavatmal,Pandhakawada,Soyabean,Yellow,FAQ,2800,3140,3080,4-Dec-14
369,Yavatmal,Pandhakawada,Soyabean,Yellow,FAQ,2900,3140,3055,3-Dec-14
370,Yavatmal,Pandhakawada,Soyabean,Yellow,FAQ,3000,3140,3100,2-Dec-14
371,Yavatmal,Pandhakawada,Soyabean,Yellow,FAQ,2800,3175,3100,1-Dec-14
372,Yavatmal,Pandhakawada,Soyabean,Yellow,FAQ,2800,3250,3150,28-Nov-14
373,Yavatmal,Pandhakawada,Soyabean,Yellow,FAQ,2600,3275,3175,27-Nov-14
374,Yavatmal,Pandhakawada,Soyabean,Yellow,FAQ,2800,3250,3150,26-Nov-14
375,Yavatmal,Pandhakawada,Soyabean,Yellow,FAQ,2800,3300,3150,25-Nov-14
376,Yavatmal,Pandhakawada,Soyabean,Yellow,FAQ,2800,3250,3150,24-Nov-14
377,Yavatmal,Pandhakawada,Soyabean,Yellow,FAQ,3050,3105,3075,22-Nov-14
378,Yavatmal,Pandhakawada,Soyabean,Yellow,FAQ,2700,3250,3075,21-Nov-14
379,Yavatmal,Pandhakawada,Soyabean,Yellow,FAQ,2700,3125,3025,20-Nov-14
380,Yavatmal,Pandhakawada,Soyabean,Yellow,FAQ,2700,3110,3000,19-Nov-14
381,Yavatmal,Pandhakawada,Soyabean,Yellow,FAQ,2800,3150,3050,18-Nov-14
382,Yavatmal,Pandhakawada,Soyabean,Yellow,FAQ,2700,3150,3050,17-Nov-14
383,Yavatmal,Pandhakawada,Soyabean,Yellow,FAQ,2800,3075,2950,15-Nov-14
384,Yavatmal,Pandhakawada,Soyabean,Yellow,FAQ,2715,3250,3150,14-Nov-14
385,Yavatmal,Pandhakawada,Soyabean,Yellow,FAQ,2600,3200,3100,13-Nov-14
386,Yavatmal,Pandhakawada,Soyabean,Yellow,FAQ,2700,3250,3150,7-Nov-14
387,Yavatmal,Pandhakawada,Soyabean,Yellow,FAQ,2700,3165,3000,6-Nov-14
388,Yavatmal,Pandhakawada,Soyabean,Yellow,FAQ,2560,3250,3100,5-Nov-14
389,Yavatmal,Pandhakawada,Soyabean,Yellow,FAQ,2560,3265,3050,3-Nov-14
390,Yavatmal,Pandhakawada,Soyabean,Yellow,FAQ,3100,3550,3540,20-Aug-14
391,Yavatmal,Pandhakawada,Soyabean,Yellow,FAQ,3625,3625,3625,6-Aug-14
392,Yavatmal,Pandhakawada,Soyabean,Yellow,FAQ,4000,4000,4000,3-Jul-14
393,Yavatmal,Pandhakawada,Soyabean,Yellow,FAQ,3800,4000,3900,2-Jul-14
394,Yavatmal,Pandhakawada,Soyabean,Yellow,FAQ,4000,4000,4000,1-Jul-14
395,Yavatmal,Pandhakawada,Soyabean,Yellow,FAQ,4000,4000,4000,30-Jun-14
396,Yavatmal,Pandhakawada,Soyabean,Yellow,FAQ,4000,4000,4000,28-Jun-14
397,Yavatmal,Pandhakawada,Soyabean,Yellow,FAQ,4000,4000,4000,27-Jun-14
398,Yavatmal,Pandhakawada,Soyabean,Yellow,FAQ,4000,4000,4000,26-Jun-14
399,Yavatmal,Pandhakawada,Soyabean,Yellow,FAQ,4000,4000,4000,25-Jun-14
400,Yavatmal,Pandhakawada,Soyabean,Yellow,FAQ,4000,4000,4000,24-Jun-14
401,Yavatmal,Pandhakawada,Soyabean,Yellow,FAQ,3660,3660,3660,19-Jun-14
402,Yavatmal,Pandhakawada,Soyabean,Yellow,FAQ,3400,3800,3600,4-Jun-14
403,Yavatmal,Pandhakawada,Soyabean,Yellow,FAQ,3600,4330,4000,30-Apr-14
404,Yavatmal,Pandhakawada,Soyabean,Yellow,FAQ,3800,4375,4100,29-Apr-14
405,Yavatmal,Pandhakawada,Soyabean,Yellow,FAQ,3600,4000,3900,16-Apr-14
406,Yavatmal,Pandhakawada,Soyabean,Yellow,FAQ,3600,4000,3850,11-Apr-14
407,Yavatmal,Pandhakawada,Soyabean,Yellow,FAQ,3000,4000,3900,9-Apr-14
408,Yavatmal,Pandhakawada,Soyabean,Yellow,FAQ,3500,3900,3800,26-Mar-14
409,Yavatmal,Pandhakawada,Soyabean,Yellow,FAQ,3600,3900,3850,25-Mar-14
410,Yavatmal,Pandhakawada,Soyabean,Yellow,FAQ,3600,3950,3800,21-Mar-14
411,Yavatmal,Pandhakawada,Soyabean,Yellow,FAQ,3500,3950,3850,13-Mar-14
412,Yavatmal,Pandhakawada,Soyabean,Yellow,FAQ,3330,3940,3900,12-Mar-14
413,Yavatmal,Pandhakawada,Soyabean,Yellow,FAQ,3800,3950,3885,11-Mar-14
414,Yavatmal,Pandhakawada,Soyabean,Yellow,FAQ,3600,3950,3885,10-Mar-14
415,Yavatmal,Pandhakawada,Soyabean,Yellow,FAQ,3845,3845,3845,6-Mar-14
416,Yavatmal,Pandhakawada,Soyabean,Yellow,FAQ,3100,3930,3850,5-Mar-14
417,Yavatmal,Pandhakawada,Soyabean,Yellow,FAQ,3450,3450,3450,26-Feb-14
418,Yavatmal,Pandhakawada,Soyabean,Yellow,FAQ,3500,3600,3550,21-Feb-14
419,Yavatmal,Pandhakawada,Soyabean,Yellow,FAQ,3300,3600,3500,20-Feb-14
420,Yavatmal,Pandhakawada,Soyabean,Yellow,FAQ,3300,3600,3500,18-Feb-14
421,Yavatmal,Pandhakawada,Soyabean,Yellow,FAQ,3475,3620,3550,17-Feb-14
422,Yavatmal,Pandhakawada,Soyabean,Yellow,FAQ,3300,3600,3535,14-Feb-14
423,Yavatmal,Pandhakawada,Soyabean,Yellow,FAQ,3410,3575,3455,13-Feb-14
424,Yavatmal,Pandhakawada,Soyabean,Yellow,FAQ,3300,3580,3475,12-Feb-14
425,Yavatmal,Pandhakawada,Soyabean,Yellow,FAQ,3200,3580,3455,11-Feb-14
426,Yavatmal,Pandhakawada,Soyabean,Yellow,FAQ,3400,3600,3500,10-Feb-14
427,Yavatmal,Pandhakawada,Soyabean,Yellow,FAQ,3200,3575,3480,7-Feb-14
428,Yavatmal,Pandhakawada,Soyabean,Yellow,FAQ,2700,3575,3400,6-Feb-14
429,Yavatmal,Pandhakawada,Soyabean,Yellow,FAQ,3300,3600,3500,5-Feb-14
430,Yavatmal,Pandhakawada,Soyabean,Yellow,FAQ,3300,3575,3470,4-Feb-14
431,Yavatmal,Pandhakawada,Soyabean,Yellow,FAQ,3200,3575,3450,3-Feb-14
432,Yavatmal,Pandhakawada,Soyabean,Yellow,FAQ,3200,3550,3450,31-Jan-14
433,Yavatmal,Pandhakawada,Soyabean,Yellow,FAQ,3200,3550,3400,30-Jan-14
434,Yavatmal,Pandhakawada,Soyabean,Yellow,FAQ,3200,3550,3390,29-Jan-14
435,Yavatmal,Pandhakawada,Soyabean,Yellow,FAQ,3350,3555,3450,28-Jan-14
436,Yavatmal,Pandhakawada,Soyabean,Yellow,FAQ,3200,3600,3400,27-Jan-14
437,Yavatmal,Pandhakawada,Soyabean,Yellow,FAQ,3000,3500,3320,24-Jan-14
438,Yavatmal,Pandhakawada,Soyabean,Yellow,FAQ,3000,3525,3375,23-Jan-14
439,Yavatmal,Pandhakawada,Soyabean,Yellow,FAQ,3100,3505,3350,22-Jan-14
440,Yavatmal,Pandhakawada,Soyabean,Yellow,FAQ,3000,3500,3300,21-Jan-14
441,Yavatmal,Pandhakawada,Soyabean,Yellow,FAQ,3000,3475,3300,20-Jan-14
442,Yavatmal,Pandhakawada,Soyabean,Yellow,FAQ,3180,3415,3315,17-Jan-14
443,Yavatmal,Pandhakawada,Soyabean,Yellow,FAQ,2950,3475,3350,16-Jan-14
444,Yavatmal,Pandhakawada,Soyabean,Yellow,FAQ,2700,3360,3250,15-Jan-14
445,Yavatmal,Pandhakawada,Soyabean,Yellow,FAQ,3100,3455,3350,13-Jan-14
446,Yavatmal,Pandhakawada,Soyabean,Yellow,FAQ,3000,3400,3300,10-Jan-14
447,Yavatmal,Pandhakawada,Soyabean,Yellow,FAQ,3150,3425,3360,9-Jan-14
448,Yavatmal,Pandhakawada,Soyabean,Yellow,FAQ,3000,3425,3375,8-Jan-14
449,Yavatmal,Pandhakawada,Soyabean,Yellow,FAQ,3000,3460,3380,7-Jan-14
450,Yavatmal,Pandhakawada,Soyabean,Yellow,FAQ,3000,3520,3455,6-Jan-14
451,Yavatmal,Pandhakawada,Soyabean,Yellow,FAQ,2700,3520,3410,3-Jan-14
452,Yavatmal,Pandhakawada,Soyabean,Yellow,FAQ,2700,3620,3475,2-Jan-14
453,Yavatmal,Pandhakawada,Soyabean,Yellow,FAQ,2785,3520,3420,1-Jan-14
454,Yavatmal,Pandhakawada,Soyabean,Yellow,FAQ,2785,3520,3400,31-Dec-13
455,Yavatmal,Pandhakawada,Soyabean,Yellow,FAQ,2800,3600,3500,30-Dec-13
456,Yavatmal,Pandhakawada,Soyabean,Yellow,FAQ,3000,3525,3475,27-Dec-13
457,Yavatmal,Pandhakawada,Soyabean,Yellow,FAQ,3000,3580,3470,26-Dec-13
458,Yavatmal,Pandhakawada,Soyabean,Yellow,FAQ,2600,3600,3475,24-Dec-13
459,Yavatmal,Pandhakawada,Soyabean,Yellow,FAQ,2600,3600,3425,23-Dec-13
460,Yavatmal,Pandhakawada,Soyabean,Yellow,FAQ,2700,3575,3455,20-Dec-13
461,Yavatmal,Pandhakawada,Soyabean,Yellow,FAQ,3000,3600,3560,19-Dec-13
462,Yavatmal,Pandhakawada,Soyabean,Yellow,FAQ,3000,3620,3520,18-Dec-13
463,Yavatmal,Pandhakawada,Soyabean,Yellow,FAQ,2900,3560,3400,17-Dec-13
464,Yavatmal,Pandhakawada,Soyabean,Yellow,FAQ,3000,3600,3400,16-Dec-13
465,Yavatmal,Pandhakawada,Soyabean,Yellow,FAQ,3000,3600,3450,13-Dec-13
466,Yavatmal,Pandhakawada,Soyabean,Yellow,FAQ,2605,3600,3400,12-Dec-13
467,Yavatmal,Pandhakawada,Soyabean,Yellow,FAQ,2605,3560,3300,11-Dec-13
468,Yavatmal,Pandhakawada,Soyabean,Yellow,FAQ,2700,3570,3250,9-Dec-13
469,Yavatmal,Pandhakawada,Soyabean,Yellow,FAQ,2560,3750,3400,13-Nov-13
470,Yavatmal,Pandhakawada,Soyabean,Yellow,FAQ,2560,3600,3250,11-Nov-13
471,Yavatmal,Pandhakawada,Soyabean,Yellow,FAQ,2560,3700,3250,9-Nov-13
472,Yavatmal,Pandhakawada,Soyabean,Yellow,FAQ,2560,3500,3200,29-Oct-13
473,Yavatmal,Pandhakawada,Soyabean,Other,FAQ,3325,3450,3350,19-Jul-13
474,Yavatmal,Pandhakawada,Soyabean,Other,FAQ,3800,4050,4015,10-Apr-13
475,Yavatmal,Pandhakawada,Soyabean,Other,FAQ,2530,4025,4000,9-Apr-13
476,Yavatmal,Pandhakawada,Soyabean,Other,FAQ,2500,4000,3800,8-Apr-13
477,Yavatmal,Pandhakawada,Soyabean,Other,FAQ,3200,3450,3390,25-Mar-13
478,Yavatmal,Pandhakawada,Soyabean,Other,FAQ,3365,3490,3375,22-Mar-13
479,Yavatmal,Pandhakawada,Soyabean,Other,FAQ,3100,3400,3250,21-Mar-13
480,Yavatmal,Pandhakawada,Soyabean,Other,FAQ,3075,3440,3350,20-Mar-13
481,Yavatmal,Pandhakawada,Soyabean,Other,FAQ,3230,3440,3410,19-Mar-13
482,Yavatmal,Pandhakawada,Soyabean,Other,FAQ,3330,3460,3400,18-Mar-13
483,Yavatmal,Pandhakawada,Soyabean,Other,FAQ,2900,3460,3365,15-Mar-13
484,Yavatmal,Pandhakawada,Soyabean,Other,FAQ,3050,3450,3200,13-Mar-13
485,Yavatmal,Pandhakawada,Soyabean,Other,FAQ,3150,3400,3300,8-Mar-13
486,Yavatmal,Pandhakawada,Soyabean,Other,FAQ,3200,3400,3235,7-Mar-13
487,Yavatmal,Pandhakawada,Soyabean,Other,FAQ,3050,3200,3100,6-Mar-13
488,Yavatmal,Pandhakawada,Soyabean,Other,FAQ,3060,3150,3100,5-Mar-13
489,Yavatmal,Pandhakawada,Soyabean,Other,FAQ,3100,3200,3185,4-Mar-13
490,Yavatmal,Pandhakawada,Soyabean,Other,FAQ,2320,3100,3020,1-Mar-13
491,Yavatmal,Pandhakawada,Soyabean,Other,FAQ,3000,3150,3100,28-Feb-13
492,Yavatmal,Pandhakawada,Soyabean,Other,FAQ,3000,3150,3100,27-Feb-13
493,Yavatmal,Pandhakawada,Soyabean,Other,FAQ,2455,3175,3080,26-Feb-13
494,Yavatmal,Pandhakawada,Soyabean,Other,FAQ,2950,3050,3000,20-Feb-13
495,Yavatmal,Pandhakawada,Soyabean,Other,FAQ,3000,3025,3015,18-Feb-13
496,Yavatmal,Pandhakawada,Soyabean,Other,FAQ,2405,3080,2985,15-Feb-13
497,Yavatmal,Pandhakawada,Soyabean,Other,FAQ,3050,3050,3050,13-Feb-13
498,Yavatmal,Pandhakawada,Soyabean,Other,FAQ,3000,3105,3050,9-Feb-13
499,Yavatmal,Pandhakawada,Soyabean,Other,FAQ,3000,3105,3050,8-Feb-13
500,Yavatmal,Pandhakawada,Soyabean,Other,FAQ,3100,3100,3100,7-Feb-13
501,Yavatmal,Pandhakawada,Soyabean,Other,FAQ,3000,3120,3050,6-Feb-13
502,Yavatmal,Pandhakawada,Soyabean,Other,FAQ,3070,3150,3100,5-Feb-13
503,Yavatmal,Pandhakawada,Soyabean,Other,FAQ,3100,3175,3120,4-Feb-13
504,Yavatmal,Pandhakawada,Soyabean,Other,FAQ,3000,3165,3100,2-Feb-13
505,Yavatmal,Pandhakawada,Soyabean,Other,FAQ,2850,3200,3000,30-Jan-13
506,Yavatmal,Pandhakawada,Soyabean,Other,FAQ,3000,3140,3100,11-Jan-13
507,Yavatmal,Pandhakawada,Soyabean,Other,FAQ,3000,3150,3100,10-Jan-13
508,Yavatmal,Pandhakawada,Soyabean,Other,FAQ,3080,3140,3125,9-Jan-13
509,Yavatmal,Pandhakawada,Soyabean,Other,FAQ,2275,3195,3145,3-Jan-13
510,Yavatmal,Pandhakawada,Soyabean,Other,FAQ,3195,3205,3200,2-Jan-13
511,Yavatmal,Pandhakawada,Soyabean,Other,FAQ,3100,3225,3205,1-Jan-13
512,Yavatmal,Pandhakawada,Soyabean,Other,FAQ,2500,3190,3100,28-Dec-12
513,Yavatmal,Pandhakawada,Soyabean,Other,FAQ,2500,3100,3050,27-Dec-12
514,Yavatmal,Pandhakawada,Soyabean,Other,FAQ,2500,3200,3125,26-Dec-12
515,Yavatmal,Pandhakawada,Soyabean,Other,FAQ,3100,3225,3150,24-Dec-12
516,Yavatmal,Pandhakawada,Soyabean,Other,FAQ,2550,3275,3145,18-Dec-12
517,Yavatmal,Pandhakawada,Soyabean,Other,FAQ,2550,3275,3145,17-Dec-12
518,Yavatmal,Pandhakawada,Soyabean,Other,FAQ,2765,3165,3050,14-Dec-12
519,Yavatmal,Pandhakawada,Soyabean,Other,FAQ,2900,3175,3075,13-Dec-12
520,Yavatmal,Pandhakawada,Soyabean,Other,FAQ,2800,3175,3100,12-Dec-12
521,Yavatmal,Pandhakawada,Soyabean,Other,FAQ,2600,3160,3055,11-Dec-12
522,Yavatmal,Pandhakawada,Soyabean,Other,FAQ,2900,3150,3050,7-Dec-12
523,Yavatmal,Pandhakawada,Soyabean,Other,FAQ,2600,3100,3050,6-Dec-12
524,Yavatmal,Pandhakawada,Soyabean,Other,FAQ,3000,3200,3100,5-Dec-12
525,Yavatmal,Pandhakawada,Soyabean,Other,FAQ,2900,3225,3100,27-Nov-12
526,Yavatmal,Pandhakawada,Soyabean,Other,FAQ,2800,3210,3100,26-Nov-12
527,Yavatmal,Pandhakawada,Soyabean,Other,FAQ,2800,3200,3100,24-Nov-12
528,Yavatmal,Pandhakawada,Soyabean,Other,FAQ,2800,3200,3050,23-Nov-12
529,Yavatmal,Pandhakawada,Soyabean,Other,FAQ,2800,3100,3050,22-Nov-12
530,Yavatmal,Pandhakawada,Soyabean,Other,FAQ,2850,3225,3150,21-Nov-12
531,Yavatmal,Pandhakawada,Soyabean,Other,FAQ,2800,3200,3080,20-Nov-12
532,Yavatmal,Pandhakawada,Soyabean,Other,FAQ,2700,3200,3100,19-Nov-12
533,Yavatmal,Pandhakawada,Soyabean,Other,FAQ,2800,3050,2950,10-Nov-12
534,Yavatmal,Pandhakawada,Soyabean,Other,FAQ,2600,3200,2950,9-Nov-12
535,Yavatmal,Pandhakawada,Soyabean,Other,FAQ,2500,3120,2950,8-Nov-12
536,Yavatmal,Pandhakawada,Soyabean,Other,FAQ,2800,3130,2900,7-Nov-12
537,Yavatmal,Pandhakawada,Soyabean,Other,FAQ,2600,3100,3000,6-Nov-12
538,Yavatmal,Pandhakawada,Soyabean,Other,FAQ,2800,3150,3050,5-Nov-12
539,Yavatmal,Pandhakawada,Soyabean,Other,FAQ,2550,3000,2850,2-Nov-12
540,Yavatmal,Pandhakawada,Soyabean,Other,FAQ,2600,3000,2800,1-Nov-12
541,Yavatmal,Pandhakawada,Soyabean,Other,FAQ,2600,3100,2875,31-Oct-12
542,Yavatmal,Pandhakawada,Soyabean,Other,FAQ,2600,3100,2850,30-Oct-12
543,Yavatmal,Pandhakawada,Soyabean,Other,FAQ,2600,3200,3050,29-Oct-12
544,Yavatmal,Pandhakawada,Soyabean,Yellow,FAQ,2500,3135,2800,22-Oct-12
545,Yavatmal,Pandhakawada,Soyabean,Other,FAQ,2500,3100,2800,20-Oct-12
546,Yavatmal,Pandhakawada,Soyabean,Other,FAQ,2500,3100,2800,19-Oct-12
547,Yavatmal,Pandhakawada,Soyabean,Yellow,FAQ,2500,3000,2700,18-Oct-12
548,Yavatmal,Pandhakawada,Soyabean,Other,FAQ,2300,2950,2550,17-Oct-12
549,Yavatmal,Pandhakawada,Soyabean,Other,FAQ,2250,2505,2400,10-Oct-12
550,Yavatmal,Pandhakawada,Soyabean,Other,FAQ,2430,2570,2520,9-Oct-12
551,Yavatmal,Pandhakawada,Soyabean,Other,FAQ,2450,2450,2450,8-Oct-12
552,Yavatmal,Pandhakawada,Soyabean,Other,FAQ,2815,2905,2850,1-Oct-12
553,Yavatmal,Pandhakawada,Soyabean,Other,FAQ,2505,2585,2525,19-Mar-12
554,Yavatmal,Pandhakawada,Soyabean,Other,FAQ,1805,2545,2455,16-Mar-12
555,Yavatmal,Pandhakawada,Soyabean,Other,FAQ,2315,2390,2345,12-Mar-12
556,Yavatmal,Pandhakawada,Soyabean,Other,FAQ,2280,2380,2320,2-Mar-12
557,Yavatmal,Pandhakawada,Soyabean,Other,FAQ,2250,2450,2425,29-Feb-12
558,Yavatmal,Pandhakawada,Soyabean,Other,FAQ,2300,2425,2400,28-Feb-12
559,Yavatmal,Pandhakawada,Soyabean,Other,FAQ,2370,2400,2380,27-Feb-12
560,Yavatmal,Pandhakawada,Soyabean,Other,FAQ,2320,2415,2400,24-Feb-12
561,Yavatmal,Pandhakawada,Soyabean,Other,FAQ,2250,2410,2375,23-Feb-12
562,Yavatmal,Pandhakawada,Soyabean,Other,FAQ,2125,2400,2300,2-Feb-12
563,Yavatmal,Pandhakawada,Soyabean,Other,FAQ,1800,2400,2365,17-Jan-12
564,Yavatmal,Pandhakawada,Soyabean,Other,FAQ,2325,2350,2330,16-Jan-12
565,Yavatmal,Pandhakawada,Soyabean,Other,FAQ,1805,2425,2400,13-Jan-12
566,Yavatmal,Pandhakawada,Soyabean,Other,FAQ,1900,2425,2400,12-Jan-12
567,Yavatmal,Pandhakawada,Soyabean,Other,FAQ,2205,2450,2400,11-Jan-12
568,Yavatmal,Pandhakawada,Soyabean,Other,FAQ,2000,2415,2400,10-Jan-12
569,Yavatmal,Pandhakawada,Soyabean,Other,FAQ,2150,2400,2350,9-Jan-12
570,Yavatmal,Pandhakawada,Soyabean,Other,FAQ,1850,2405,2375,6-Jan-12
571,Yavatmal,Pandhakawada,Soyabean,Other,FAQ,1705,2200,2100,14-Dec-11
572,Yavatmal,Pandhakawada,Soyabean,Other,FAQ,1900,2205,2075,13-Dec-11
573,Yavatmal,Pandhakawada,Soyabean,Other,FAQ,1600,2200,2075,12-Dec-11
574,Yavatmal,Pandhakawada,Soyabean,Other,FAQ,1895,2150,2000,8-Dec-11
575,Yavatmal,Pandhakawada,Soyabean,Other,FAQ,1900,2100,2000,7-Dec-11
576,Yavatmal,Pandhakawada,Soyabean,Other,FAQ,1695,2150,2075,29-Nov-11
577,Yavatmal,Pandhakawada,Soyabean,Other,FAQ,1800,2125,2025,22-Nov-11
578,Yavatmal,Pandhakawada,Soyabean,Other,FAQ,1700,2100,2020,21-Nov-11
579,Yavatmal,Pandhakawada,Soyabean,Other,FAQ,1825,2100,2050,17-Nov-11
580,Yavatmal,Pandhakawada,Soyabean,Other,FAQ,1600,2100,2000,16-Nov-11
581,Yavatmal,Pandhakawada,Soyabean,Other,FAQ,1685,2075,2000,15-Nov-11
582,Yavatmal,Pandhakawada,Soyabean,Other,FAQ,1625,2035,1950,14-Nov-11
583,Yavatmal,Pandhakawada,Soyabean,Other,FAQ,1750,2035,1950,11-Nov-11
584,Yavatmal,Pandhakawada,Soyabean,Other,FAQ,1600,2075,1980,10-Nov-11
585,Yavatmal,Pandhakawada,Soyabean,Other,FAQ,1600,2075,2000,9-Nov-11
586,Yavatmal,Pandhakawada,Soyabean,Other,FAQ,1600,2075,2000,8-Nov-11
587,Yavatmal,Pandhakawada,Soyabean,Other,FAQ,1710,2080,2000,5-Nov-11
588,Yavatmal,Pandhakawada,Soyabean,Other,FAQ,1705,2100,2000,4-Nov-11
589,Yavatmal,Pandhakawada,Soyabean,Other,FAQ,1700,2055,1700,3-Nov-11
590,Yavatmal,Pandhakawada,Soyabean,Other,FAQ,1600,2075,2000,2-Nov-11
591,Yavatmal,Pandhakawada,Soyabean,Other,FAQ,1600,2050,1975,1-Nov-11
592,Yavatmal,Pandhakawada,Soyabean,Other,FAQ,1600,2075,1975,31-Oct-11
593,Yavatmal,Pandhakawada,Soyabean,Other,FAQ,1600,2075,1975,25-Oct-11
594,Yavatmal,Pandhakawada,Soyabean,Other,FAQ,1750,2060,1980,24-Oct-11
595,Yavatmal,Pandhakawada,Soyabean,Other,FAQ,1605,2045,1950,22-Oct-11
596,Yavatmal,Pandhakawada,Soyabean,Other,FAQ,1750,2025,1925,21-Oct-11
597,Yavatmal,Pandhakawada,Soyabean,Other,FAQ,1520,1975,1840,20-Oct-11
598,Yavatmal,Pandhakawada,Soyabean,Yellow,FAQ,1700,1985,1900,19-Oct-11
599,Yavatmal,Pandhakawada,Soyabean,Other,FAQ,1500,1950,1900,18-Oct-11
600,Yavatmal,Pandhakawada,Soyabean,Other,FAQ,1650,1940,1825,17-Oct-11
601,Yavatmal,Pandhakawada,Soyabean,Other,FAQ,1480,1865,1860,15-Oct-11
602,Yavatmal,Pandhakawada,Soyabean,Other,FAQ,1605,1905,1840,14-Oct-11
603,Yavatmal,Pandhakawada,Soyabean,Other,FAQ,1730,1945,1860,13-Oct-11
604,Yavatmal,Pandhakawada,Soyabean,Yellow,FAQ,1775,1935,1850,12-Oct-11
605,Yavatmal,Pandhakawada,Soyabean,Other,FAQ,1785,1840,1810,11-Oct-11
606,Yavatmal,Pandhakawada,Soyabean,Other,FAQ,1685,2200,2180,28-Dec-10
607,Yavatmal,Pandhakawada,Soyabean,Other,FAQ,1565,2155,2100,27-Dec-10
608,Yavatmal,Pandhakawada,Soyabean,Other,FAQ,1505,2090,2075,24-Dec-10
609,Yavatmal,Pandhakawada,Soyabean,Other,FAQ,1700,2080,1925,23-Dec-10
610,Yavatmal,Pandhakawada,Soyabean,Other,FAQ,1975,2065,2020,22-Dec-10
611,Yavatmal,Pandhakawada,Soyabean,Other,FAQ,1540,2045,1965,21-Dec-10
612,Yavatmal,Pandhakawada,Soyabean,Other,FAQ,1510,2075,1950,20-Dec-10
613,Yavatmal,Pandhakawada,Soyabean,Other,FAQ,1455,2100,1850,16-Dec-10
614,Yavatmal,Pandhakawada,Soyabean,Other,FAQ,1670,2100,2085,15-Dec-10
615,Yavatmal,Pandhakawada,Soyabean,Other,FAQ,1640,2100,2075,14-Dec-10
616,Yavatmal,Pandhakawada,Soyabean,Other,FAQ,1575,2100,2090,13-Dec-10
617,Yavatmal,Pandhakawada,Soyabean,Other,FAQ,1750,2060,2055,10-Dec-10
618,Yavatmal,Pandhakawada,Soyabean,Other,FAQ,1750,2060,2055,9-Dec-10
619,Yavatmal,Pandhakawada,Soyabean,Other,FAQ,1750,2100,2045,8-Dec-10
620,Yavatmal,Pandhakawada,Soyabean,Other,FAQ,1705,2100,2045,3-Dec-10
621,Yavatmal,Pandhakawada,Soyabean,Other,FAQ,1505,2100,2050,2-Dec-10
622,Yavatmal,Pandhakawada,Soyabean,Yellow,FAQ,1850,2100,1900,26-Oct-10
623,Yavatmal,Pandhakawada,Soyabean,Other,FAQ,1850,2100,1900,26-Oct-10
624,Yavatmal,Pandhakawada,Soyabean,Other,FAQ,2045,2055,2050,25-Oct-10
625,Yavatmal,Pandhakawada,Soyabean,Other,FAQ,2045,2055,2050,23-Oct-10
626,Yavatmal,Pandhakawada,Soyabean,Other,FAQ,2045,2065,2050,22-Oct-10
627,Yavatmal,Pandhakawada,Soyabean,Yellow,FAQ,1975,2000,1985,18-Oct-10
628,Yavatmal,Pandhakawada,Soyabean,Yellow,FAQ,1990,2060,2045,16-Oct-10
629,Yavatmal,Pandhakawada,Soyabean,Yellow,FAQ,1925,2065,2050,15-Oct-10
630,Yavatmal,Pandhakawada,Soyabean,Yellow,FAQ,1925,2065,2040,14-Oct-10
631,Yavatmal,Pandhakawada,Soyabean,Yellow,FAQ,1940,2025,1970,13-Oct-10
632,Yavatmal,Pandhakawada,Soyabean,Yellow,FAQ,1800,1990,1950,12-Oct-10
633,Yavatmal,Pandhakawada,Soyabean,Yellow,FAQ,1870,1960,1910,11-Oct-10
634,Yavatmal,Pandhakawada,Soyabean,Yellow,FAQ,2000,2000,2000,4-Aug-10
635,Yavatmal,Pandhakawada,Soyabean,Yellow,FAQ,1950,1950,1950,3-Aug-10
636,Yavatmal,Pandhakawada,Soyabean,Yellow,FAQ,1850,1850,1850,28-Jul-10
637,Yavatmal,Pandhakawada,Soyabean,Yellow,FAQ,1850,1850,1850,27-Jul-10
638,Yavatmal,Pandhakawada,Soyabean,Yellow,FAQ,1890,1890,1890,22-Jul-10
639,Yavatmal,Pandhakawada,Soyabean,Other,FAQ,1850,1850,1850,19-Jul-10
640,Yavatmal,Pandhakawada,Soyabean,Other,FAQ,1800,1840,1825,16-Jul-10
641,Yavatmal,Pandhakawada,Soyabean,Other,FAQ,1825,1825,1825,15-Jul-10
642,Yavatmal,Pandhakawada,Soyabean,Other,FAQ,1825,1825,1825,14-Jul-10
643,Yavatmal,Pandhakawada,Soyabean,Other,FAQ,1835,1835,1835,21-May-10
