"Min,Max,Modal Price from Maharashtra,Buldhana[Soyabean],Sangrampur(Varvatbakal) from 01-Jan-2010To24-Oct-2020 (Total-607) (Total-607)",,,,,,,,,
Sl no.,District Name,Market Name,Commodity,Variety,Grade,Min Price (Rs./Quintal),Max Price (Rs./Quintal),Modal Price (Rs./Quintal),Price Date
1,Buldhana,Sangrampur(Varvatbakal),Soyabean,Other,FAQ,3250,3650,3550,12-Oct-20
2,Buldhana,Sangrampur(Varvatbakal),Soyabean,Other,FAQ,3200,3650,3500,10-Oct-20
3,Buldhana,Sangrampur(Varvatbakal),Soyabean,Other,FAQ,3200,3550,3400,8-Oct-20
4,Buldhana,Sangrampur(Varvatbakal),Soyabean,Other,FAQ,3200,3550,3450,5-Oct-20
5,Buldhana,Sangrampur(Varvatbakal),Soyabean,Other,FAQ,3000,3550,3400,1-Oct-20
6,Buldhana,Sangrampur(Varvatbakal),Soyabean,Other,FAQ,3200,3500,3400,28-Sep-20
7,Buldhana,Sangrampur(Varvatbakal),Soyabean,Other,FAQ,3000,3300,3250,23-Jul-20
8,Buldhana,Sangrampur(Varvatbakal),Soyabean,Other,FAQ,3300,3600,3450,25-Jun-20
9,Buldhana,Sangrampur(Varvatbakal),Soyabean,Other,FAQ,3350,3600,3550,22-Jun-20
10,Buldhana,Sangrampur(Varvatbakal),Soyabean,Other,FAQ,3200,3800,3600,8-Jun-20
11,Buldhana,Sangrampur(Varvatbakal),Soyabean,Other,FAQ,3000,3500,3350,30-May-20
12,Buldhana,Sangrampur(Varvatbakal),Soyabean,Other,FAQ,3000,3400,3250,23-May-20
13,Buldhana,Sangrampur(Varvatbakal),Soyabean,Other,FAQ,3250,3550,3450,11-May-20
14,Buldhana,Sangrampur(Varvatbakal),Soyabean,Other,FAQ,3300,3500,3450,9-May-20
15,Buldhana,Sangrampur(Varvatbakal),Soyabean,Other,FAQ,3200,3550,3500,27-Apr-20
16,Buldhana,Sangrampur(Varvatbakal),Soyabean,Other,FAQ,3400,3800,3700,15-Feb-20
17,Buldhana,Sangrampur(Varvatbakal),Soyabean,Other,FAQ,3500,3800,3650,6-Feb-20
18,Buldhana,Sangrampur(Varvatbakal),Soyabean,Other,FAQ,3400,3900,3750,1-Feb-20
19,Buldhana,Sangrampur(Varvatbakal),Soyabean,Other,FAQ,3500,3800,3650,27-Jan-20
20,Buldhana,Sangrampur(Varvatbakal),Soyabean,Other,FAQ,3550,4000,3850,23-Jan-20
21,Buldhana,Sangrampur(Varvatbakal),Soyabean,Other,FAQ,3600,4025,3900,20-Jan-20
22,Buldhana,Sangrampur(Varvatbakal),Soyabean,Other,FAQ,3650,4000,3850,18-Jan-20
23,Buldhana,Sangrampur(Varvatbakal),Soyabean,Other,FAQ,3600,4000,3900,16-Jan-20
24,Buldhana,Sangrampur(Varvatbakal),Soyabean,Other,FAQ,3450,4050,3900,13-Jan-20
25,Buldhana,Sangrampur(Varvatbakal),Soyabean,Other,FAQ,3550,4100,3850,11-Jan-20
26,Buldhana,Sangrampur(Varvatbakal),Soyabean,Other,FAQ,3400,4001,3750,9-Jan-20
27,Buldhana,Sangrampur(Varvatbakal),Soyabean,Other,FAQ,3400,4000,3750,6-Jan-20
28,Buldhana,Sangrampur(Varvatbakal),Soyabean,Other,FAQ,3600,4000,3850,4-Jan-20
29,Buldhana,Sangrampur(Varvatbakal),Soyabean,Other,FAQ,3650,4000,3850,2-Jan-20
30,Buldhana,Sangrampur(Varvatbakal),Soyabean,Other,FAQ,3600,4100,3900,30-Dec-19
31,Buldhana,Sangrampur(Varvatbakal),Soyabean,Other,FAQ,3600,4100,3900,28-Dec-19
32,Buldhana,Sangrampur(Varvatbakal),Soyabean,Other,FAQ,3500,4000,3800,26-Dec-19
33,Buldhana,Sangrampur(Varvatbakal),Soyabean,Other,FAQ,3500,4000,3800,23-Dec-19
34,Buldhana,Sangrampur(Varvatbakal),Soyabean,Other,FAQ,3400,4000,3800,21-Dec-19
35,Buldhana,Sangrampur(Varvatbakal),Soyabean,Other,FAQ,3500,3900,3700,19-Dec-19
36,Buldhana,Sangrampur(Varvatbakal),Soyabean,Other,FAQ,3500,3850,3650,16-Dec-19
37,Buldhana,Sangrampur(Varvatbakal),Soyabean,Other,FAQ,3450,3800,3600,14-Dec-19
38,Buldhana,Sangrampur(Varvatbakal),Soyabean,Other,FAQ,3500,3800,3650,12-Dec-19
39,Buldhana,Sangrampur(Varvatbakal),Soyabean,Other,FAQ,3400,3800,3550,9-Dec-19
40,Buldhana,Sangrampur(Varvatbakal),Soyabean,Other,FAQ,3400,3800,3600,7-Dec-19
41,Buldhana,Sangrampur(Varvatbakal),Soyabean,Other,FAQ,3150,3700,3450,5-Dec-19
42,Buldhana,Sangrampur(Varvatbakal),Soyabean,Other,FAQ,3050,3550,3400,28-Nov-19
43,Buldhana,Sangrampur(Varvatbakal),Soyabean,Other,FAQ,3000,3650,3450,25-Nov-19
44,Buldhana,Sangrampur(Varvatbakal),Soyabean,Other,FAQ,3000,3600,3400,23-Nov-19
45,Buldhana,Sangrampur(Varvatbakal),Soyabean,Other,FAQ,2850,3500,3300,21-Nov-19
46,Buldhana,Sangrampur(Varvatbakal),Soyabean,Other,FAQ,2500,3450,3200,18-Nov-19
47,Buldhana,Sangrampur(Varvatbakal),Soyabean,Other,FAQ,2650,3550,3350,16-Nov-19
48,Buldhana,Sangrampur(Varvatbakal),Soyabean,Other,FAQ,2650,3550,3300,14-Nov-19
49,Buldhana,Sangrampur(Varvatbakal),Soyabean,Other,FAQ,2700,3550,3400,11-Nov-19
50,Buldhana,Sangrampur(Varvatbakal),Soyabean,Other,FAQ,2800,3500,3350,9-Nov-19
51,Buldhana,Sangrampur(Varvatbakal),Soyabean,Other,FAQ,2900,3500,3350,7-Nov-19
52,Buldhana,Sangrampur(Varvatbakal),Soyabean,Other,FAQ,2800,3450,3350,2-Nov-19
53,Buldhana,Sangrampur(Varvatbakal),Soyabean,Other,FAQ,3000,3400,3200,31-Oct-19
54,Buldhana,Sangrampur(Varvatbakal),Soyabean,Other,FAQ,3100,3400,3300,19-Oct-19
55,Buldhana,Sangrampur(Varvatbakal),Soyabean,Other,FAQ,3450,3711,3600,3-Oct-19
56,Buldhana,Sangrampur(Varvatbakal),Soyabean,Other,FAQ,3600,3700,3650,30-Sep-19
57,Buldhana,Sangrampur(Varvatbakal),Soyabean,Other,FAQ,3500,3650,3600,14-Sep-19
58,Buldhana,Sangrampur(Varvatbakal),Soyabean,Other,FAQ,3200,3500,3400,7-Sep-19
59,Buldhana,Sangrampur(Varvatbakal),Soyabean,Other,FAQ,3000,3550,3500,5-Sep-19
60,Buldhana,Sangrampur(Varvatbakal),Soyabean,Other,FAQ,3400,3500,3450,26-Aug-19
61,Buldhana,Sangrampur(Varvatbakal),Soyabean,Other,FAQ,3400,3500,3450,1-Aug-19
62,Buldhana,Sangrampur(Varvatbakal),Soyabean,Other,FAQ,3300,3500,3400,25-Jul-19
63,Buldhana,Sangrampur(Varvatbakal),Soyabean,Other,FAQ,3200,3450,3400,22-Jul-19
64,Buldhana,Sangrampur(Varvatbakal),Soyabean,Other,FAQ,3300,3500,3400,20-Jul-19
65,Buldhana,Sangrampur(Varvatbakal),Soyabean,Other,FAQ,3000,3525,3400,18-Jul-19
66,Buldhana,Sangrampur(Varvatbakal),Soyabean,Other,FAQ,3400,3500,3450,15-Jul-19
67,Buldhana,Sangrampur(Varvatbakal),Soyabean,Other,FAQ,3300,3450,3400,8-Jul-19
68,Buldhana,Sangrampur(Varvatbakal),Soyabean,Other,FAQ,3400,3500,3450,6-Jul-19
69,Buldhana,Sangrampur(Varvatbakal),Soyabean,Other,FAQ,0,3500,3400,4-Jul-19
70,Buldhana,Sangrampur(Varvatbakal),Soyabean,Other,FAQ,3000,3500,3350,1-Jul-19
71,Buldhana,Sangrampur(Varvatbakal),Soyabean,Other,FAQ,3200,3500,3450,29-Jun-19
72,Buldhana,Sangrampur(Varvatbakal),Soyabean,Other,FAQ,3400,3500,3450,24-Jun-19
73,Buldhana,Sangrampur(Varvatbakal),Soyabean,Other,FAQ,3000,3500,3400,22-Jun-19
74,Buldhana,Sangrampur(Varvatbakal),Soyabean,Other,FAQ,3200,3500,3350,13-Jun-19
75,Buldhana,Sangrampur(Varvatbakal),Soyabean,Other,FAQ,3300,3500,3400,10-Jun-19
76,Buldhana,Sangrampur(Varvatbakal),Soyabean,Other,FAQ,3300,3500,3400,8-Jun-19
77,Buldhana,Sangrampur(Varvatbakal),Soyabean,Other,FAQ,3300,3550,3500,6-Jun-19
78,Buldhana,Sangrampur(Varvatbakal),Soyabean,Other,FAQ,3400,3550,3450,3-Jun-19
79,Buldhana,Sangrampur(Varvatbakal),Soyabean,Other,FAQ,3300,3550,3450,30-May-19
80,Buldhana,Sangrampur(Varvatbakal),Soyabean,Other,FAQ,3500,3650,3600,28-May-19
81,Buldhana,Sangrampur(Varvatbakal),Soyabean,Other,FAQ,3500,3650,3600,27-May-19
82,Buldhana,Sangrampur(Varvatbakal),Soyabean,Other,FAQ,3000,3550,3500,13-May-19
83,Buldhana,Sangrampur(Varvatbakal),Soyabean,Other,FAQ,3100,3550,3500,11-May-19
84,Buldhana,Sangrampur(Varvatbakal),Soyabean,Other,FAQ,3000,3500,3450,4-May-19
85,Buldhana,Sangrampur(Varvatbakal),Soyabean,Other,FAQ,3200,3550,3500,2-May-19
86,Buldhana,Sangrampur(Varvatbakal),Soyabean,Other,FAQ,3200,3550,3500,29-Apr-19
87,Buldhana,Sangrampur(Varvatbakal),Soyabean,Other,FAQ,3200,3550,3400,25-Apr-19
88,Buldhana,Sangrampur(Varvatbakal),Soyabean,Other,FAQ,3200,3625,3600,15-Apr-19
89,Buldhana,Sangrampur(Varvatbakal),Soyabean,Other,FAQ,3000,3550,3500,11-Apr-19
90,Buldhana,Sangrampur(Varvatbakal),Soyabean,Other,FAQ,3500,3600,3550,8-Apr-19
91,Buldhana,Sangrampur(Varvatbakal),Soyabean,Other,FAQ,3200,3525,3500,1-Apr-19
92,Buldhana,Sangrampur(Varvatbakal),Soyabean,Other,FAQ,3100,3525,3500,28-Mar-19
93,Buldhana,Sangrampur(Varvatbakal),Soyabean,Other,FAQ,3000,3550,3400,23-Mar-19
94,Buldhana,Sangrampur(Varvatbakal),Soyabean,Other,FAQ,3100,3500,3450,18-Mar-19
95,Buldhana,Sangrampur(Varvatbakal),Soyabean,Other,FAQ,3200,3500,3450,16-Mar-19
96,Buldhana,Sangrampur(Varvatbakal),Soyabean,Other,FAQ,3100,3550,3500,14-Mar-19
97,Buldhana,Sangrampur(Varvatbakal),Soyabean,Other,FAQ,3300,3531,3525,11-Mar-19
98,Buldhana,Sangrampur(Varvatbakal),Soyabean,Other,FAQ,3000,3550,3500,9-Mar-19
99,Buldhana,Sangrampur(Varvatbakal),Soyabean,Other,FAQ,3100,3550,3500,7-Mar-19
100,Buldhana,Sangrampur(Varvatbakal),Soyabean,Other,FAQ,3100,3550,3500,2-Mar-19
101,Buldhana,Sangrampur(Varvatbakal),Soyabean,Other,FAQ,3100,3600,3550,25-Feb-19
102,Buldhana,Sangrampur(Varvatbakal),Soyabean,Other,FAQ,3000,3600,3550,23-Feb-19
103,Buldhana,Sangrampur(Varvatbakal),Soyabean,Other,FAQ,3200,3600,3550,14-Feb-19
104,Buldhana,Sangrampur(Varvatbakal),Soyabean,Other,FAQ,3100,3661,3600,9-Feb-19
105,Buldhana,Sangrampur(Varvatbakal),Soyabean,Other,FAQ,3200,3650,3600,7-Feb-19
106,Buldhana,Sangrampur(Varvatbakal),Soyabean,Other,FAQ,3100,3700,3650,4-Feb-19
107,Buldhana,Sangrampur(Varvatbakal),Soyabean,Other,FAQ,3200,3700,3650,2-Feb-19
108,Buldhana,Sangrampur(Varvatbakal),Soyabean,Other,FAQ,3200,3750,3675,28-Jan-19
109,Buldhana,Sangrampur(Varvatbakal),Soyabean,Other,FAQ,3000,3700,3600,24-Jan-19
110,Buldhana,Sangrampur(Varvatbakal),Soyabean,Other,FAQ,3000,3700,3600,21-Jan-19
111,Buldhana,Sangrampur(Varvatbakal),Soyabean,Other,FAQ,3000,3600,3500,19-Jan-19
112,Buldhana,Sangrampur(Varvatbakal),Soyabean,Other,FAQ,3000,3500,3400,14-Jan-19
113,Buldhana,Sangrampur(Varvatbakal),Soyabean,Other,FAQ,3000,3450,3400,12-Jan-19
114,Buldhana,Sangrampur(Varvatbakal),Soyabean,Other,FAQ,3000,3450,3350,10-Jan-19
115,Buldhana,Sangrampur(Varvatbakal),Soyabean,Other,FAQ,3000,3325,3300,7-Jan-19
116,Buldhana,Sangrampur(Varvatbakal),Soyabean,Other,FAQ,3100,3275,3250,5-Jan-19
117,Buldhana,Sangrampur(Varvatbakal),Soyabean,Other,FAQ,3000,3300,3250,3-Jan-19
118,Buldhana,Sangrampur(Varvatbakal),Soyabean,Other,FAQ,3050,3225,3200,31-Dec-18
119,Buldhana,Sangrampur(Varvatbakal),Soyabean,Other,FAQ,3100,3225,3200,29-Dec-18
120,Buldhana,Sangrampur(Varvatbakal),Soyabean,Other,FAQ,3000,3200,3175,27-Dec-18
121,Buldhana,Sangrampur(Varvatbakal),Soyabean,Other,FAQ,3000,3225,3200,24-Dec-18
122,Buldhana,Sangrampur(Varvatbakal),Soyabean,Other,FAQ,2900,3250,3200,20-Dec-18
123,Buldhana,Sangrampur(Varvatbakal),Soyabean,Other,FAQ,3000,3225,3200,17-Dec-18
124,Buldhana,Sangrampur(Varvatbakal),Soyabean,Other,FAQ,3000,3200,3100,13-Dec-18
125,Buldhana,Sangrampur(Varvatbakal),Soyabean,Other,FAQ,3000,3200,3100,10-Dec-18
126,Buldhana,Sangrampur(Varvatbakal),Soyabean,Other,FAQ,3000,3175,3150,8-Dec-18
127,Buldhana,Sangrampur(Varvatbakal),Soyabean,Other,FAQ,3000,3175,3150,6-Dec-18
128,Buldhana,Sangrampur(Varvatbakal),Soyabean,Other,FAQ,2650,3275,3250,3-Dec-18
129,Buldhana,Sangrampur(Varvatbakal),Soyabean,Other,FAQ,3050,3275,3225,1-Dec-18
130,Buldhana,Sangrampur(Varvatbakal),Soyabean,Other,FAQ,3100,3300,3200,29-Nov-18
131,Buldhana,Sangrampur(Varvatbakal),Soyabean,Other,FAQ,3000,3275,3250,26-Nov-18
132,Buldhana,Sangrampur(Varvatbakal),Soyabean,Other,FAQ,3000,3300,3250,24-Nov-18
133,Buldhana,Sangrampur(Varvatbakal),Soyabean,Other,FAQ,3000,3225,3175,22-Nov-18
134,Buldhana,Sangrampur(Varvatbakal),Soyabean,Other,FAQ,3000,3205,3100,19-Nov-18
135,Buldhana,Sangrampur(Varvatbakal),Soyabean,Other,FAQ,3000,3200,3200,15-Nov-18
136,Buldhana,Sangrampur(Varvatbakal),Soyabean,Other,FAQ,2900,3225,3175,12-Nov-18
137,Buldhana,Sangrampur(Varvatbakal),Soyabean,Other,FAQ,2850,3250,3200,10-Nov-18
138,Buldhana,Sangrampur(Varvatbakal),Soyabean,Other,FAQ,2800,3250,3200,6-Nov-18
139,Buldhana,Sangrampur(Varvatbakal),Soyabean,Other,FAQ,2800,3250,3200,5-Nov-18
140,Buldhana,Sangrampur(Varvatbakal),Soyabean,Other,FAQ,2850,3225,3175,3-Nov-18
141,Buldhana,Sangrampur(Varvatbakal),Soyabean,Other,FAQ,2900,3150,3100,2-Nov-18
142,Buldhana,Sangrampur(Varvatbakal),Soyabean,Other,FAQ,2800,3150,3100,1-Nov-18
143,Buldhana,Sangrampur(Varvatbakal),Soyabean,Other,FAQ,2800,3150,3050,29-Oct-18
144,Buldhana,Sangrampur(Varvatbakal),Soyabean,Other,FAQ,2700,3200,3075,27-Oct-18
145,Buldhana,Sangrampur(Varvatbakal),Soyabean,Other,FAQ,2750,3060,3000,25-Oct-18
146,Buldhana,Sangrampur(Varvatbakal),Soyabean,Other,FAQ,2850,3050,3000,22-Oct-18
147,Buldhana,Sangrampur(Varvatbakal),Soyabean,Other,FAQ,2850,3150,3100,20-Oct-18
148,Buldhana,Sangrampur(Varvatbakal),Soyabean,Other,FAQ,2700,3050,3000,15-Oct-18
149,Buldhana,Sangrampur(Varvatbakal),Soyabean,Other,FAQ,2650,3025,2950,13-Oct-18
150,Buldhana,Sangrampur(Varvatbakal),Soyabean,Other,FAQ,2600,3021,2900,11-Oct-18
151,Buldhana,Sangrampur(Varvatbakal),Soyabean,Other,FAQ,2700,2950,2850,6-Oct-18
152,Buldhana,Sangrampur(Varvatbakal),Soyabean,Other,FAQ,3000,3125,3100,27-Sep-18
153,Buldhana,Sangrampur(Varvatbakal),Soyabean,Other,FAQ,3000,3400,3350,15-Sep-18
154,Buldhana,Sangrampur(Varvatbakal),Soyabean,Other,FAQ,3100,3300,3250,6-Sep-18
155,Buldhana,Sangrampur(Varvatbakal),Soyabean,Other,FAQ,3200,3500,3400,25-Aug-18
156,Buldhana,Sangrampur(Varvatbakal),Soyabean,Other,FAQ,3300,3450,3400,23-Aug-18
157,Buldhana,Sangrampur(Varvatbakal),Soyabean,Other,FAQ,3000,3450,3400,13-Aug-18
158,Buldhana,Sangrampur(Varvatbakal),Soyabean,Other,FAQ,3000,3400,3300,11-Aug-18
159,Buldhana,Sangrampur(Varvatbakal),Soyabean,Other,FAQ,3100,3300,3200,2-Aug-18
160,Buldhana,Sangrampur(Varvatbakal),Soyabean,Other,FAQ,300,3300,3200,30-Jul-18
161,Buldhana,Sangrampur(Varvatbakal),Soyabean,Other,FAQ,3000,3300,3250,28-Jul-18
162,Buldhana,Sangrampur(Varvatbakal),Soyabean,Other,FAQ,2400,3300,3200,26-Jul-18
163,Buldhana,Sangrampur(Varvatbakal),Soyabean,Other,FAQ,950,1050,1000,21-Jul-18
164,Buldhana,Sangrampur(Varvatbakal),Soyabean,Other,FAQ,3000,3300,3200,19-Jul-18
165,Buldhana,Sangrampur(Varvatbakal),Soyabean,Other,FAQ,3000,3300,3250,16-Jul-18
166,Buldhana,Sangrampur(Varvatbakal),Soyabean,Other,FAQ,3200,3400,3350,14-Jul-18
167,Buldhana,Sangrampur(Varvatbakal),Soyabean,Other,FAQ,3000,3400,3300,12-Jul-18
168,Buldhana,Sangrampur(Varvatbakal),Soyabean,Other,FAQ,2900,3400,3300,9-Jul-18
169,Buldhana,Sangrampur(Varvatbakal),Soyabean,Other,FAQ,3000,3475,3350,7-Jul-18
170,Buldhana,Sangrampur(Varvatbakal),Soyabean,Other,FAQ,3000,3305,3250,30-Jun-18
171,Buldhana,Sangrampur(Varvatbakal),Soyabean,Other,FAQ,3000,3350,3300,28-Jun-18
172,Buldhana,Sangrampur(Varvatbakal),Soyabean,Other,FAQ,2850,3400,3350,25-Jun-18
173,Buldhana,Sangrampur(Varvatbakal),Soyabean,Other,FAQ,3000,3375,3300,23-Jun-18
174,Buldhana,Sangrampur(Varvatbakal),Soyabean,Other,FAQ,3100,3350,3300,21-Jun-18
175,Buldhana,Sangrampur(Varvatbakal),Soyabean,Other,FAQ,2900,3150,3000,14-Jun-18
176,Buldhana,Sangrampur(Varvatbakal),Soyabean,Other,FAQ,2100,3100,3000,11-Jun-18
177,Buldhana,Sangrampur(Varvatbakal),Soyabean,Other,FAQ,2900,3050,3000,9-Jun-18
178,Buldhana,Sangrampur(Varvatbakal),Soyabean,Other,FAQ,3000,3450,3400,7-Jun-18
179,Buldhana,Sangrampur(Varvatbakal),Soyabean,Other,FAQ,3000,3450,3400,4-Jun-18
180,Buldhana,Sangrampur(Varvatbakal),Soyabean,Other,FAQ,3000,3500,3475,2-Jun-18
181,Buldhana,Sangrampur(Varvatbakal),Soyabean,Other,FAQ,3100,3480,3450,31-May-18
182,Buldhana,Sangrampur(Varvatbakal),Soyabean,Other,FAQ,3100,3500,3475,28-May-18
183,Buldhana,Sangrampur(Varvatbakal),Soyabean,Other,FAQ,3100,3475,3425,24-May-18
184,Buldhana,Sangrampur(Varvatbakal),Soyabean,Other,FAQ,3150,3450,3400,21-May-18
185,Buldhana,Sangrampur(Varvatbakal),Soyabean,Other,FAQ,3100,3400,3375,19-May-18
186,Buldhana,Sangrampur(Varvatbakal),Soyabean,Other,FAQ,3200,3500,3400,14-May-18
187,Buldhana,Sangrampur(Varvatbakal),Soyabean,Other,FAQ,3050,3480,3425,12-May-18
188,Buldhana,Sangrampur(Varvatbakal),Soyabean,Other,FAQ,3100,3450,3400,10-May-18
189,Buldhana,Sangrampur(Varvatbakal),Soyabean,Other,FAQ,3000,3475,3450,7-May-18
190,Buldhana,Sangrampur(Varvatbakal),Soyabean,Other,FAQ,3000,3475,3450,5-May-18
191,Buldhana,Sangrampur(Varvatbakal),Soyabean,Other,FAQ,3000,3475,3400,3-May-18
192,Buldhana,Sangrampur(Varvatbakal),Soyabean,Other,FAQ,3000,3400,3350,26-Apr-18
193,Buldhana,Sangrampur(Varvatbakal),Soyabean,Other,FAQ,3100,3300,3200,23-Apr-18
194,Buldhana,Sangrampur(Varvatbakal),Soyabean,Other,FAQ,3350,3450,3400,21-Apr-18
195,Buldhana,Sangrampur(Varvatbakal),Soyabean,Other,FAQ,3000,3400,3200,19-Apr-18
196,Buldhana,Sangrampur(Varvatbakal),Soyabean,Other,FAQ,3300,3550,3400,16-Apr-18
197,Buldhana,Sangrampur(Varvatbakal),Soyabean,Other,FAQ,2850,3500,3400,9-Apr-18
198,Buldhana,Sangrampur(Varvatbakal),Soyabean,Other,FAQ,3300,3425,3400,7-Apr-18
199,Buldhana,Sangrampur(Varvatbakal),Soyabean,Other,FAQ,3325,3451,3400,5-Apr-18
200,Buldhana,Sangrampur(Varvatbakal),Soyabean,Other,FAQ,3100,3400,3350,2-Apr-18
201,Buldhana,Sangrampur(Varvatbakal),Soyabean,Other,FAQ,3100,3200,3150,26-Mar-18
202,Buldhana,Sangrampur(Varvatbakal),Soyabean,Other,FAQ,3200,3400,3300,22-Mar-18
203,Buldhana,Sangrampur(Varvatbakal),Soyabean,Other,FAQ,3000,3400,3300,26-Feb-18
204,Buldhana,Sangrampur(Varvatbakal),Soyabean,Other,FAQ,3300,3400,3350,24-Feb-18
205,Buldhana,Sangrampur(Varvatbakal),Soyabean,Other,FAQ,2850,3450,3200,15-Feb-18
206,Buldhana,Sangrampur(Varvatbakal),Soyabean,Other,FAQ,2000,3700,3500,12-Feb-18
207,Buldhana,Sangrampur(Varvatbakal),Soyabean,Other,FAQ,3000,3450,3300,8-Feb-18
208,Buldhana,Sangrampur(Varvatbakal),Soyabean,Other,FAQ,3000,4000,3700,29-Jan-18
209,Buldhana,Sangrampur(Varvatbakal),Soyabean,Other,FAQ,3100,3400,3200,27-Jan-18
210,Buldhana,Sangrampur(Varvatbakal),Soyabean,Other,FAQ,2800,3000,2900,15-Jan-18
211,Buldhana,Sangrampur(Varvatbakal),Soyabean,Other,FAQ,2700,3005,2900,12-Jan-18
212,Buldhana,Sangrampur(Varvatbakal),Soyabean,Other,FAQ,2700,3005,2900,11-Jan-18
213,Buldhana,Sangrampur(Varvatbakal),Soyabean,Other,FAQ,2600,2975,2860,8-Jan-18
214,Buldhana,Sangrampur(Varvatbakal),Soyabean,Other,FAQ,2500,2950,2875,6-Jan-18
215,Buldhana,Sangrampur(Varvatbakal),Soyabean,Other,FAQ,2600,3000,2850,4-Jan-18
216,Buldhana,Sangrampur(Varvatbakal),Soyabean,Other,FAQ,2550,2900,2800,30-Dec-17
217,Buldhana,Sangrampur(Varvatbakal),Soyabean,Other,FAQ,2500,2925,2850,28-Dec-17
218,Buldhana,Sangrampur(Varvatbakal),Soyabean,Other,FAQ,2500,2950,2800,21-Dec-17
219,Buldhana,Sangrampur(Varvatbakal),Soyabean,Other,FAQ,2500,2950,2800,18-Dec-17
220,Buldhana,Sangrampur(Varvatbakal),Soyabean,Other,FAQ,2400,3020,2850,16-Dec-17
221,Buldhana,Sangrampur(Varvatbakal),Soyabean,Other,FAQ,2250,2950,2775,14-Dec-17
222,Buldhana,Sangrampur(Varvatbakal),Soyabean,Other,FAQ,2350,2900,2700,11-Dec-17
223,Buldhana,Sangrampur(Varvatbakal),Soyabean,Other,FAQ,2300,2825,2700,9-Dec-17
224,Buldhana,Sangrampur(Varvatbakal),Soyabean,Other,FAQ,2500,2800,2650,7-Dec-17
225,Buldhana,Sangrampur(Varvatbakal),Soyabean,Other,FAQ,2300,2760,2650,4-Dec-17
226,Buldhana,Sangrampur(Varvatbakal),Soyabean,Other,FAQ,2100,2750,2650,2-Dec-17
227,Buldhana,Sangrampur(Varvatbakal),Soyabean,Other,FAQ,2100,2725,2675,30-Nov-17
228,Buldhana,Sangrampur(Varvatbakal),Soyabean,Other,FAQ,2000,2700,2650,27-Nov-17
229,Buldhana,Sangrampur(Varvatbakal),Soyabean,Other,FAQ,2100,2725,2650,25-Nov-17
230,Buldhana,Sangrampur(Varvatbakal),Soyabean,Other,FAQ,2400,2750,2650,23-Nov-17
231,Buldhana,Sangrampur(Varvatbakal),Soyabean,Other,FAQ,2100,2725,2450,20-Nov-17
232,Buldhana,Sangrampur(Varvatbakal),Soyabean,Other,FAQ,2000,2400,2325,18-Nov-17
233,Buldhana,Sangrampur(Varvatbakal),Soyabean,Other,FAQ,2000,2400,2275,16-Nov-17
234,Buldhana,Sangrampur(Varvatbakal),Soyabean,Other,FAQ,2100,2600,2550,13-Nov-17
235,Buldhana,Sangrampur(Varvatbakal),Soyabean,Other,FAQ,1500,2300,2100,11-Nov-17
236,Buldhana,Sangrampur(Varvatbakal),Soyabean,Other,FAQ,2000,2400,2300,6-Nov-17
237,Buldhana,Sangrampur(Varvatbakal),Soyabean,Other,FAQ,2000,2350,2200,2-Nov-17
238,Buldhana,Sangrampur(Varvatbakal),Soyabean,Other,FAQ,1800,2400,2300,30-Oct-17
239,Buldhana,Sangrampur(Varvatbakal),Soyabean,Other,FAQ,2000,2400,2300,28-Oct-17
240,Buldhana,Sangrampur(Varvatbakal),Soyabean,Other,FAQ,2200,2600,2550,26-Oct-17
241,Buldhana,Sangrampur(Varvatbakal),Soyabean,Other,FAQ,2400,2700,2600,16-Oct-17
242,Buldhana,Sangrampur(Varvatbakal),Soyabean,Other,FAQ,2000,2600,2500,14-Oct-17
243,Buldhana,Sangrampur(Varvatbakal),Soyabean,Other,FAQ,2400,2675,2600,12-Oct-17
244,Buldhana,Sangrampur(Varvatbakal),Soyabean,Other,FAQ,2500,2700,2650,9-Oct-17
245,Buldhana,Sangrampur(Varvatbakal),Soyabean,Other,FAQ,2400,2675,2550,7-Oct-17
246,Buldhana,Sangrampur(Varvatbakal),Soyabean,Other,FAQ,2700,2900,2800,18-Sep-17
247,Buldhana,Sangrampur(Varvatbakal),Soyabean,Other,FAQ,2800,2900,2850,16-Sep-17
248,Buldhana,Sangrampur(Varvatbakal),Soyabean,Other,FAQ,2750,2900,2850,14-Sep-17
249,Buldhana,Sangrampur(Varvatbakal),Soyabean,Other,FAQ,2700,3000,2850,28-Aug-17
250,Buldhana,Sangrampur(Varvatbakal),Soyabean,Other,FAQ,2700,3000,2850,26-Aug-17
251,Buldhana,Sangrampur(Varvatbakal),Soyabean,Other,FAQ,2700,2850,2775,24-Aug-17
252,Buldhana,Sangrampur(Varvatbakal),Soyabean,Other,FAQ,2700,2850,2750,19-Aug-17
253,Buldhana,Sangrampur(Varvatbakal),Soyabean,Other,FAQ,2700,2800,2775,14-Aug-17
254,Buldhana,Sangrampur(Varvatbakal),Soyabean,Other,FAQ,2500,2750,2600,10-Aug-17
255,Buldhana,Sangrampur(Varvatbakal),Soyabean,Other,FAQ,2500,2800,2775,22-Jul-17
256,Buldhana,Sangrampur(Varvatbakal),Soyabean,Other,FAQ,2700,2800,2775,20-Jul-17
257,Buldhana,Sangrampur(Varvatbakal),Soyabean,Other,FAQ,2700,2800,2750,13-Jul-17
258,Buldhana,Sangrampur(Varvatbakal),Soyabean,Other,FAQ,2500,2750,2650,8-Jul-17
259,Buldhana,Sangrampur(Varvatbakal),Soyabean,Other,FAQ,2500,2800,2775,3-Jul-17
260,Buldhana,Sangrampur(Varvatbakal),Soyabean,Other,FAQ,2000,2600,2550,19-Jun-17
261,Buldhana,Sangrampur(Varvatbakal),Soyabean,Other,FAQ,2550,2600,2575,15-Jun-17
262,Buldhana,Sangrampur(Varvatbakal),Soyabean,Other,FAQ,2000,2600,2500,12-Jun-17
263,Buldhana,Sangrampur(Varvatbakal),Soyabean,Other,FAQ,2300,2650,2500,10-Jun-17
264,Buldhana,Sangrampur(Varvatbakal),Soyabean,Other,FAQ,2500,2700,2650,8-Jun-17
265,Buldhana,Sangrampur(Varvatbakal),Soyabean,Other,FAQ,2400,2600,2550,3-Jun-17
266,Buldhana,Sangrampur(Varvatbakal),Soyabean,Other,FAQ,2600,2700,2650,22-May-17
267,Buldhana,Sangrampur(Varvatbakal),Soyabean,Other,FAQ,2500,2775,2650,20-May-17
268,Buldhana,Sangrampur(Varvatbakal),Soyabean,Other,FAQ,2600,2700,2650,15-May-17
269,Buldhana,Sangrampur(Varvatbakal),Soyabean,Other,FAQ,2600,2725,2650,13-May-17
270,Buldhana,Sangrampur(Varvatbakal),Soyabean,Other,FAQ,2525,2810,2775,11-May-17
271,Buldhana,Sangrampur(Varvatbakal),Soyabean,Other,FAQ,2600,2800,2775,8-May-17
272,Buldhana,Sangrampur(Varvatbakal),Soyabean,Other,FAQ,2600,2810,2775,4-May-17
273,Buldhana,Sangrampur(Varvatbakal),Soyabean,Other,FAQ,2600,2800,2775,29-Apr-17
274,Buldhana,Sangrampur(Varvatbakal),Soyabean,Other,FAQ,2500,2800,2775,27-Apr-17
275,Buldhana,Sangrampur(Varvatbakal),Soyabean,Other,FAQ,2700,2800,2775,24-Apr-17
276,Buldhana,Sangrampur(Varvatbakal),Soyabean,Other,FAQ,2600,2800,2775,22-Apr-17
277,Buldhana,Sangrampur(Varvatbakal),Soyabean,Other,FAQ,2600,2800,2750,17-Apr-17
278,Buldhana,Sangrampur(Varvatbakal),Soyabean,Other,FAQ,2600,2800,2775,15-Apr-17
279,Buldhana,Sangrampur(Varvatbakal),Soyabean,Other,FAQ,2600,2800,2750,13-Apr-17
280,Buldhana,Sangrampur(Varvatbakal),Soyabean,Other,FAQ,2600,2700,2650,10-Apr-17
281,Buldhana,Sangrampur(Varvatbakal),Soyabean,Other,FAQ,2600,2700,2650,3-Apr-17
282,Buldhana,Sangrampur(Varvatbakal),Soyabean,Other,FAQ,2650,2765,2705,1-Apr-17
283,Buldhana,Sangrampur(Varvatbakal),Soyabean,Other,FAQ,2650,2760,2710,30-Mar-17
284,Buldhana,Sangrampur(Varvatbakal),Soyabean,Other,FAQ,2650,2745,2705,27-Mar-17
285,Buldhana,Sangrampur(Varvatbakal),Soyabean,Other,FAQ,2650,2745,2700,25-Mar-17
286,Buldhana,Sangrampur(Varvatbakal),Soyabean,Other,FAQ,2500,2750,2650,23-Mar-17
287,Buldhana,Sangrampur(Varvatbakal),Soyabean,Other,FAQ,2550,2760,2715,20-Mar-17
288,Buldhana,Sangrampur(Varvatbakal),Soyabean,Other,FAQ,2550,2725,2650,18-Mar-17
289,Buldhana,Sangrampur(Varvatbakal),Soyabean,Other,FAQ,2600,2765,2700,16-Mar-17
290,Buldhana,Sangrampur(Varvatbakal),Soyabean,Other,FAQ,2550,2760,2700,9-Mar-17
291,Buldhana,Sangrampur(Varvatbakal),Soyabean,Other,FAQ,2500,2750,2675,6-Mar-17
292,Buldhana,Sangrampur(Varvatbakal),Soyabean,Other,FAQ,2400,2780,2700,4-Mar-17
293,Buldhana,Sangrampur(Varvatbakal),Soyabean,Other,FAQ,2600,2775,2700,2-Mar-17
294,Buldhana,Sangrampur(Varvatbakal),Soyabean,Other,FAQ,2200,27100,2650,27-Feb-17
295,Buldhana,Sangrampur(Varvatbakal),Soyabean,Other,FAQ,2650,2750,2725,13-Feb-17
296,Buldhana,Sangrampur(Varvatbakal),Soyabean,Other,FAQ,2600,2750,2725,11-Feb-17
297,Buldhana,Sangrampur(Varvatbakal),Soyabean,Other,FAQ,2600,2705,2675,9-Feb-17
298,Buldhana,Sangrampur(Varvatbakal),Soyabean,Other,FAQ,2600,2750,2700,6-Feb-17
299,Buldhana,Sangrampur(Varvatbakal),Soyabean,Other,FAQ,2600,2710,2675,4-Feb-17
300,Buldhana,Sangrampur(Varvatbakal),Soyabean,Other,FAQ,2000,2721,2650,2-Feb-17
301,Buldhana,Sangrampur(Varvatbakal),Soyabean,Other,FAQ,2400,2750,2650,30-Jan-17
302,Buldhana,Sangrampur(Varvatbakal),Soyabean,Other,FAQ,2600,2750,2700,28-Jan-17
303,Buldhana,Sangrampur(Varvatbakal),Soyabean,Other,FAQ,2600,2750,2700,23-Jan-17
304,Buldhana,Sangrampur(Varvatbakal),Soyabean,Other,FAQ,2500,2770,2740,16-Jan-17
305,Buldhana,Sangrampur(Varvatbakal),Soyabean,Other,FAQ,2600,2750,2700,14-Jan-17
306,Buldhana,Sangrampur(Varvatbakal),Soyabean,Other,FAQ,2500,2760,2650,12-Jan-17
307,Buldhana,Sangrampur(Varvatbakal),Soyabean,Other,FAQ,2500,2750,2650,9-Jan-17
308,Buldhana,Sangrampur(Varvatbakal),Soyabean,Other,FAQ,2500,2750,2700,7-Jan-17
309,Buldhana,Sangrampur(Varvatbakal),Soyabean,Other,FAQ,2400,2750,2650,5-Jan-17
310,Buldhana,Sangrampur(Varvatbakal),Soyabean,Other,FAQ,2500,2800,2750,2-Jan-17
311,Buldhana,Sangrampur(Varvatbakal),Soyabean,Other,FAQ,2500,2800,2700,31-Dec-16
312,Buldhana,Sangrampur(Varvatbakal),Soyabean,Other,FAQ,2500,2750,2650,29-Dec-16
313,Buldhana,Sangrampur(Varvatbakal),Soyabean,Other,FAQ,2500,2750,2700,26-Dec-16
314,Buldhana,Sangrampur(Varvatbakal),Soyabean,Other,FAQ,2500,2725,2650,24-Dec-16
315,Buldhana,Sangrampur(Varvatbakal),Soyabean,Other,FAQ,2500,2700,2650,22-Dec-16
316,Buldhana,Sangrampur(Varvatbakal),Soyabean,Other,FAQ,2500,2725,2650,19-Dec-16
317,Buldhana,Sangrampur(Varvatbakal),Soyabean,Other,FAQ,2500,2750,2650,17-Dec-16
318,Buldhana,Sangrampur(Varvatbakal),Soyabean,Other,FAQ,2500,2800,2775,15-Dec-16
319,Buldhana,Sangrampur(Varvatbakal),Soyabean,Other,FAQ,2500,2725,2650,10-Dec-16
320,Buldhana,Sangrampur(Varvatbakal),Soyabean,Other,FAQ,2600,2750,2725,8-Dec-16
321,Buldhana,Sangrampur(Varvatbakal),Soyabean,Other,FAQ,2500,2800,2780,5-Dec-16
322,Buldhana,Sangrampur(Varvatbakal),Soyabean,Other,FAQ,2500,2800,2775,3-Dec-16
323,Buldhana,Sangrampur(Varvatbakal),Soyabean,Other,FAQ,2600,2800,2775,1-Dec-16
324,Buldhana,Sangrampur(Varvatbakal),Soyabean,Other,FAQ,2500,2815,2775,28-Nov-16
325,Buldhana,Sangrampur(Varvatbakal),Soyabean,Other,FAQ,2500,2850,2775,26-Nov-16
326,Buldhana,Sangrampur(Varvatbakal),Soyabean,Other,FAQ,2300,2800,2700,24-Nov-16
327,Buldhana,Sangrampur(Varvatbakal),Soyabean,Other,FAQ,2650,2800,2750,21-Nov-16
328,Buldhana,Sangrampur(Varvatbakal),Soyabean,Other,FAQ,2400,2800,2650,19-Nov-16
329,Buldhana,Sangrampur(Varvatbakal),Soyabean,Other,FAQ,2600,2700,2675,17-Nov-16
330,Buldhana,Sangrampur(Varvatbakal),Soyabean,Other,FAQ,2000,2775,2650,12-Nov-16
331,Buldhana,Sangrampur(Varvatbakal),Soyabean,Other,FAQ,2500,2775,2600,10-Nov-16
332,Buldhana,Sangrampur(Varvatbakal),Soyabean,Other,FAQ,2400,2800,2600,7-Nov-16
333,Buldhana,Sangrampur(Varvatbakal),Soyabean,Other,FAQ,2500,2900,2750,5-Nov-16
334,Buldhana,Sangrampur(Varvatbakal),Soyabean,Other,FAQ,2600,2800,2750,3-Nov-16
335,Buldhana,Sangrampur(Varvatbakal),Soyabean,Other,FAQ,2400,2800,2600,29-Oct-16
336,Buldhana,Sangrampur(Varvatbakal),Soyabean,Other,FAQ,2400,2800,2700,27-Oct-16
337,Buldhana,Sangrampur(Varvatbakal),Soyabean,Other,FAQ,2200,2750,2500,24-Oct-16
338,Buldhana,Sangrampur(Varvatbakal),Soyabean,Other,FAQ,2000,2800,2600,22-Oct-16
339,Buldhana,Sangrampur(Varvatbakal),Soyabean,Other,FAQ,2200,2750,2500,20-Oct-16
340,Buldhana,Sangrampur(Varvatbakal),Soyabean,Other,FAQ,2700,2900,2850,29-Sep-16
341,Buldhana,Sangrampur(Varvatbakal),Soyabean,Other,FAQ,2850,3050,2950,24-Sep-16
342,Buldhana,Sangrampur(Varvatbakal),Soyabean,Other,FAQ,2800,2950,2900,8-Sep-16
343,Buldhana,Sangrampur(Varvatbakal),Soyabean,Other,FAQ,2900,3000,2950,3-Sep-16
344,Buldhana,Sangrampur(Varvatbakal),Soyabean,Other,FAQ,2800,3200,3000,27-Aug-16
345,Buldhana,Sangrampur(Varvatbakal),Soyabean,Other,FAQ,3000,3200,3100,25-Aug-16
346,Buldhana,Sangrampur(Varvatbakal),Soyabean,Other,FAQ,2900,3250,3000,20-Aug-16
347,Buldhana,Sangrampur(Varvatbakal),Soyabean,Other,FAQ,3600,3600,3600,13-Aug-16
348,Buldhana,Sangrampur(Varvatbakal),Soyabean,Other,FAQ,3000,3300,3200,8-Aug-16
349,Buldhana,Sangrampur(Varvatbakal),Soyabean,Other,FAQ,3000,3300,3100,6-Aug-16
350,Buldhana,Sangrampur(Varvatbakal),Soyabean,Other,FAQ,3200,3350,3300,4-Aug-16
351,Buldhana,Sangrampur(Varvatbakal),Soyabean,Other,FAQ,3000,3400,3100,1-Aug-16
352,Buldhana,Sangrampur(Varvatbakal),Soyabean,Other,FAQ,3000,3400,3100,30-Jul-16
353,Buldhana,Sangrampur(Varvatbakal),Soyabean,Other,FAQ,3200,3450,3300,28-Jul-16
354,Buldhana,Sangrampur(Varvatbakal),Soyabean,Other,FAQ,3000,3400,3100,25-Jul-16
355,Buldhana,Sangrampur(Varvatbakal),Soyabean,Other,FAQ,3100,3300,3200,23-Jul-16
356,Buldhana,Sangrampur(Varvatbakal),Soyabean,Other,FAQ,3000,3500,3450,4-Jul-16
357,Buldhana,Sangrampur(Varvatbakal),Soyabean,Other,FAQ,3400,3600,3450,2-Jul-16
358,Buldhana,Sangrampur(Varvatbakal),Soyabean,Other,FAQ,3100,3700,3400,30-Jun-16
359,Buldhana,Sangrampur(Varvatbakal),Soyabean,Other,FAQ,3000,3500,3250,27-Jun-16
360,Buldhana,Sangrampur(Varvatbakal),Soyabean,Other,FAQ,2800,3500,3200,25-Jun-16
361,Buldhana,Sangrampur(Varvatbakal),Soyabean,Other,FAQ,3000,3500,3200,23-Jun-16
362,Buldhana,Sangrampur(Varvatbakal),Soyabean,Other,FAQ,3000,3500,3200,20-Jun-16
363,Buldhana,Sangrampur(Varvatbakal),Soyabean,Other,FAQ,3400,3600,3500,16-Jun-16
364,Buldhana,Sangrampur(Varvatbakal),Soyabean,Other,FAQ,3100,3500,3200,13-Jun-16
365,Buldhana,Sangrampur(Varvatbakal),Soyabean,Other,FAQ,3000,3600,3300,11-Jun-16
366,Buldhana,Sangrampur(Varvatbakal),Soyabean,Other,FAQ,3000,3400,3200,9-Jun-16
367,Buldhana,Sangrampur(Varvatbakal),Soyabean,Other,FAQ,3200,3350,3300,6-Jun-16
368,Buldhana,Sangrampur(Varvatbakal),Soyabean,Other,FAQ,2700,3500,3000,4-Jun-16
369,Buldhana,Sangrampur(Varvatbakal),Soyabean,Other,FAQ,2700,3500,3200,2-Jun-16
370,Buldhana,Sangrampur(Varvatbakal),Soyabean,Other,FAQ,2800,3450,3100,30-May-16
371,Buldhana,Sangrampur(Varvatbakal),Soyabean,Other,FAQ,3200,3525,3400,28-May-16
372,Buldhana,Sangrampur(Varvatbakal),Soyabean,Other,FAQ,3400,3500,3450,26-May-16
373,Buldhana,Sangrampur(Varvatbakal),Soyabean,Other,FAQ,2900,3700,3400,24-May-16
374,Buldhana,Sangrampur(Varvatbakal),Soyabean,Other,FAQ,3100,3800,3200,23-May-16
375,Buldhana,Sangrampur(Varvatbakal),Soyabean,Other,FAQ,3000,3500,3400,21-May-16
376,Buldhana,Sangrampur(Varvatbakal),Soyabean,Other,FAQ,3100,3500,3450,16-May-16
377,Buldhana,Sangrampur(Varvatbakal),Soyabean,Other,FAQ,3500,3550,3525,14-May-16
378,Buldhana,Sangrampur(Varvatbakal),Soyabean,Other,FAQ,3250,3600,3300,12-May-16
379,Buldhana,Sangrampur(Varvatbakal),Soyabean,Other,FAQ,3000,3550,3200,7-May-16
380,Buldhana,Sangrampur(Varvatbakal),Soyabean,Other,FAQ,3100,3500,3200,2-May-16
381,Buldhana,Sangrampur(Varvatbakal),Soyabean,Other,FAQ,3450,3500,3475,30-Apr-16
382,Buldhana,Sangrampur(Varvatbakal),Soyabean,Other,FAQ,2800,3500,3450,25-Apr-16
383,Buldhana,Sangrampur(Varvatbakal),Soyabean,Other,FAQ,3000,3750,3600,23-Apr-16
384,Buldhana,Sangrampur(Varvatbakal),Soyabean,Other,FAQ,3000,3700,3500,21-Apr-16
385,Buldhana,Sangrampur(Varvatbakal),Soyabean,Other,FAQ,3400,3800,3600,11-Apr-16
386,Buldhana,Sangrampur(Varvatbakal),Soyabean,Other,FAQ,3000,3700,3300,9-Apr-16
387,Buldhana,Sangrampur(Varvatbakal),Soyabean,Other,FAQ,3100,3650,3300,4-Apr-16
388,Buldhana,Sangrampur(Varvatbakal),Soyabean,Other,FAQ,3000,3600,3200,2-Apr-16
389,Buldhana,Sangrampur(Varvatbakal),Soyabean,Other,FAQ,3000,3650,3300,31-Mar-16
390,Buldhana,Sangrampur(Varvatbakal),Soyabean,Other,FAQ,3300,3550,3400,28-Mar-16
391,Buldhana,Sangrampur(Varvatbakal),Soyabean,Other,FAQ,3200,3600,3400,26-Mar-16
392,Buldhana,Sangrampur(Varvatbakal),Soyabean,Other,FAQ,3000,3400,3250,21-Mar-16
393,Buldhana,Sangrampur(Varvatbakal),Soyabean,Other,FAQ,3000,3300,3200,19-Mar-16
394,Buldhana,Sangrampur(Varvatbakal),Soyabean,Other,FAQ,3000,3350,3200,12-Mar-16
395,Buldhana,Sangrampur(Varvatbakal),Soyabean,Other,FAQ,2900,3300,3000,5-Mar-16
396,Buldhana,Sangrampur(Varvatbakal),Soyabean,Other,FAQ,2800,3275,3000,25-Feb-16
397,Buldhana,Sangrampur(Varvatbakal),Soyabean,Other,FAQ,2800,3350,3000,20-Feb-16
398,Buldhana,Sangrampur(Varvatbakal),Soyabean,Other,FAQ,3000,3350,3200,11-Feb-16
399,Buldhana,Sangrampur(Varvatbakal),Soyabean,Other,FAQ,2800,3300,3000,8-Feb-16
400,Buldhana,Sangrampur(Varvatbakal),Soyabean,Other,FAQ,3000,3300,3200,6-Feb-16
401,Buldhana,Sangrampur(Varvatbakal),Soyabean,Other,FAQ,3000,3400,3200,1-Feb-16
402,Buldhana,Sangrampur(Varvatbakal),Soyabean,Other,FAQ,3000,3350,3200,30-Jan-16
403,Buldhana,Sangrampur(Varvatbakal),Soyabean,Other,FAQ,2800,3300,3250,28-Jan-16
404,Buldhana,Sangrampur(Varvatbakal),Soyabean,Other,FAQ,3000,3400,3350,25-Jan-16
405,Buldhana,Sangrampur(Varvatbakal),Soyabean,Other,FAQ,3000,3400,3250,23-Jan-16
406,Buldhana,Sangrampur(Varvatbakal),Soyabean,Other,FAQ,2800,3400,3300,21-Jan-16
407,Buldhana,Sangrampur(Varvatbakal),Soyabean,Other,FAQ,3000,3400,3300,18-Jan-16
408,Buldhana,Sangrampur(Varvatbakal),Soyabean,Other,FAQ,3000,3325,3300,16-Jan-16
409,Buldhana,Sangrampur(Varvatbakal),Soyabean,Other,FAQ,3000,3350,3300,14-Jan-16
410,Buldhana,Sangrampur(Varvatbakal),Soyabean,Other,FAQ,3000,3200,3100,11-Jan-16
411,Buldhana,Sangrampur(Varvatbakal),Soyabean,Other,FAQ,2750,3500,3450,9-Jan-16
412,Buldhana,Sangrampur(Varvatbakal),Soyabean,Other,FAQ,2800,3450,3300,7-Jan-16
413,Buldhana,Sangrampur(Varvatbakal),Soyabean,Other,FAQ,2950,3500,3350,4-Jan-16
414,Buldhana,Sangrampur(Varvatbakal),Soyabean,Other,FAQ,2700,3300,3200,2-Jan-16
415,Buldhana,Sangrampur(Varvatbakal),Soyabean,Other,FAQ,2700,3450,3200,31-Dec-15
416,Buldhana,Sangrampur(Varvatbakal),Soyabean,Other,FAQ,2700,3500,3350,19-Dec-15
417,Buldhana,Sangrampur(Varvatbakal),Soyabean,Other,FAQ,3000,3660,3450,31-Oct-15
418,Buldhana,Sangrampur(Varvatbakal),Soyabean,Other,FAQ,3000,3550,3400,24-Oct-15
419,Buldhana,Sangrampur(Varvatbakal),Soyabean,Other,FAQ,3200,3525,3400,19-Oct-15
420,Buldhana,Sangrampur(Varvatbakal),Soyabean,Other,FAQ,2900,3650,3400,17-Oct-15
421,Buldhana,Sangrampur(Varvatbakal),Soyabean,Other,FAQ,3000,3550,3100,15-Oct-15
422,Buldhana,Sangrampur(Varvatbakal),Soyabean,Other,FAQ,3000,3800,3400,10-Oct-15
423,Buldhana,Sangrampur(Varvatbakal),Soyabean,Other,FAQ,3000,3400,3200,5-Oct-15
424,Buldhana,Sangrampur(Varvatbakal),Soyabean,Other,FAQ,2800,3400,3000,3-Oct-15
425,Buldhana,Sangrampur(Varvatbakal),Soyabean,Other,FAQ,3100,3750,3600,27-Apr-13
426,Buldhana,Sangrampur(Varvatbakal),Soyabean,Other,FAQ,3200,3800,3600,22-Apr-13
427,Buldhana,Sangrampur(Varvatbakal),Soyabean,Other,FAQ,3200,3500,3400,21-Mar-13
428,Buldhana,Sangrampur(Varvatbakal),Soyabean,Other,FAQ,3000,3100,3050,23-Feb-13
429,Buldhana,Sangrampur(Varvatbakal),Soyabean,Other,FAQ,3000,3100,3050,21-Feb-13
430,Buldhana,Sangrampur(Varvatbakal),Soyabean,Other,FAQ,2800,3100,3000,16-Feb-13
431,Buldhana,Sangrampur(Varvatbakal),Soyabean,Other,FAQ,3000,3100,3050,14-Feb-13
432,Buldhana,Sangrampur(Varvatbakal),Soyabean,Yellow,FAQ,2800,3050,3000,10-Dec-12
433,Buldhana,Sangrampur(Varvatbakal),Soyabean,Yellow,FAQ,2900,3080,3050,8-Dec-12
434,Buldhana,Sangrampur(Varvatbakal),Soyabean,Yellow,FAQ,2900,3071,3050,6-Dec-12
435,Buldhana,Sangrampur(Varvatbakal),Soyabean,Yellow,FAQ,2900,3025,3000,3-Dec-12
436,Buldhana,Sangrampur(Varvatbakal),Soyabean,Yellow,FAQ,2400,3050,3000,1-Dec-12
437,Buldhana,Sangrampur(Varvatbakal),Soyabean,Yellow,FAQ,2900,3150,3100,29-Nov-12
438,Buldhana,Sangrampur(Varvatbakal),Soyabean,Yellow,FAQ,3000,3150,3100,26-Nov-12
439,Buldhana,Sangrampur(Varvatbakal),Soyabean,Yellow,FAQ,3100,3160,3125,24-Nov-12
440,Buldhana,Sangrampur(Varvatbakal),Soyabean,Yellow,FAQ,3040,3125,3100,22-Nov-12
441,Buldhana,Sangrampur(Varvatbakal),Soyabean,Other,FAQ,2700,3050,3000,5-Nov-12
442,Buldhana,Sangrampur(Varvatbakal),Soyabean,Other,FAQ,2000,3100,2900,3-Nov-12
443,Buldhana,Sangrampur(Varvatbakal),Soyabean,Yellow,FAQ,2200,3211,3100,1-Nov-12
444,Buldhana,Sangrampur(Varvatbakal),Soyabean,Yellow,FAQ,2530,3125,3100,27-Oct-12
445,Buldhana,Sangrampur(Varvatbakal),Soyabean,Yellow,FAQ,3000,3100,3050,25-Oct-12
446,Buldhana,Sangrampur(Varvatbakal),Soyabean,Other,FAQ,2600,3000,2900,9-Apr-12
447,Buldhana,Sangrampur(Varvatbakal),Soyabean,Other,FAQ,2750,2900,2800,7-Apr-12
448,Buldhana,Sangrampur(Varvatbakal),Soyabean,Other,FAQ,2600,3100,2750,26-Mar-12
449,Buldhana,Sangrampur(Varvatbakal),Soyabean,Other,FAQ,2500,2750,2600,24-Mar-12
450,Buldhana,Sangrampur(Varvatbakal),Soyabean,Other,FAQ,2100,2600,2500,10-Mar-12
451,Buldhana,Sangrampur(Varvatbakal),Soyabean,Other,FAQ,2200,2350,2250,9-Feb-12
452,Buldhana,Sangrampur(Varvatbakal),Soyabean,Other,FAQ,2100,2360,2250,6-Feb-12
453,Buldhana,Sangrampur(Varvatbakal),Soyabean,Other,FAQ,2000,2370,2200,21-Jan-12
454,Buldhana,Sangrampur(Varvatbakal),Soyabean,Other,FAQ,2050,2350,2200,19-Jan-12
455,Buldhana,Sangrampur(Varvatbakal),Soyabean,Other,FAQ,2300,2350,2325,16-Jan-12
456,Buldhana,Sangrampur(Varvatbakal),Soyabean,Other,FAQ,2250,2350,2300,14-Jan-12
457,Buldhana,Sangrampur(Varvatbakal),Soyabean,Other,FAQ,2300,2360,2325,9-Jan-12
458,Buldhana,Sangrampur(Varvatbakal),Soyabean,Other,FAQ,2300,2370,2350,7-Jan-12
459,Buldhana,Sangrampur(Varvatbakal),Soyabean,Other,FAQ,2300,2370,2350,5-Jan-12
460,Buldhana,Sangrampur(Varvatbakal),Soyabean,Other,FAQ,2200,2400,2300,2-Jan-12
461,Buldhana,Sangrampur(Varvatbakal),Soyabean,Other,FAQ,2000,2450,2300,31-Dec-11
462,Buldhana,Sangrampur(Varvatbakal),Soyabean,Other,FAQ,2341,2400,2375,29-Dec-11
463,Buldhana,Sangrampur(Varvatbakal),Soyabean,Other,FAQ,2000,2100,2050,12-Sep-11
464,Buldhana,Sangrampur(Varvatbakal),Soyabean,Other,FAQ,2200,2200,2200,9-Sep-11
465,Buldhana,Sangrampur(Varvatbakal),Soyabean,Other,FAQ,2100,2350,2200,18-Jul-11
466,Buldhana,Sangrampur(Varvatbakal),Soyabean,Other,FAQ,2100,2300,2200,16-Jul-11
467,Buldhana,Sangrampur(Varvatbakal),Soyabean,Other,FAQ,1600,2150,2000,14-Jul-11
468,Buldhana,Sangrampur(Varvatbakal),Soyabean,Other,FAQ,2000,2200,2100,4-Jul-11
469,Buldhana,Sangrampur(Varvatbakal),Soyabean,Other,FAQ,2000,2200,2100,2-Jul-11
470,Buldhana,Sangrampur(Varvatbakal),Soyabean,Other,FAQ,2000,2150,2050,23-Jun-11
471,Buldhana,Sangrampur(Varvatbakal),Soyabean,Other,FAQ,2000,2110,2050,6-Jun-11
472,Buldhana,Sangrampur(Varvatbakal),Soyabean,Other,FAQ,1400,2200,2100,4-Jun-11
473,Buldhana,Sangrampur(Varvatbakal),Soyabean,Other,FAQ,2100,2150,2125,12-May-11
474,Buldhana,Sangrampur(Varvatbakal),Soyabean,Other,FAQ,2000,2200,2100,9-May-11
475,Buldhana,Sangrampur(Varvatbakal),Soyabean,Other,FAQ,2000,2161,2100,18-Apr-11
476,Buldhana,Sangrampur(Varvatbakal),Soyabean,Other,FAQ,1800,2200,2100,16-Apr-11
477,Buldhana,Sangrampur(Varvatbakal),Soyabean,Other,FAQ,1800,2200,2100,26-Mar-11
478,Buldhana,Sangrampur(Varvatbakal),Soyabean,Other,FAQ,1800,2200,2050,24-Mar-11
479,Buldhana,Sangrampur(Varvatbakal),Soyabean,Other,FAQ,1200,2200,2100,17-Mar-11
480,Buldhana,Sangrampur(Varvatbakal),Soyabean,Other,FAQ,2100,2200,2175,12-Mar-11
481,Buldhana,Sangrampur(Varvatbakal),Soyabean,Other,FAQ,1000,2270,2100,7-Mar-11
482,Buldhana,Sangrampur(Varvatbakal),Soyabean,Other,FAQ,1600,2277,2100,28-Feb-11
483,Buldhana,Sangrampur(Varvatbakal),Soyabean,Other,FAQ,2100,2300,2200,26-Feb-11
484,Buldhana,Sangrampur(Varvatbakal),Soyabean,Other,FAQ,2000,2200,2100,24-Feb-11
485,Buldhana,Sangrampur(Varvatbakal),Soyabean,Other,FAQ,2000,2300,2100,19-Feb-11
486,Buldhana,Sangrampur(Varvatbakal),Soyabean,Other,FAQ,1900,2350,2100,17-Feb-11
487,Buldhana,Sangrampur(Varvatbakal),Soyabean,Other,FAQ,1400,2300,2050,14-Feb-11
488,Buldhana,Sangrampur(Varvatbakal),Soyabean,Other,FAQ,1500,2171,2075,30-Dec-10
489,Buldhana,Sangrampur(Varvatbakal),Soyabean,Other,FAQ,1000,2150,2050,27-Dec-10
490,Buldhana,Sangrampur(Varvatbakal),Soyabean,Other,FAQ,1900,2060,1950,23-Dec-10
491,Buldhana,Sangrampur(Varvatbakal),Soyabean,Other,FAQ,1700,2011,1975,20-Dec-10
492,Buldhana,Sangrampur(Varvatbakal),Soyabean,Other,FAQ,1200,2050,1950,6-Dec-10
493,Buldhana,Sangrampur(Varvatbakal),Soyabean,Other,FAQ,1500,2051,1900,4-Dec-10
494,Buldhana,Sangrampur(Varvatbakal),Soyabean,Other,FAQ,1500,2051,1850,2-Dec-10
495,Buldhana,Sangrampur(Varvatbakal),Soyabean,Other,FAQ,1300,2000,1900,29-Nov-10
496,Buldhana,Sangrampur(Varvatbakal),Soyabean,Other,FAQ,1500,1990,1900,27-Nov-10
497,Buldhana,Sangrampur(Varvatbakal),Soyabean,Other,FAQ,1700,2071,1950,25-Nov-10
498,Buldhana,Sangrampur(Varvatbakal),Soyabean,Other,FAQ,1500,2051,1975,22-Nov-10
499,Buldhana,Sangrampur(Varvatbakal),Soyabean,Other,FAQ,1850,2000,1950,18-Nov-10
500,Buldhana,Sangrampur(Varvatbakal),Soyabean,Other,FAQ,1400,2011,1950,15-Nov-10
501,Buldhana,Sangrampur(Varvatbakal),Soyabean,Other,FAQ,1600,2035,1950,13-Nov-10
502,Buldhana,Sangrampur(Varvatbakal),Soyabean,Other,FAQ,1700,2150,2050,11-Nov-10
503,Buldhana,Sangrampur(Varvatbakal),Soyabean,Other,FAQ,1100,1941,1900,30-Oct-10
504,Buldhana,Sangrampur(Varvatbakal),Soyabean,Other,FAQ,1500,2000,1850,25-Oct-10
505,Buldhana,Sangrampur(Varvatbakal),Soyabean,Other,FAQ,1700,2000,1900,23-Oct-10
506,Buldhana,Sangrampur(Varvatbakal),Soyabean,Other,FAQ,1850,1929,1875,18-Oct-10
507,Buldhana,Sangrampur(Varvatbakal),Soyabean,Other,FAQ,1000,2000,1850,16-Oct-10
508,Buldhana,Sangrampur(Varvatbakal),Soyabean,Other,FAQ,2000,2071,2040,14-Oct-10
509,Buldhana,Sangrampur(Varvatbakal),Soyabean,Other,FAQ,1800,2005,1950,11-Oct-10
510,Buldhana,Sangrampur(Varvatbakal),Soyabean,Other,FAQ,1725,1925,1875,9-Oct-10
511,Buldhana,Sangrampur(Varvatbakal),Soyabean,Yellow,FAQ,1400,1800,1650,4-Oct-10
512,Buldhana,Sangrampur(Varvatbakal),Soyabean,Other,FAQ,1850,1900,1875,30-Sep-10
513,Buldhana,Sangrampur(Varvatbakal),Soyabean,Other,FAQ,1000,1900,1850,27-Sep-10
514,Buldhana,Sangrampur(Varvatbakal),Soyabean,Other,FAQ,1600,1900,1850,25-Sep-10
515,Buldhana,Sangrampur(Varvatbakal),Soyabean,Other,FAQ,1400,1875,1850,20-Sep-10
516,Buldhana,Sangrampur(Varvatbakal),Soyabean,Other,FAQ,1850,1900,1875,18-Sep-10
517,Buldhana,Sangrampur(Varvatbakal),Soyabean,Other,FAQ,1850,1900,1875,16-Sep-10
518,Buldhana,Sangrampur(Varvatbakal),Soyabean,Other,FAQ,1400,1925,1875,13-Sep-10
519,Buldhana,Sangrampur(Varvatbakal),Soyabean,Other,FAQ,1900,2000,1950,6-Sep-10
520,Buldhana,Sangrampur(Varvatbakal),Soyabean,Other,FAQ,1700,1921,1900,4-Sep-10
521,Buldhana,Sangrampur(Varvatbakal),Soyabean,Other,FAQ,1825,1900,1850,2-Sep-10
522,Buldhana,Sangrampur(Varvatbakal),Soyabean,Other,FAQ,1900,1950,1925,30-Aug-10
523,Buldhana,Sangrampur(Varvatbakal),Soyabean,Other,FAQ,1750,1900,1850,28-Aug-10
524,Buldhana,Sangrampur(Varvatbakal),Soyabean,Other,FAQ,1600,1900,1800,26-Aug-10
525,Buldhana,Sangrampur(Varvatbakal),Soyabean,Other,FAQ,1800,1950,1900,23-Aug-10
526,Buldhana,Sangrampur(Varvatbakal),Soyabean,Other,FAQ,1700,1950,1900,21-Aug-10
527,Buldhana,Sangrampur(Varvatbakal),Soyabean,Other,FAQ,1900,1971,1950,16-Aug-10
528,Buldhana,Sangrampur(Varvatbakal),Soyabean,Other,FAQ,1577,1961,1950,14-Aug-10
529,Buldhana,Sangrampur(Varvatbakal),Soyabean,Other,FAQ,1500,1990,1925,12-Aug-10
530,Buldhana,Sangrampur(Varvatbakal),Soyabean,Other,FAQ,1990,2000,1995,9-Aug-10
531,Buldhana,Sangrampur(Varvatbakal),Soyabean,Other,FAQ,1800,1951,1930,2-Aug-10
532,Buldhana,Sangrampur(Varvatbakal),Soyabean,Other,FAQ,1800,1931,1900,29-Jul-10
533,Buldhana,Sangrampur(Varvatbakal),Soyabean,Other,FAQ,1500,1930,1875,26-Jul-10
534,Buldhana,Sangrampur(Varvatbakal),Soyabean,Other,FAQ,1500,1951,1850,24-Jul-10
535,Buldhana,Sangrampur(Varvatbakal),Soyabean,Other,FAQ,1800,1950,1925,22-Jul-10
536,Buldhana,Sangrampur(Varvatbakal),Soyabean,Other,FAQ,1800,1912,1880,19-Jul-10
537,Buldhana,Sangrampur(Varvatbakal),Soyabean,Other,FAQ,1700,1880,1850,17-Jul-10
538,Buldhana,Sangrampur(Varvatbakal),Soyabean,Other,FAQ,1750,1850,1825,15-Jul-10
539,Buldhana,Sangrampur(Varvatbakal),Soyabean,Other,FAQ,1800,1840,1825,12-Jul-10
540,Buldhana,Sangrampur(Varvatbakal),Soyabean,Other,FAQ,1675,1850,1800,10-Jul-10
541,Buldhana,Sangrampur(Varvatbakal),Soyabean,Other,FAQ,1600,1825,1775,8-Jul-10
542,Buldhana,Sangrampur(Varvatbakal),Soyabean,Other,FAQ,1200,1875,1750,3-Jul-10
543,Buldhana,Sangrampur(Varvatbakal),Soyabean,Other,FAQ,1700,1800,1750,1-Jul-10
544,Buldhana,Sangrampur(Varvatbakal),Soyabean,Other,FAQ,1100,1811,1750,28-Jun-10
545,Buldhana,Sangrampur(Varvatbakal),Soyabean,Other,FAQ,1450,1800,1700,26-Jun-10
546,Buldhana,Sangrampur(Varvatbakal),Soyabean,Other,FAQ,1450,1800,1700,24-Jun-10
547,Buldhana,Sangrampur(Varvatbakal),Soyabean,Other,FAQ,1500,1780,1700,21-Jun-10
548,Buldhana,Sangrampur(Varvatbakal),Soyabean,Other,FAQ,1600,1775,1700,19-Jun-10
549,Buldhana,Sangrampur(Varvatbakal),Soyabean,Other,FAQ,1500,1800,1700,18-Jun-10
550,Buldhana,Sangrampur(Varvatbakal),Soyabean,Other,FAQ,1250,1800,1700,14-Jun-10
551,Buldhana,Sangrampur(Varvatbakal),Soyabean,Other,FAQ,1500,1800,1750,12-Jun-10
552,Buldhana,Sangrampur(Varvatbakal),Soyabean,Other,FAQ,1000,1820,1775,10-Jun-10
553,Buldhana,Sangrampur(Varvatbakal),Soyabean,Other,FAQ,1300,1850,1800,7-Jun-10
554,Buldhana,Sangrampur(Varvatbakal),Soyabean,Other,FAQ,1451,1861,1750,5-Jun-10
555,Buldhana,Sangrampur(Varvatbakal),Soyabean,Other,FAQ,1200,1851,1800,3-Jun-10
556,Buldhana,Sangrampur(Varvatbakal),Soyabean,Other,FAQ,1750,1830,1800,24-May-10
557,Buldhana,Sangrampur(Varvatbakal),Soyabean,Other,FAQ,1700,1825,1800,20-May-10
558,Buldhana,Sangrampur(Varvatbakal),Soyabean,Other,FAQ,1785,1800,1790,17-May-10
559,Buldhana,Sangrampur(Varvatbakal),Soyabean,Other,FAQ,1600,1800,1750,15-May-10
560,Buldhana,Sangrampur(Varvatbakal),Soyabean,Other,FAQ,1111,1840,1750,13-May-10
561,Buldhana,Sangrampur(Varvatbakal),Soyabean,Other,FAQ,1500,1875,1800,10-May-10
562,Buldhana,Sangrampur(Varvatbakal),Soyabean,Other,FAQ,1825,1935,1875,8-May-10
563,Buldhana,Sangrampur(Varvatbakal),Soyabean,Other,FAQ,1500,1863,1800,6-May-10
564,Buldhana,Sangrampur(Varvatbakal),Soyabean,Other,FAQ,1000,1870,1750,3-May-10
565,Buldhana,Sangrampur(Varvatbakal),Soyabean,Other,FAQ,1800,1870,1850,1-May-10
566,Buldhana,Sangrampur(Varvatbakal),Soyabean,Other,FAQ,1300,1875,1800,29-Apr-10
567,Buldhana,Sangrampur(Varvatbakal),Soyabean,Other,FAQ,1500,1900,1800,22-Apr-10
568,Buldhana,Sangrampur(Varvatbakal),Soyabean,Other,FAQ,1510,1850,1800,19-Apr-10
569,Buldhana,Sangrampur(Varvatbakal),Soyabean,Other,FAQ,1881,1931,1900,17-Apr-10
570,Buldhana,Sangrampur(Varvatbakal),Soyabean,Other,FAQ,1400,1915,1850,15-Apr-10
571,Buldhana,Sangrampur(Varvatbakal),Soyabean,Other,FAQ,1800,1925,1900,12-Apr-10
572,Buldhana,Sangrampur(Varvatbakal),Soyabean,Other,FAQ,1700,1950,1900,10-Apr-10
573,Buldhana,Sangrampur(Varvatbakal),Soyabean,Other,FAQ,1700,1950,1900,8-Apr-10
574,Buldhana,Sangrampur(Varvatbakal),Soyabean,Other,FAQ,1800,1925,1900,5-Apr-10
575,Buldhana,Sangrampur(Varvatbakal),Soyabean,Other,FAQ,1600,1965,1850,25-Mar-10
576,Buldhana,Sangrampur(Varvatbakal),Soyabean,Other,FAQ,1800,1901,1850,22-Mar-10
577,Buldhana,Sangrampur(Varvatbakal),Soyabean,Other,FAQ,1800,1950,1900,20-Mar-10
578,Buldhana,Sangrampur(Varvatbakal),Soyabean,Other,FAQ,1700,1924,1900,18-Mar-10
579,Buldhana,Sangrampur(Varvatbakal),Soyabean,Other,FAQ,1900,2000,1970,13-Mar-10
580,Buldhana,Sangrampur(Varvatbakal),Soyabean,Other,FAQ,1951,2001,1975,11-Mar-10
581,Buldhana,Sangrampur(Varvatbakal),Soyabean,Other,FAQ,1800,2025,2000,8-Mar-10
582,Buldhana,Sangrampur(Varvatbakal),Soyabean,Other,FAQ,1900,2020,2000,6-Mar-10
583,Buldhana,Sangrampur(Varvatbakal),Soyabean,Other,FAQ,1900,2040,2000,4-Mar-10
584,Buldhana,Sangrampur(Varvatbakal),Soyabean,Other,FAQ,2040,2055,2050,1-Mar-10
585,Buldhana,Sangrampur(Varvatbakal),Soyabean,Other,FAQ,1999,2070,2050,22-Feb-10
586,Buldhana,Sangrampur(Varvatbakal),Soyabean,Other,FAQ,1500,2051,2000,20-Feb-10
587,Buldhana,Sangrampur(Varvatbakal),Soyabean,Other,FAQ,1700,2091,2050,18-Feb-10
588,Buldhana,Sangrampur(Varvatbakal),Soyabean,Other,FAQ,1960,2091,2050,15-Feb-10
589,Buldhana,Sangrampur(Varvatbakal),Soyabean,Other,FAQ,2081,2150,2125,13-Feb-10
590,Buldhana,Sangrampur(Varvatbakal),Soyabean,Other,FAQ,2000,2100,2050,11-Feb-10
591,Buldhana,Sangrampur(Varvatbakal),Soyabean,Other,FAQ,1990,2051,2025,8-Feb-10
592,Buldhana,Sangrampur(Varvatbakal),Soyabean,Other,FAQ,2000,2050,2025,6-Feb-10
593,Buldhana,Sangrampur(Varvatbakal),Soyabean,Other,FAQ,2025,2050,2040,4-Feb-10
594,Buldhana,Sangrampur(Varvatbakal),Soyabean,Other,FAQ,1800,1881,1850,1-Feb-10
595,Buldhana,Sangrampur(Varvatbakal),Soyabean,Other,FAQ,1900,1940,1920,30-Jan-10
596,Buldhana,Sangrampur(Varvatbakal),Soyabean,Other,FAQ,1700,2030,1950,28-Jan-10
597,Buldhana,Sangrampur(Varvatbakal),Soyabean,Other,FAQ,1900,2075,2000,25-Jan-10
598,Buldhana,Sangrampur(Varvatbakal),Soyabean,Other,FAQ,1850,2125,2100,23-Jan-10
599,Buldhana,Sangrampur(Varvatbakal),Soyabean,Other,FAQ,2000,2116,2075,21-Jan-10
600,Buldhana,Sangrampur(Varvatbakal),Soyabean,Other,FAQ,2080,2150,2100,18-Jan-10
601,Buldhana,Sangrampur(Varvatbakal),Soyabean,Other,FAQ,2075,2175,2125,16-Jan-10
602,Buldhana,Sangrampur(Varvatbakal),Soyabean,Other,FAQ,2070,2250,2150,11-Jan-10
603,Buldhana,Sangrampur(Varvatbakal),Soyabean,Other,FAQ,2000,2251,2200,9-Jan-10
604,Buldhana,Sangrampur(Varvatbakal),Soyabean,Other,FAQ,2100,2300,2250,7-Jan-10
605,Buldhana,Sangrampur(Varvatbakal),Soyabean,Other,FAQ,2150,2280,2200,4-Jan-10
606,Buldhana,Sangrampur(Varvatbakal),Soyabean,Other,FAQ,1880,2280,2150,2-Jan-10
607,Buldhana,Sangrampur(Varvatbakal),Soyabean,Other,FAQ,1800,2280,2150,1-Jan-10
