"Min,Max,Modal Price from Maharashtra,Sholapur[Wheat],Barshi from 01-Jan-2010To25-Oct-2020 (Total-1262) (Total-1262)",,,,,,,,,
Sl no.,District Name,Market Name,Commodity,Variety,Grade,Min Price (Rs./Quintal),Max Price (Rs./Quintal),Modal Price (Rs./Quintal),Price Date
1,Sholapur,Barshi,Wheat,Other,FAQ,2400,3100,2400,29-Sep-20
2,Sholapur,Barshi,Wheat,Other,FAQ,2400,2400,2400,24-Aug-20
3,Sholapur,Barshi,Wheat,Other,FAQ,2400,2400,2400,20-Aug-20
4,Sholapur,Barshi,Wheat,Other,FAQ,4000,4000,4000,19-Aug-20
5,Sholapur,Barshi,Wheat,Other,FAQ,2500,2700,2500,18-Aug-20
6,Sholapur,Barshi,Wheat,Other,FAQ,2200,3000,2200,11-Aug-20
7,Sholapur,Barshi,Wheat,Other,FAQ,2800,2800,2800,8-Aug-20
8,Sholapur,Barshi,Wheat,Other,FAQ,1800,1800,1800,11-Jul-20
9,Sholapur,Barshi,Wheat,Other,FAQ,1800,2800,2500,10-Jul-20
10,Sholapur,Barshi,Wheat,Other,FAQ,1700,2800,2500,9-Jul-20
11,Sholapur,Barshi,Wheat,Other,FAQ,1700,3900,2500,8-Jul-20
12,Sholapur,Barshi,Wheat,Other,FAQ,1800,2800,2500,7-Jul-20
13,Sholapur,Barshi,Wheat,Other,FAQ,1700,2800,2500,4-Jul-20
14,Sholapur,Barshi,Wheat,Other,FAQ,1700,2800,2400,3-Jul-20
15,Sholapur,Barshi,Wheat,Other,FAQ,1700,2800,2500,2-Jul-20
16,Sholapur,Barshi,Wheat,Other,FAQ,1700,2800,2500,1-Jul-20
17,Sholapur,Barshi,Wheat,Other,FAQ,1700,3000,2600,30-Jun-20
18,Sholapur,Barshi,Wheat,Other,FAQ,1700,2800,1700,29-Jun-20
19,Sholapur,Barshi,Wheat,Other,FAQ,1700,2800,2500,27-Jun-20
20,Sholapur,Barshi,Wheat,Other,FAQ,1700,2800,2500,26-Jun-20
21,Sholapur,Barshi,Wheat,Other,FAQ,1700,2850,2500,25-Jun-20
22,Sholapur,Barshi,Wheat,Other,FAQ,1700,2800,1700,24-Jun-20
23,Sholapur,Barshi,Wheat,Other,FAQ,1700,2800,2500,22-Jun-20
24,Sholapur,Barshi,Wheat,Other,FAQ,1700,2800,2500,20-Jun-20
25,Sholapur,Barshi,Wheat,Other,FAQ,1700,2850,2500,19-Jun-20
26,Sholapur,Barshi,Wheat,Other,FAQ,1700,2800,2500,18-Jun-20
27,Sholapur,Barshi,Wheat,Other,FAQ,1700,2800,2500,17-Jun-20
28,Sholapur,Barshi,Wheat,Other,FAQ,1700,2850,2500,16-Jun-20
29,Sholapur,Barshi,Wheat,Other,FAQ,1700,2800,2600,15-Jun-20
30,Sholapur,Barshi,Wheat,Other,FAQ,1700,2800,2500,13-Jun-20
31,Sholapur,Barshi,Wheat,Other,FAQ,1700,2800,1700,12-Jun-20
32,Sholapur,Barshi,Wheat,Other,FAQ,1800,2800,1800,11-Jun-20
33,Sholapur,Barshi,Wheat,Other,FAQ,1700,2800,1800,10-Jun-20
34,Sholapur,Barshi,Wheat,Other,FAQ,1700,2850,2500,9-Jun-20
35,Sholapur,Barshi,Wheat,Other,FAQ,1700,2550,2500,8-Jun-20
36,Sholapur,Barshi,Wheat,Other,FAQ,1800,2800,2500,6-Jun-20
37,Sholapur,Barshi,Wheat,Other,FAQ,1700,2850,2500,5-Jun-20
38,Sholapur,Barshi,Wheat,Other,FAQ,1725,2800,2500,4-Jun-20
39,Sholapur,Barshi,Wheat,Other,FAQ,1800,2550,2500,3-Jun-20
40,Sholapur,Barshi,Wheat,Other,FAQ,1800,2850,1800,2-Jun-20
41,Sholapur,Barshi,Wheat,Other,FAQ,1800,2900,2600,1-Jun-20
42,Sholapur,Barshi,Wheat,Other,FAQ,1800,3000,2500,30-May-20
43,Sholapur,Barshi,Wheat,Other,FAQ,1800,2900,2550,29-May-20
44,Sholapur,Barshi,Wheat,Other,FAQ,2000,2800,2500,28-May-20
45,Sholapur,Barshi,Wheat,Other,FAQ,1800,2800,2500,27-May-20
46,Sholapur,Barshi,Wheat,Other,FAQ,1800,2800,2500,26-May-20
47,Sholapur,Barshi,Wheat,Other,FAQ,2200,2800,2500,22-May-20
48,Sholapur,Barshi,Wheat,Other,FAQ,1750,3000,2450,21-May-20
49,Sholapur,Barshi,Wheat,Other,FAQ,1775,2900,2650,20-May-20
50,Sholapur,Barshi,Wheat,Other,FAQ,2500,3000,2700,19-May-20
51,Sholapur,Barshi,Wheat,Other,FAQ,2000,3000,2500,18-May-20
52,Sholapur,Barshi,Wheat,Other,FAQ,2000,2900,2550,15-May-20
53,Sholapur,Barshi,Wheat,Other,FAQ,1800,2800,2500,13-May-20
54,Sholapur,Barshi,Wheat,Other,FAQ,2000,2850,2500,8-May-20
55,Sholapur,Barshi,Wheat,Other,FAQ,2200,2800,2750,7-Apr-20
56,Sholapur,Barshi,Wheat,Other,FAQ,1800,2700,2500,4-Apr-20
57,Sholapur,Barshi,Wheat,Other,FAQ,2000,2800,2500,3-Apr-20
58,Sholapur,Barshi,Wheat,Other,FAQ,2000,2000,2000,1-Apr-20
59,Sholapur,Barshi,Wheat,Other,FAQ,1800,2700,1800,31-Mar-20
60,Sholapur,Barshi,Wheat,Other,FAQ,1800,2500,2100,30-Mar-20
61,Sholapur,Barshi,Wheat,Other,FAQ,1700,2000,1800,17-Mar-20
62,Sholapur,Barshi,Wheat,Other,FAQ,1750,3000,1750,16-Mar-20
63,Sholapur,Barshi,Wheat,Other,FAQ,1750,2000,1900,14-Mar-20
64,Sholapur,Barshi,Wheat,Other,FAQ,1800,2200,1800,11-Mar-20
65,Sholapur,Barshi,Wheat,Other,FAQ,2300,2300,2300,9-Mar-20
66,Sholapur,Barshi,Wheat,Other,FAQ,2150,2150,2150,7-Mar-20
67,Sholapur,Barshi,Wheat,Other,FAQ,2400,2400,2400,6-Mar-20
68,Sholapur,Barshi,Wheat,Other,FAQ,2300,2300,2300,4-Mar-20
69,Sholapur,Barshi,Wheat,Other,FAQ,2200,2200,2200,3-Mar-20
70,Sholapur,Barshi,Wheat,Other,FAQ,2361,2361,2361,2-Mar-20
71,Sholapur,Barshi,Wheat,Other,FAQ,2200,2200,2200,28-Feb-20
72,Sholapur,Barshi,Wheat,Other,FAQ,2300,2300,2300,26-Feb-20
73,Sholapur,Barshi,Wheat,Other,FAQ,1900,2100,2000,25-Feb-20
74,Sholapur,Barshi,Wheat,Other,FAQ,3013,3013,3013,24-Feb-20
75,Sholapur,Barshi,Wheat,Other,FAQ,2100,2100,2100,22-Feb-20
76,Sholapur,Barshi,Wheat,Other,FAQ,1900,1950,1900,18-Feb-20
77,Sholapur,Barshi,Wheat,Other,FAQ,1900,1900,1900,17-Feb-20
78,Sholapur,Barshi,Wheat,Other,FAQ,1900,1950,1900,15-Feb-20
79,Sholapur,Barshi,Wheat,Other,FAQ,1800,2100,1850,12-Feb-20
80,Sholapur,Barshi,Wheat,Other,FAQ,1950,2100,1950,11-Feb-20
81,Sholapur,Barshi,Wheat,Other,FAQ,1850,1950,1850,10-Feb-20
82,Sholapur,Barshi,Wheat,Other,FAQ,1900,1950,1900,8-Feb-20
83,Sholapur,Barshi,Wheat,Other,FAQ,1900,2000,1900,7-Feb-20
84,Sholapur,Barshi,Wheat,Other,FAQ,1900,1900,1900,6-Feb-20
85,Sholapur,Barshi,Wheat,Other,FAQ,1900,1900,1900,5-Feb-20
86,Sholapur,Barshi,Wheat,Other,FAQ,2100,2400,2400,4-Feb-20
87,Sholapur,Barshi,Wheat,Other,FAQ,1900,1900,1900,3-Feb-20
88,Sholapur,Barshi,Wheat,Other,FAQ,1900,2000,1900,1-Feb-20
89,Sholapur,Barshi,Wheat,Other,FAQ,2500,2500,2500,30-Jan-20
90,Sholapur,Barshi,Wheat,Other,FAQ,1900,2800,1900,29-Jan-20
91,Sholapur,Barshi,Wheat,Other,FAQ,1900,2800,1950,27-Jan-20
92,Sholapur,Barshi,Wheat,Other,FAQ,1900,1900,1900,25-Jan-20
93,Sholapur,Barshi,Wheat,Other,FAQ,1900,1900,1900,1-Jan-20
94,Sholapur,Barshi,Wheat,Other,FAQ,1900,2700,2000,31-Dec-19
95,Sholapur,Barshi,Wheat,Other,FAQ,1800,1900,1800,30-Dec-19
96,Sholapur,Barshi,Wheat,Other,FAQ,1900,1900,1900,28-Dec-19
97,Sholapur,Barshi,Wheat,Other,FAQ,1925,1925,1925,27-Dec-19
98,Sholapur,Barshi,Wheat,Other,FAQ,5700,6800,6500,26-Dec-19
99,Sholapur,Barshi,Wheat,Other,FAQ,2000,2000,2000,24-Dec-19
100,Sholapur,Barshi,Wheat,Other,FAQ,1800,2700,2100,23-Dec-19
101,Sholapur,Barshi,Wheat,Other,FAQ,1800,2800,1900,21-Dec-19
102,Sholapur,Barshi,Wheat,Other,FAQ,1800,2500,2000,19-Dec-19
103,Sholapur,Barshi,Wheat,Other,FAQ,2000,2700,2000,17-Dec-19
104,Sholapur,Barshi,Wheat,Other,FAQ,1925,2600,2000,13-Dec-19
105,Sholapur,Barshi,Wheat,Other,FAQ,1900,1925,1900,12-Dec-19
106,Sholapur,Barshi,Wheat,Other,FAQ,2650,2650,2650,9-Dec-19
107,Sholapur,Barshi,Wheat,Other,FAQ,1975,1975,1975,5-Dec-19
108,Sholapur,Barshi,Wheat,Other,FAQ,1975,1975,1975,4-Dec-19
109,Sholapur,Barshi,Wheat,Other,FAQ,1975,3000,1975,16-Nov-19
110,Sholapur,Barshi,Wheat,Other,FAQ,2000,3000,2000,14-Nov-19
111,Sholapur,Barshi,Wheat,Other,FAQ,1975,2500,1975,13-Nov-19
112,Sholapur,Barshi,Wheat,Other,FAQ,2400,2400,2400,7-Nov-19
113,Sholapur,Barshi,Wheat,Other,FAQ,1975,1975,1975,5-Nov-19
114,Sholapur,Barshi,Wheat,Other,FAQ,1900,1975,1900,2-Nov-19
115,Sholapur,Barshi,Wheat,Other,FAQ,1975,1975,1975,22-Oct-19
116,Sholapur,Barshi,Wheat,Other,FAQ,2000,2000,2000,15-Oct-19
117,Sholapur,Barshi,Wheat,Other,FAQ,1975,1975,1975,7-Oct-19
118,Sholapur,Barshi,Wheat,Other,FAQ,1975,2150,1975,30-Sep-19
119,Sholapur,Barshi,Wheat,Other,FAQ,1975,1975,1975,28-Sep-19
120,Sholapur,Barshi,Wheat,Other,FAQ,1975,1975,1975,26-Sep-19
121,Sholapur,Barshi,Wheat,Other,FAQ,1975,2500,1975,23-Sep-19
122,Sholapur,Barshi,Wheat,Other,FAQ,1800,1800,1800,18-Sep-19
123,Sholapur,Barshi,Wheat,Other,FAQ,1975,1975,1975,14-Sep-19
124,Sholapur,Barshi,Wheat,Other,FAQ,1950,3100,1950,27-Aug-19
125,Sholapur,Barshi,Wheat,Other,FAQ,1875,2950,2400,24-Aug-19
126,Sholapur,Barshi,Wheat,Other,FAQ,1950,1950,1950,23-Aug-19
127,Sholapur,Barshi,Wheat,Other,FAQ,1900,2500,1900,21-Aug-19
128,Sholapur,Barshi,Wheat,Other,FAQ,2250,3500,2500,20-Aug-19
129,Sholapur,Barshi,Wheat,Other,FAQ,1850,1911,1850,19-Aug-19
130,Sholapur,Barshi,Wheat,Other,FAQ,1875,1875,1875,8-Aug-19
131,Sholapur,Barshi,Wheat,Other,FAQ,1831,1831,1831,3-Aug-19
132,Sholapur,Barshi,Wheat,Other,FAQ,1850,1850,1850,31-Jul-19
133,Sholapur,Barshi,Wheat,Other,FAQ,1835,1835,1835,24-Jul-19
134,Sholapur,Barshi,Wheat,Other,FAQ,1825,2600,1825,18-Jul-19
135,Sholapur,Barshi,Wheat,Other,FAQ,1835,1835,1835,17-Jul-19
136,Sholapur,Barshi,Wheat,Other,FAQ,1825,1825,1825,16-Jul-19
137,Sholapur,Barshi,Wheat,Other,FAQ,2650,2650,2650,13-Jul-19
138,Sholapur,Barshi,Wheat,Other,FAQ,1825,1825,1825,8-Jul-19
139,Sholapur,Barshi,Wheat,Other,FAQ,1825,2600,1825,5-Jul-19
140,Sholapur,Barshi,Wheat,Other,FAQ,1825,1825,1825,3-Jul-19
141,Sholapur,Barshi,Wheat,Other,FAQ,3000,3625,3000,29-Jun-19
142,Sholapur,Barshi,Wheat,Other,FAQ,4000,4000,4000,27-Jun-19
143,Sholapur,Barshi,Wheat,Other,FAQ,1825,2825,1825,24-Jun-19
144,Sholapur,Barshi,Wheat,Other,FAQ,1825,1825,1825,22-Jun-19
145,Sholapur,Barshi,Wheat,Other,FAQ,1801,1801,1801,21-Jun-19
146,Sholapur,Barshi,Wheat,Other,FAQ,1800,2300,1800,20-Jun-19
147,Sholapur,Barshi,Wheat,Other,FAQ,1825,2600,1825,18-Jun-19
148,Sholapur,Barshi,Wheat,Other,FAQ,1811,2900,1811,13-Jun-19
149,Sholapur,Barshi,Wheat,Other,FAQ,2750,2750,2750,12-Jun-19
150,Sholapur,Barshi,Wheat,Other,FAQ,2800,2800,2800,11-Jun-19
151,Sholapur,Barshi,Wheat,Other,FAQ,1825,1825,1825,10-Jun-19
152,Sholapur,Barshi,Wheat,Other,FAQ,1825,1825,1825,4-Jun-19
153,Sholapur,Barshi,Wheat,Other,FAQ,2600,2600,2600,31-May-19
154,Sholapur,Barshi,Wheat,Other,FAQ,1800,2631,2125,27-May-19
155,Sholapur,Barshi,Wheat,Other,FAQ,2100,2100,2100,20-May-19
156,Sholapur,Barshi,Wheat,Other,FAQ,2500,2800,2500,17-May-19
157,Sholapur,Barshi,Wheat,Other,FAQ,4300,6500,4300,16-May-19
158,Sholapur,Barshi,Wheat,Other,FAQ,1800,2500,1900,14-May-19
159,Sholapur,Barshi,Wheat,Other,FAQ,1811,1811,1811,13-May-19
160,Sholapur,Barshi,Wheat,Other,FAQ,1800,1800,1800,9-May-19
161,Sholapur,Barshi,Wheat,Other,FAQ,1825,1825,1825,7-May-19
162,Sholapur,Barshi,Wheat,Other,FAQ,1775,2850,1800,6-May-19
163,Sholapur,Barshi,Wheat,Other,FAQ,1775,1775,1775,3-May-19
164,Sholapur,Barshi,Wheat,Other,FAQ,2150,2200,2150,2-May-19
165,Sholapur,Barshi,Wheat,Other,FAQ,6800,6800,6800,30-Apr-19
166,Sholapur,Barshi,Wheat,Other,FAQ,1775,1775,1775,29-Apr-19
167,Sholapur,Barshi,Wheat,Other,FAQ,1800,1850,1800,27-Apr-19
168,Sholapur,Barshi,Wheat,Other,FAQ,4000,4000,4000,22-Apr-19
169,Sholapur,Barshi,Wheat,Other,FAQ,3500,3500,3500,20-Apr-19
170,Sholapur,Barshi,Wheat,Other,FAQ,1800,2900,2750,15-Apr-19
171,Sholapur,Barshi,Wheat,Other,FAQ,2600,2600,2600,11-Apr-19
172,Sholapur,Barshi,Wheat,Other,FAQ,2600,2800,2700,10-Apr-19
173,Sholapur,Barshi,Wheat,Bansi,FAQ,6300,6300,6300,9-Apr-19
174,Sholapur,Barshi,Wheat,Other,FAQ,1825,1825,1825,6-Apr-19
175,Sholapur,Barshi,Wheat,Other,FAQ,2950,2950,2950,4-Apr-19
176,Sholapur,Barshi,Wheat,Other,FAQ,2200,2800,2200,1-Apr-19
177,Sholapur,Barshi,Wheat,Other,FAQ,1911,2800,1911,26-Mar-19
178,Sholapur,Barshi,Wheat,Other,FAQ,1725,2800,2310,23-Mar-19
179,Sholapur,Barshi,Wheat,Other,FAQ,2800,2800,2800,20-Mar-19
180,Sholapur,Barshi,Wheat,Other,FAQ,1900,2900,2550,16-Mar-19
181,Sholapur,Barshi,Wheat,Other,FAQ,1925,2500,2050,9-Mar-19
182,Sholapur,Barshi,Wheat,Other,FAQ,1900,1900,1900,8-Mar-19
183,Sholapur,Barshi,Wheat,Other,FAQ,1950,3400,2700,26-Feb-19
184,Sholapur,Barshi,Wheat,Other,FAQ,1950,1950,1950,23-Feb-19
185,Sholapur,Barshi,Wheat,Other,FAQ,1975,2950,1975,22-Feb-19
186,Sholapur,Barshi,Wheat,Other,FAQ,1950,3000,2500,20-Feb-19
187,Sholapur,Barshi,Wheat,Other,FAQ,2500,2700,2500,18-Feb-19
188,Sholapur,Barshi,Wheat,Other,FAQ,1975,1975,1975,9-Feb-19
189,Sholapur,Barshi,Wheat,Other,FAQ,1600,2600,2000,6-Feb-19
190,Sholapur,Barshi,Wheat,Other,FAQ,2900,3000,2900,5-Feb-19
191,Sholapur,Barshi,Wheat,Other,FAQ,2000,2600,2000,2-Feb-19
192,Sholapur,Barshi,Wheat,Other,FAQ,2300,2300,2300,1-Feb-19
193,Sholapur,Barshi,Wheat,Other,FAQ,1975,1981,1975,31-Jan-19
194,Sholapur,Barshi,Wheat,Other,FAQ,1950,3040,2900,30-Jan-19
195,Sholapur,Barshi,Wheat,Other,FAQ,1975,1975,1975,29-Jan-19
196,Sholapur,Barshi,Wheat,Other,FAQ,2300,2300,2300,28-Jan-19
197,Sholapur,Barshi,Wheat,Other,FAQ,1975,3000,1975,25-Jan-19
198,Sholapur,Barshi,Wheat,Other,FAQ,1975,1975,1975,24-Jan-19
199,Sholapur,Barshi,Wheat,Other,FAQ,2650,2650,2650,23-Jan-19
200,Sholapur,Barshi,Wheat,Other,FAQ,1960,2400,1975,22-Jan-19
201,Sholapur,Barshi,Wheat,Other,FAQ,4400,4400,4400,21-Jan-19
202,Sholapur,Barshi,Wheat,Other,FAQ,1975,2300,1975,19-Jan-19
203,Sholapur,Barshi,Wheat,Other,FAQ,1500,2000,1961,16-Jan-19
204,Sholapur,Barshi,Wheat,Other,FAQ,2400,2400,2400,12-Jan-19
205,Sholapur,Barshi,Wheat,Other,FAQ,1950,2800,1950,10-Jan-19
206,Sholapur,Barshi,Wheat,Other,FAQ,2600,2600,2600,7-Jan-19
207,Sholapur,Barshi,Wheat,Other,FAQ,2800,2800,2800,3-Jan-19
208,Sholapur,Barshi,Wheat,Other,FAQ,1950,2600,1950,1-Jan-19
209,Sholapur,Barshi,Wheat,Other,FAQ,1950,1950,1950,31-Dec-18
210,Sholapur,Barshi,Wheat,Other,FAQ,1950,2800,1950,28-Dec-18
211,Sholapur,Barshi,Wheat,Other,FAQ,3500,3500,3500,26-Dec-18
212,Sholapur,Barshi,Wheat,Other,FAQ,1925,1950,1925,22-Dec-18
213,Sholapur,Barshi,Wheat,Other,FAQ,3000,3000,3000,21-Dec-18
214,Sholapur,Barshi,Wheat,Other,FAQ,1550,1550,1550,17-Dec-18
215,Sholapur,Barshi,Wheat,Other,FAQ,1900,1900,1900,15-Dec-18
216,Sholapur,Barshi,Wheat,Other,FAQ,1950,2300,1950,13-Dec-18
217,Sholapur,Barshi,Wheat,Other,FAQ,1950,1950,1950,12-Dec-18
218,Sholapur,Barshi,Wheat,Other,FAQ,1900,1925,1900,10-Dec-18
219,Sholapur,Barshi,Wheat,Other,FAQ,1900,1925,1900,8-Dec-18
220,Sholapur,Barshi,Wheat,Other,FAQ,2050,2050,2050,4-Dec-18
221,Sholapur,Barshi,Wheat,Other,FAQ,2900,2900,2900,3-Dec-18
222,Sholapur,Barshi,Wheat,Other,FAQ,1911,1925,1911,1-Dec-18
223,Sholapur,Barshi,Wheat,Other,FAQ,2950,2950,2950,29-Nov-18
224,Sholapur,Barshi,Wheat,Other,FAQ,1911,1925,1911,28-Nov-18
225,Sholapur,Barshi,Wheat,Other,FAQ,1900,1911,1900,26-Nov-18
226,Sholapur,Barshi,Wheat,Other,FAQ,1900,1925,1900,24-Nov-18
227,Sholapur,Barshi,Wheat,Other,FAQ,1900,2300,1911,22-Nov-18
228,Sholapur,Barshi,Wheat,Other,FAQ,1931,1931,1931,20-Nov-18
229,Sholapur,Barshi,Wheat,Other,FAQ,1875,3000,1921,17-Nov-18
230,Sholapur,Barshi,Wheat,Other,FAQ,1850,1850,1850,14-Nov-18
231,Sholapur,Barshi,Wheat,Other,FAQ,1900,1911,1900,12-Nov-18
232,Sholapur,Barshi,Wheat,Other,FAQ,1900,1900,1900,10-Nov-18
233,Sholapur,Barshi,Wheat,Other,FAQ,2700,3100,2700,8-Nov-18
234,Sholapur,Barshi,Wheat,Other,FAQ,2450,2450,2450,2-Nov-18
235,Sholapur,Barshi,Wheat,Other,FAQ,2100,2100,2100,1-Nov-18
236,Sholapur,Barshi,Wheat,Other,FAQ,1500,3254,2900,31-Oct-18
237,Sholapur,Barshi,Wheat,Other,FAQ,2300,2300,2300,29-Oct-18
238,Sholapur,Barshi,Wheat,Other,FAQ,2600,2600,2600,26-Oct-18
239,Sholapur,Barshi,Wheat,Other,FAQ,1881,1881,1881,23-Oct-18
240,Sholapur,Barshi,Wheat,Other,FAQ,2100,2100,2100,19-Oct-18
241,Sholapur,Barshi,Wheat,Other,FAQ,2311,2550,2375,18-Oct-18
242,Sholapur,Barshi,Wheat,Other,FAQ,2200,2200,2200,11-Oct-18
243,Sholapur,Barshi,Wheat,Other,FAQ,1850,2252,1850,10-Oct-18
244,Sholapur,Barshi,Wheat,Other,FAQ,1900,1900,1900,8-Oct-18
245,Sholapur,Barshi,Wheat,Other,FAQ,1850,2000,1850,27-Sep-18
246,Sholapur,Barshi,Wheat,Other,FAQ,1850,2200,1850,24-Sep-18
247,Sholapur,Barshi,Wheat,Other,FAQ,2301,2500,2301,22-Sep-18
248,Sholapur,Barshi,Wheat,Other,FAQ,1850,2100,2050,21-Sep-18
249,Sholapur,Barshi,Wheat,Other,FAQ,1800,2700,2200,19-Sep-18
250,Sholapur,Barshi,Wheat,Other,FAQ,1900,1900,1900,18-Apr-18
251,Sholapur,Barshi,Wheat,Other,FAQ,1900,2400,1900,17-Apr-18
252,Sholapur,Barshi,Wheat,Other,FAQ,1551,2300,1800,13-Apr-18
253,Sholapur,Barshi,Wheat,Other,FAQ,1600,2000,1600,12-Apr-18
254,Sholapur,Barshi,Wheat,Other,FAQ,1651,2410,1651,11-Apr-18
255,Sholapur,Barshi,Wheat,Other,FAQ,1550,2000,1550,10-Apr-18
256,Sholapur,Barshi,Wheat,Other,FAQ,1540,1825,1600,7-Apr-18
257,Sholapur,Barshi,Wheat,Other,FAQ,1600,2325,1900,6-Apr-18
258,Sholapur,Barshi,Wheat,Other,FAQ,1700,1900,1700,4-Apr-18
259,Sholapur,Barshi,Wheat,Other,FAQ,1800,1800,1800,3-Apr-18
260,Sholapur,Barshi,Wheat,Other,FAQ,1575,1950,1700,2-Apr-18
261,Sholapur,Barshi,Wheat,Other,FAQ,1600,1700,1600,20-Mar-18
262,Sholapur,Barshi,Wheat,Other,FAQ,1850,4000,2200,18-Mar-18
263,Sholapur,Barshi,Wheat,Other,FAQ,1800,1800,1800,13-Mar-18
264,Sholapur,Barshi,Wheat,Other,FAQ,1600,1975,1600,12-Mar-18
265,Sholapur,Barshi,Wheat,Other,FAQ,1550,1750,1550,10-Mar-18
266,Sholapur,Barshi,Wheat,Other,FAQ,1650,1650,1650,9-Mar-18
267,Sholapur,Barshi,Wheat,Other,FAQ,1500,2021,1700,7-Mar-18
268,Sholapur,Barshi,Wheat,Other,FAQ,1600,2000,1800,5-Mar-18
269,Sholapur,Barshi,Wheat,Bansi,FAQ,1700,2000,1800,1-Mar-18
270,Sholapur,Barshi,Wheat,Other,FAQ,1500,3100,2250,28-Feb-18
271,Sholapur,Barshi,Wheat,Other,FAQ,1500,1800,1600,27-Feb-18
272,Sholapur,Barshi,Wheat,Other,FAQ,1950,1950,1950,26-Feb-18
273,Sholapur,Barshi,Wheat,Other,FAQ,1900,1900,1900,24-Feb-18
274,Sholapur,Barshi,Wheat,Other,FAQ,1500,1500,1500,23-Feb-18
275,Sholapur,Barshi,Wheat,Other,FAQ,1811,1850,1811,20-Feb-18
276,Sholapur,Barshi,Wheat,Other,FAQ,1700,2000,1700,17-Feb-18
277,Sholapur,Barshi,Wheat,Other,FAQ,1600,1725,1650,16-Feb-18
278,Sholapur,Barshi,Wheat,Other,FAQ,1511,1511,1511,14-Feb-18
279,Sholapur,Barshi,Wheat,Other,FAQ,1300,1525,1300,10-Feb-18
280,Sholapur,Barshi,Wheat,Other,FAQ,1550,1600,1550,9-Feb-18
281,Sholapur,Barshi,Wheat,Other,FAQ,1600,1750,1600,8-Feb-18
282,Sholapur,Barshi,Wheat,Other,FAQ,1300,1800,1711,7-Feb-18
283,Sholapur,Barshi,Wheat,Other,FAQ,1350,1600,1350,5-Feb-18
284,Sholapur,Barshi,Wheat,Other,FAQ,1500,1700,1600,3-Feb-18
285,Sholapur,Barshi,Wheat,Other,FAQ,1100,1800,1700,2-Feb-18
286,Sholapur,Barshi,Wheat,Other,FAQ,1600,1800,1700,1-Feb-18
287,Sholapur,Barshi,Wheat,Other,FAQ,1525,1750,1700,25-Apr-17
288,Sholapur,Barshi,Wheat,Other,FAQ,1631,1631,1631,17-Nov-16
289,Sholapur,Barshi,Wheat,Other,FAQ,1625,2500,1650,16-Nov-16
290,Sholapur,Barshi,Wheat,Other,FAQ,1600,1600,1600,9-Nov-16
291,Sholapur,Barshi,Wheat,Other,FAQ,1600,2400,2200,8-Nov-16
292,Sholapur,Barshi,Wheat,Other,FAQ,1600,2450,2350,5-Nov-16
293,Sholapur,Barshi,Wheat,Other,FAQ,1600,1600,1600,4-Nov-16
294,Sholapur,Barshi,Wheat,Other,FAQ,3100,3100,3100,3-Nov-16
295,Sholapur,Barshi,Wheat,Other,FAQ,2450,2452,2452,2-Nov-16
296,Sholapur,Barshi,Wheat,Other,FAQ,1600,2700,2550,25-Oct-16
297,Sholapur,Barshi,Wheat,Other,FAQ,1600,2750,2750,24-Oct-16
298,Sholapur,Barshi,Wheat,Other,FAQ,1800,1800,1800,22-Oct-16
299,Sholapur,Barshi,Wheat,Other,FAQ,1700,2600,2600,21-Oct-16
300,Sholapur,Barshi,Wheat,Other,FAQ,1600,1600,1600,20-Oct-16
301,Sholapur,Barshi,Wheat,Other,FAQ,1600,2600,2600,18-Oct-16
302,Sholapur,Barshi,Wheat,Other,FAQ,1575,1625,1600,15-Oct-16
303,Sholapur,Barshi,Wheat,Other,FAQ,1611,1611,1611,14-Oct-16
304,Sholapur,Barshi,Wheat,Other,FAQ,2200,2500,2200,11-Oct-16
305,Sholapur,Barshi,Wheat,Other,FAQ,2200,2200,2200,10-Oct-16
306,Sholapur,Barshi,Wheat,Other,FAQ,1600,2500,2000,8-Oct-16
307,Sholapur,Barshi,Wheat,Other,FAQ,1621,1621,1621,7-Oct-16
308,Sholapur,Barshi,Wheat,Other,FAQ,1600,2400,2000,6-Oct-16
309,Sholapur,Barshi,Wheat,Other,FAQ,1600,2400,2000,5-Oct-16
310,Sholapur,Barshi,Wheat,Other,FAQ,1600,2500,2000,3-Oct-16
311,Sholapur,Barshi,Wheat,Other,FAQ,1625,1625,1625,29-Sep-16
312,Sholapur,Barshi,Wheat,Other,FAQ,1625,1625,1625,28-Sep-16
313,Sholapur,Barshi,Wheat,Other,FAQ,1611,1800,1625,27-Sep-16
314,Sholapur,Barshi,Wheat,Other,FAQ,1800,1800,1800,26-Sep-16
315,Sholapur,Barshi,Wheat,Other,FAQ,1625,2400,2050,24-Sep-16
316,Sholapur,Barshi,Wheat,Other,FAQ,2500,2500,2500,23-Sep-16
317,Sholapur,Barshi,Wheat,Other,FAQ,2500,2500,2500,19-Sep-16
318,Sholapur,Barshi,Wheat,Bansi,FAQ,2750,2750,2750,17-Sep-16
319,Sholapur,Barshi,Wheat,Other,FAQ,1600,2500,2000,17-Sep-16
320,Sholapur,Barshi,Wheat,Other,FAQ,1631,1631,1631,16-Sep-16
321,Sholapur,Barshi,Wheat,Other,FAQ,1625,1625,1625,14-Sep-16
322,Sholapur,Barshi,Wheat,Other,FAQ,1650,2650,2400,12-Sep-16
323,Sholapur,Barshi,Wheat,Other,FAQ,1621,1621,1621,10-Sep-16
324,Sholapur,Barshi,Wheat,Other,FAQ,1625,1625,1625,9-Sep-16
325,Sholapur,Barshi,Wheat,Other,FAQ,1631,2600,2100,8-Sep-16
326,Sholapur,Barshi,Wheat,Other,FAQ,2100,2100,2100,7-Sep-16
327,Sholapur,Barshi,Wheat,Other,FAQ,2100,2100,2100,6-Sep-16
328,Sholapur,Barshi,Wheat,Other,FAQ,1611,1611,1611,2-Sep-16
329,Sholapur,Barshi,Wheat,Other,FAQ,1625,2600,2000,31-Aug-16
330,Sholapur,Barshi,Wheat,Other,FAQ,1625,1625,1625,30-Aug-16
331,Sholapur,Barshi,Wheat,Other,FAQ,1611,2650,2500,29-Aug-16
332,Sholapur,Barshi,Wheat,Other,FAQ,1611,2550,1611,27-Aug-16
333,Sholapur,Barshi,Wheat,Other,FAQ,1625,2600,2600,26-Aug-16
334,Sholapur,Barshi,Wheat,Other,FAQ,1631,2150,2150,25-Aug-16
335,Sholapur,Barshi,Wheat,Other,FAQ,1611,2650,2600,24-Aug-16
336,Sholapur,Barshi,Wheat,Other,FAQ,1611,1611,1611,22-Aug-16
337,Sholapur,Barshi,Wheat,Other,FAQ,1620,1631,1631,20-Aug-16
338,Sholapur,Barshi,Wheat,Other,FAQ,1621,3000,2600,19-Aug-16
339,Sholapur,Barshi,Wheat,Other,FAQ,1611,2650,1625,18-Aug-16
340,Sholapur,Barshi,Wheat,Other,FAQ,1625,2350,2000,12-Aug-16
341,Sholapur,Barshi,Wheat,Other,FAQ,1621,2125,1800,11-Aug-16
342,Sholapur,Barshi,Wheat,Other,FAQ,1621,1621,1621,9-Aug-16
343,Sholapur,Barshi,Wheat,Other,FAQ,1621,2000,1800,8-Aug-16
344,Sholapur,Barshi,Wheat,Other,FAQ,1621,2000,1800,6-Aug-16
345,Sholapur,Barshi,Wheat,Other,FAQ,1621,2011,1900,5-Aug-16
346,Sholapur,Barshi,Wheat,Other,FAQ,1641,2200,1800,4-Aug-16
347,Sholapur,Barshi,Wheat,Other,FAQ,1611,2300,1800,3-Aug-16
348,Sholapur,Barshi,Wheat,Other,FAQ,1650,1800,1700,1-Aug-16
349,Sholapur,Barshi,Wheat,Other,FAQ,1630,2600,2200,30-Jul-16
350,Sholapur,Barshi,Wheat,Other,FAQ,1650,1650,1650,29-Jul-16
351,Sholapur,Barshi,Wheat,Other,FAQ,1630,2650,1681,26-Jul-16
352,Sholapur,Barshi,Wheat,Other,FAQ,2250,2250,2250,25-Jul-16
353,Sholapur,Barshi,Wheat,Other,FAQ,2250,2250,2250,23-Jul-16
354,Sholapur,Barshi,Wheat,Other,FAQ,1625,1625,1625,22-Jul-16
355,Sholapur,Barshi,Wheat,Other,FAQ,1600,1831,1700,7-Jul-16
356,Sholapur,Barshi,Wheat,Other,FAQ,1641,1641,1641,5-Jul-16
357,Sholapur,Barshi,Wheat,Other,FAQ,1650,2600,2180,2-Jul-16
358,Sholapur,Barshi,Wheat,Other,FAQ,1600,2230,1650,1-Jul-16
359,Sholapur,Barshi,Wheat,Other,FAQ,1500,2500,2400,30-Jun-16
360,Sholapur,Barshi,Wheat,Other,FAQ,1675,1675,1675,29-Jun-16
361,Sholapur,Barshi,Wheat,Other,FAQ,1625,2650,2400,28-Jun-16
362,Sholapur,Barshi,Wheat,Other,FAQ,1575,1650,1625,25-Jun-16
363,Sholapur,Barshi,Wheat,Other,FAQ,1750,2400,2400,24-Jun-16
364,Sholapur,Barshi,Wheat,Other,FAQ,1625,2600,2180,23-Jun-16
365,Sholapur,Barshi,Wheat,Other,FAQ,1675,1675,1675,22-Jun-16
366,Sholapur,Barshi,Wheat,Other,FAQ,1575,2575,2180,21-Jun-16
367,Sholapur,Barshi,Wheat,Other,FAQ,1600,1650,1625,20-Jun-16
368,Sholapur,Barshi,Wheat,Other,FAQ,1575,2400,2250,18-Jun-16
369,Sholapur,Barshi,Wheat,Other,FAQ,1600,1600,1600,17-Jun-16
370,Sholapur,Barshi,Wheat,Other,FAQ,1615,1631,1615,16-Jun-16
371,Sholapur,Barshi,Wheat,Other,FAQ,1575,2600,1600,15-Jun-16
372,Sholapur,Barshi,Wheat,Other,FAQ,1575,2650,2650,14-Jun-16
373,Sholapur,Barshi,Wheat,Other,FAQ,1575,2200,1800,11-Jun-16
374,Sholapur,Barshi,Wheat,Other,FAQ,1500,2000,1600,10-Jun-16
375,Sholapur,Barshi,Wheat,Other,FAQ,1575,1575,1575,9-Jun-16
376,Sholapur,Barshi,Wheat,Other,FAQ,1500,2000,1600,8-Jun-16
377,Sholapur,Barshi,Wheat,Other,FAQ,1500,1600,1550,7-Jun-16
378,Sholapur,Barshi,Wheat,Other,FAQ,1600,2600,2000,4-Jun-16
379,Sholapur,Barshi,Wheat,Other,FAQ,1575,1600,1581,3-Jun-16
380,Sholapur,Barshi,Wheat,Other,FAQ,2150,2800,2500,2-Jun-16
381,Sholapur,Barshi,Wheat,Other,FAQ,1575,1575,1575,1-Jun-16
382,Sholapur,Barshi,Wheat,Other,FAQ,1575,1575,1575,31-May-16
383,Sholapur,Barshi,Wheat,Other,FAQ,1775,2650,2650,30-May-16
384,Sholapur,Barshi,Wheat,Other,FAQ,1575,1750,1580,28-May-16
385,Sholapur,Barshi,Wheat,Other,FAQ,1581,2300,2300,27-May-16
386,Sholapur,Barshi,Wheat,Other,FAQ,1581,2600,2300,26-May-16
387,Sholapur,Barshi,Wheat,Other,FAQ,1575,1850,1580,25-May-16
388,Sholapur,Barshi,Wheat,Other,FAQ,1575,2650,2650,23-May-16
389,Sholapur,Barshi,Wheat,Other,FAQ,1600,2650,2650,20-May-16
390,Sholapur,Barshi,Wheat,Other,FAQ,1600,1600,1600,19-May-16
391,Sholapur,Barshi,Wheat,Other,FAQ,1600,1600,1600,18-May-16
392,Sholapur,Barshi,Wheat,Other,FAQ,1600,2600,1611,17-May-16
393,Sholapur,Barshi,Wheat,Other,FAQ,1600,1600,1600,16-May-16
394,Sholapur,Barshi,Wheat,Other,FAQ,1600,1600,1600,13-May-16
395,Sholapur,Barshi,Wheat,Other,FAQ,1500,1611,1600,12-May-16
396,Sholapur,Barshi,Wheat,Other,FAQ,1600,1600,1600,11-May-16
397,Sholapur,Barshi,Wheat,Other,FAQ,1600,1600,1600,10-May-16
398,Sholapur,Barshi,Wheat,Other,FAQ,1600,1650,1610,9-May-16
399,Sholapur,Barshi,Wheat,Other,FAQ,1600,2650,2500,7-May-16
400,Sholapur,Barshi,Wheat,Other,FAQ,1600,1975,1900,5-May-16
401,Sholapur,Barshi,Wheat,Other,FAQ,1585,2650,2400,4-May-16
402,Sholapur,Barshi,Wheat,Other,FAQ,1585,2650,2400,3-May-16
403,Sholapur,Barshi,Wheat,Other,FAQ,1585,1585,1585,2-May-16
404,Sholapur,Barshi,Wheat,Other,FAQ,1585,1585,1585,30-Apr-16
405,Sholapur,Barshi,Wheat,Other,FAQ,1600,2600,2400,29-Apr-16
406,Sholapur,Barshi,Wheat,Other,FAQ,1561,2500,2200,28-Apr-16
407,Sholapur,Barshi,Wheat,Other,FAQ,1561,1570,1565,27-Apr-16
408,Sholapur,Barshi,Wheat,Other,FAQ,1561,2650,1575,25-Apr-16
409,Sholapur,Barshi,Wheat,Other,FAQ,2300,2500,2300,22-Apr-16
410,Sholapur,Barshi,Wheat,Other,FAQ,1550,2450,1550,21-Apr-16
411,Sholapur,Barshi,Wheat,Other,FAQ,1570,1570,1570,20-Apr-16
412,Sholapur,Barshi,Wheat,Other,FAQ,1550,1561,1550,18-Apr-16
413,Sholapur,Barshi,Wheat,Other,FAQ,1550,2700,2100,16-Apr-16
414,Sholapur,Barshi,Wheat,Other,FAQ,2500,2500,2500,12-Apr-16
415,Sholapur,Barshi,Wheat,Other,FAQ,1461,1561,1550,11-Apr-16
416,Sholapur,Barshi,Wheat,Other,FAQ,1565,6250,2500,9-Apr-16
417,Sholapur,Barshi,Wheat,Other,FAQ,1561,3150,2300,6-Apr-16
418,Sholapur,Barshi,Wheat,Other,FAQ,1575,5000,1600,5-Apr-16
419,Sholapur,Barshi,Wheat,Other,FAQ,1575,2700,2600,1-Apr-16
420,Sholapur,Barshi,Wheat,Other,FAQ,1575,1600,1575,29-Mar-16
421,Sholapur,Barshi,Wheat,Other,FAQ,1575,2000,1800,26-Mar-16
422,Sholapur,Barshi,Wheat,Other,FAQ,1575,2000,1700,23-Mar-16
423,Sholapur,Barshi,Wheat,Other,FAQ,1575,1611,1580,22-Mar-16
424,Sholapur,Barshi,Wheat,Other,FAQ,1575,2100,1600,21-Mar-16
425,Sholapur,Barshi,Wheat,Other,FAQ,2400,2400,2400,18-Mar-16
426,Sholapur,Barshi,Wheat,Other,FAQ,1600,1600,1600,17-Mar-16
427,Sholapur,Barshi,Wheat,Other,FAQ,1625,2100,2000,16-Mar-16
428,Sholapur,Barshi,Wheat,Other,FAQ,1625,1625,1625,15-Mar-16
429,Sholapur,Barshi,Wheat,Other,FAQ,1611,2300,2000,14-Mar-16
430,Sholapur,Barshi,Wheat,Other,FAQ,1625,1625,1625,12-Mar-16
431,Sholapur,Barshi,Wheat,Other,FAQ,1611,2180,2000,11-Mar-16
432,Sholapur,Barshi,Wheat,Other,FAQ,1575,2000,1900,10-Mar-16
433,Sholapur,Barshi,Wheat,Other,FAQ,2000,2000,2000,8-Mar-16
434,Sholapur,Barshi,Wheat,Other,FAQ,2500,2500,2500,4-Mar-16
435,Sholapur,Barshi,Wheat,Other,FAQ,1611,1611,1611,3-Mar-16
436,Sholapur,Barshi,Wheat,Other,FAQ,1600,2500,1650,2-Mar-16
437,Sholapur,Barshi,Wheat,Other,FAQ,1611,1611,1611,1-Mar-16
438,Sholapur,Barshi,Wheat,Other,FAQ,1611,2100,2000,27-Feb-16
439,Sholapur,Barshi,Wheat,Other,FAQ,1600,1600,1600,26-Feb-16
440,Sholapur,Barshi,Wheat,Other,FAQ,1700,1700,1700,25-Feb-16
441,Sholapur,Barshi,Wheat,Other,FAQ,2400,2400,2400,24-Feb-16
442,Sholapur,Barshi,Wheat,Other,FAQ,1575,1575,1575,23-Feb-16
443,Sholapur,Barshi,Wheat,Other,FAQ,1575,1575,1575,22-Feb-16
444,Sholapur,Barshi,Wheat,Other,FAQ,1600,1600,1600,20-Feb-16
445,Sholapur,Barshi,Wheat,Other,FAQ,1600,1600,1600,18-Feb-16
446,Sholapur,Barshi,Wheat,Other,FAQ,1611,2800,2100,17-Feb-16
447,Sholapur,Barshi,Wheat,Other,FAQ,1600,2200,1610,16-Feb-16
448,Sholapur,Barshi,Wheat,Other,FAQ,1575,1575,1575,15-Feb-16
449,Sholapur,Barshi,Wheat,Other,FAQ,1600,1600,1600,12-Feb-16
450,Sholapur,Barshi,Wheat,Other,FAQ,1600,2100,1900,10-Feb-16
451,Sholapur,Barshi,Wheat,Other,FAQ,2000,2000,2000,9-Feb-16
452,Sholapur,Barshi,Wheat,Other,FAQ,1500,2300,1900,6-Feb-16
453,Sholapur,Barshi,Wheat,Other,FAQ,1575,1575,1575,3-Feb-16
454,Sholapur,Barshi,Wheat,Other,FAQ,1500,1611,1575,2-Feb-16
455,Sholapur,Barshi,Wheat,Other,FAQ,1400,1575,1500,30-Jan-16
456,Sholapur,Barshi,Wheat,Other,FAQ,1585,2700,2000,29-Jan-16
457,Sholapur,Barshi,Wheat,Other,FAQ,1575,1575,1575,28-Jan-16
458,Sholapur,Barshi,Wheat,Other,FAQ,1575,1575,1575,27-Jan-16
459,Sholapur,Barshi,Wheat,Other,FAQ,1500,1800,1575,25-Jan-16
460,Sholapur,Barshi,Wheat,Other,FAQ,1575,2325,2000,23-Jan-16
461,Sholapur,Barshi,Wheat,Other,FAQ,1550,1950,1625,22-Jan-16
462,Sholapur,Barshi,Wheat,Other,FAQ,1561,2000,2000,21-Jan-16
463,Sholapur,Barshi,Wheat,Other,FAQ,1575,2400,2200,20-Jan-16
464,Sholapur,Barshi,Wheat,Other,FAQ,1581,2000,1750,19-Jan-16
465,Sholapur,Barshi,Wheat,Other,FAQ,1575,1575,1575,18-Jan-16
466,Sholapur,Barshi,Wheat,Other,FAQ,1400,1800,1600,16-Jan-16
467,Sholapur,Barshi,Wheat,Other,FAQ,1550,2325,2000,14-Jan-16
468,Sholapur,Barshi,Wheat,Other,FAQ,3000,3100,3000,13-Jan-16
469,Sholapur,Barshi,Wheat,Other,FAQ,1625,1900,1900,11-Jan-16
470,Sholapur,Barshi,Wheat,Other,FAQ,1550,1575,1561,8-Jan-16
471,Sholapur,Barshi,Wheat,Other,FAQ,1571,2500,1600,7-Jan-16
472,Sholapur,Barshi,Wheat,Other,FAQ,1500,2051,2051,6-Jan-16
473,Sholapur,Barshi,Wheat,Other,FAQ,1500,1750,1600,2-Jan-16
474,Sholapur,Barshi,Wheat,Other,FAQ,3550,3550,3550,1-Jan-16
475,Sholapur,Barshi,Wheat,Other,FAQ,1550,2300,2000,31-Dec-15
476,Sholapur,Barshi,Wheat,Other,FAQ,1575,2050,1600,28-Dec-15
477,Sholapur,Barshi,Wheat,Other,FAQ,1550,2500,1565,23-Dec-15
478,Sholapur,Barshi,Wheat,Other,FAQ,1400,1571,1550,22-Dec-15
479,Sholapur,Barshi,Wheat,Other,FAQ,1561,1561,1561,21-Dec-15
480,Sholapur,Barshi,Wheat,Other,FAQ,1400,1575,1500,19-Dec-15
481,Sholapur,Barshi,Wheat,Other,FAQ,1550,1575,1550,18-Dec-15
482,Sholapur,Barshi,Wheat,Other,FAQ,1561,2300,2200,17-Dec-15
483,Sholapur,Barshi,Wheat,Other,FAQ,1560,1560,1560,16-Dec-15
484,Sholapur,Barshi,Wheat,Other,FAQ,1561,2401,2000,15-Dec-15
485,Sholapur,Barshi,Wheat,Other,FAQ,1540,1575,1570,14-Dec-15
486,Sholapur,Barshi,Wheat,Other,FAQ,1550,2300,1550,12-Dec-15
487,Sholapur,Barshi,Wheat,Other,FAQ,1550,1561,1560,10-Dec-15
488,Sholapur,Barshi,Wheat,Other,FAQ,1525,1650,1600,9-Dec-15
489,Sholapur,Barshi,Wheat,Other,FAQ,1540,2300,2261,8-Dec-15
490,Sholapur,Barshi,Wheat,Other,FAQ,1540,2300,1541,7-Dec-15
491,Sholapur,Barshi,Wheat,Other,FAQ,1521,2250,1550,5-Dec-15
492,Sholapur,Barshi,Wheat,Other,FAQ,1500,1500,1500,3-Dec-15
493,Sholapur,Barshi,Wheat,Other,FAQ,1525,2350,1525,1-Dec-15
494,Sholapur,Barshi,Wheat,Other,FAQ,1525,1700,1600,30-Nov-15
495,Sholapur,Barshi,Wheat,Other,FAQ,1525,2200,1850,28-Nov-15
496,Sholapur,Barshi,Wheat,Other,FAQ,1500,1525,1511,27-Nov-15
497,Sholapur,Barshi,Wheat,Other,FAQ,1511,2550,1525,26-Nov-15
498,Sholapur,Barshi,Wheat,Other,FAQ,1511,1521,1515,24-Nov-15
499,Sholapur,Barshi,Wheat,Other,FAQ,3501,3501,3501,23-Nov-15
500,Sholapur,Barshi,Wheat,Other,FAQ,1511,1535,1525,19-Nov-15
501,Sholapur,Barshi,Wheat,Other,FAQ,1500,1850,1525,18-Nov-15
502,Sholapur,Barshi,Wheat,Other,FAQ,1500,1525,1501,17-Nov-15
503,Sholapur,Barshi,Wheat,Other,FAQ,1511,2300,1525,16-Nov-15
504,Sholapur,Barshi,Wheat,Other,FAQ,1475,1511,1500,14-Nov-15
505,Sholapur,Barshi,Wheat,Other,FAQ,1521,1521,1521,12-Nov-15
506,Sholapur,Barshi,Wheat,Other,FAQ,1475,1800,1600,7-Nov-15
507,Sholapur,Barshi,Wheat,Other,FAQ,1500,1976,1525,6-Nov-15
508,Sholapur,Barshi,Wheat,Other,FAQ,1500,1511,1511,5-Nov-15
509,Sholapur,Barshi,Wheat,Other,FAQ,1500,1675,1525,4-Nov-15
510,Sholapur,Barshi,Wheat,Other,FAQ,1511,2200,1600,3-Nov-15
511,Sholapur,Barshi,Wheat,Other,FAQ,1500,1600,1511,2-Nov-15
512,Sholapur,Barshi,Wheat,Other,FAQ,1500,2250,1600,31-Oct-15
513,Sholapur,Barshi,Wheat,Other,FAQ,1450,1800,1511,30-Oct-15
514,Sholapur,Barshi,Wheat,Other,FAQ,1500,1500,1500,29-Oct-15
515,Sholapur,Barshi,Wheat,Other,FAQ,1500,1500,1500,28-Oct-15
516,Sholapur,Barshi,Wheat,Other,FAQ,1500,3100,1600,27-Oct-15
517,Sholapur,Barshi,Wheat,Other,FAQ,1500,1525,1500,23-Oct-15
518,Sholapur,Barshi,Wheat,Other,FAQ,1700,2300,1700,22-Oct-15
519,Sholapur,Barshi,Wheat,Other,FAQ,1511,2450,1750,21-Oct-15
520,Sholapur,Barshi,Wheat,Other,FAQ,1475,1475,1475,20-Oct-15
521,Sholapur,Barshi,Wheat,Other,FAQ,1485,1900,1812,16-Oct-15
522,Sholapur,Barshi,Wheat,Other,FAQ,1400,2300,1600,15-Oct-15
523,Sholapur,Barshi,Wheat,Other,FAQ,1475,2600,2000,14-Oct-15
524,Sholapur,Barshi,Wheat,Other,FAQ,1500,1914,1500,13-Oct-15
525,Sholapur,Barshi,Wheat,Other,FAQ,1475,2000,1700,10-Oct-15
526,Sholapur,Barshi,Wheat,Other,FAQ,1400,1600,1500,9-Oct-15
527,Sholapur,Barshi,Wheat,Other,FAQ,1465,1975,1511,7-Oct-15
528,Sholapur,Barshi,Wheat,Other,FAQ,1475,1785,1480,6-Oct-15
529,Sholapur,Barshi,Wheat,Other,FAQ,1475,1800,1600,5-Oct-15
530,Sholapur,Barshi,Wheat,Other,FAQ,1485,1485,1485,3-Oct-15
531,Sholapur,Barshi,Wheat,Other,FAQ,1471,2200,1491,1-Oct-15
532,Sholapur,Barshi,Wheat,Other,FAQ,1475,2111,2100,30-Sep-15
533,Sholapur,Barshi,Wheat,Other,FAQ,1475,1600,1475,29-Sep-15
534,Sholapur,Barshi,Wheat,Other,FAQ,1485,1485,1485,28-Sep-15
535,Sholapur,Barshi,Wheat,Other,FAQ,1550,2650,2200,26-Sep-15
536,Sholapur,Barshi,Wheat,Other,FAQ,1470,4600,1475,24-Sep-15
537,Sholapur,Barshi,Wheat,Other,FAQ,1425,2450,1900,22-Sep-15
538,Sholapur,Barshi,Wheat,Other,FAQ,1475,2450,1900,21-Sep-15
539,Sholapur,Barshi,Wheat,Other,FAQ,1475,1475,1475,19-Sep-15
540,Sholapur,Barshi,Wheat,Other,FAQ,1470,2500,2300,18-Sep-15
541,Sholapur,Barshi,Wheat,Other,FAQ,1461,1481,1461,16-Sep-15
542,Sholapur,Barshi,Wheat,Other,FAQ,1450,1700,1500,15-Sep-15
543,Sholapur,Barshi,Wheat,Other,FAQ,1425,2500,2300,14-Sep-15
544,Sholapur,Barshi,Wheat,Other,FAQ,1460,2150,2000,11-Sep-15
545,Sholapur,Barshi,Wheat,Other,FAQ,1475,1600,1481,10-Sep-15
546,Sholapur,Barshi,Wheat,Other,FAQ,1500,2060,1800,8-Sep-15
547,Sholapur,Barshi,Wheat,Other,FAQ,1450,1700,1475,5-Sep-15
548,Sholapur,Barshi,Wheat,Other,FAQ,1475,2600,1950,4-Sep-15
549,Sholapur,Barshi,Wheat,Other,FAQ,1450,2500,2100,3-Sep-15
550,Sholapur,Barshi,Wheat,Other,FAQ,1450,1700,1600,2-Sep-15
551,Sholapur,Barshi,Wheat,Other,FAQ,1475,2100,1481,1-Sep-15
552,Sholapur,Barshi,Wheat,Other,FAQ,1481,2411,1900,31-Aug-15
553,Sholapur,Barshi,Wheat,Other,FAQ,1475,2600,2200,26-Aug-15
554,Sholapur,Barshi,Wheat,Other,FAQ,1475,2411,2100,25-Aug-15
555,Sholapur,Barshi,Wheat,Other,FAQ,1650,1650,1650,24-Aug-15
556,Sholapur,Barshi,Wheat,Other,FAQ,1501,2100,1900,22-Aug-15
557,Sholapur,Barshi,Wheat,Other,FAQ,1650,2200,1711,21-Aug-15
558,Sholapur,Barshi,Wheat,Other,FAQ,1475,2200,1750,20-Aug-15
559,Sholapur,Barshi,Wheat,Other,FAQ,1475,2150,2050,19-Aug-15
560,Sholapur,Barshi,Wheat,Other,FAQ,1481,4000,1825,17-Aug-15
561,Sholapur,Barshi,Wheat,Other,FAQ,1457,1475,1475,13-Aug-15
562,Sholapur,Barshi,Wheat,Other,FAQ,1450,1450,1450,12-Aug-15
563,Sholapur,Barshi,Wheat,Other,FAQ,1461,2000,1500,11-Aug-15
564,Sholapur,Barshi,Wheat,Other,FAQ,1400,1800,1461,10-Aug-15
565,Sholapur,Barshi,Wheat,Other,FAQ,1461,1800,1700,8-Aug-15
566,Sholapur,Barshi,Wheat,Other,FAQ,1481,2100,1900,7-Aug-15
567,Sholapur,Barshi,Wheat,Other,FAQ,1425,2600,1800,6-Aug-15
568,Sholapur,Barshi,Wheat,Other,FAQ,1450,3200,3100,5-Aug-15
569,Sholapur,Barshi,Wheat,Other,FAQ,1450,2150,1700,4-Aug-15
570,Sholapur,Barshi,Wheat,Other,FAQ,1450,2000,1500,3-Aug-15
571,Sholapur,Barshi,Wheat,Other,FAQ,1461,1461,1461,1-Aug-15
572,Sholapur,Barshi,Wheat,Other,FAQ,1400,1800,1600,29-Jul-15
573,Sholapur,Barshi,Wheat,Other,FAQ,1425,2500,1650,25-Jul-15
574,Sholapur,Barshi,Wheat,Other,FAQ,1431,1850,1750,24-Jul-15
575,Sholapur,Barshi,Wheat,Other,FAQ,1450,2100,1611,23-Jul-15
576,Sholapur,Barshi,Wheat,Other,FAQ,1425,1425,1425,22-Jul-15
577,Sholapur,Barshi,Wheat,Other,FAQ,1431,2100,1900,21-Jul-15
578,Sholapur,Barshi,Wheat,Other,FAQ,1450,1450,1450,20-Jul-15
579,Sholapur,Barshi,Wheat,Other,FAQ,1400,2900,2500,17-Jul-15
580,Sholapur,Barshi,Wheat,Other,FAQ,1441,2400,2100,15-Jul-15
581,Sholapur,Barshi,Wheat,Other,FAQ,1425,2500,2000,14-Jul-15
582,Sholapur,Barshi,Wheat,Other,FAQ,1425,1650,1425,13-Jul-15
583,Sholapur,Barshi,Wheat,Other,FAQ,1500,2100,1600,11-Jul-15
584,Sholapur,Barshi,Wheat,Other,FAQ,1500,2500,1700,10-Jul-15
585,Sholapur,Barshi,Wheat,Other,FAQ,1411,2200,1700,9-Jul-15
586,Sholapur,Barshi,Wheat,Other,FAQ,1450,3450,2000,8-Jul-15
587,Sholapur,Barshi,Wheat,Other,FAQ,1425,5000,1600,7-Jul-15
588,Sholapur,Barshi,Wheat,Other,FAQ,1425,2400,1525,6-Jul-15
589,Sholapur,Barshi,Wheat,Other,FAQ,1425,1600,1500,4-Jul-15
590,Sholapur,Barshi,Wheat,Other,FAQ,1425,2500,1600,3-Jul-15
591,Sholapur,Barshi,Wheat,Other,FAQ,1400,1435,1425,2-Jul-15
592,Sholapur,Barshi,Wheat,Other,FAQ,1431,2450,1725,1-Jul-15
593,Sholapur,Barshi,Wheat,Other,FAQ,1425,1600,1500,30-Jun-15
594,Sholapur,Barshi,Wheat,Other,FAQ,1425,1425,1425,29-Jun-15
595,Sholapur,Barshi,Wheat,Other,FAQ,1400,1900,1600,27-Jun-15
596,Sholapur,Barshi,Wheat,Other,FAQ,1425,2000,1850,25-Jun-15
597,Sholapur,Barshi,Wheat,Other,FAQ,1425,2400,1800,24-Jun-15
598,Sholapur,Barshi,Wheat,Other,FAQ,1421,2250,1700,23-Jun-15
599,Sholapur,Barshi,Wheat,Other,FAQ,1425,1800,1500,22-Jun-15
600,Sholapur,Barshi,Wheat,Other,FAQ,1411,2500,2000,20-Jun-15
601,Sholapur,Barshi,Wheat,Other,FAQ,1411,2500,2000,19-Jun-15
602,Sholapur,Barshi,Wheat,Other,FAQ,1700,1700,1700,18-Jun-15
603,Sholapur,Barshi,Wheat,Other,FAQ,1425,2400,2000,17-Jun-15
604,Sholapur,Barshi,Wheat,Other,FAQ,1400,2300,1425,15-Jun-15
605,Sholapur,Barshi,Wheat,Other,FAQ,1425,2500,2000,13-Jun-15
606,Sholapur,Barshi,Wheat,Other,FAQ,1425,2500,2200,12-Jun-15
607,Sholapur,Barshi,Wheat,Other,FAQ,1500,2500,2400,10-Jun-15
608,Sholapur,Barshi,Wheat,Other,FAQ,1425,1825,1600,9-Jun-15
609,Sholapur,Barshi,Wheat,Other,FAQ,2900,2900,2900,8-Jun-15
610,Sholapur,Barshi,Wheat,Other,FAQ,1425,1425,1425,6-Jun-15
611,Sholapur,Barshi,Wheat,Other,FAQ,1425,1800,1700,5-Jun-15
612,Sholapur,Barshi,Wheat,Other,FAQ,1425,2100,2000,4-Jun-15
613,Sholapur,Barshi,Wheat,Other,FAQ,1421,3000,2500,3-Jun-15
614,Sholapur,Barshi,Wheat,Other,FAQ,1425,1900,1750,2-Jun-15
615,Sholapur,Barshi,Wheat,Other,FAQ,1425,2000,1800,1-Jun-15
616,Sholapur,Barshi,Wheat,Other,FAQ,1400,2000,1550,30-May-15
617,Sholapur,Barshi,Wheat,Other,FAQ,1425,1650,1500,29-May-15
618,Sholapur,Barshi,Wheat,Other,FAQ,1400,1700,1600,28-May-15
619,Sholapur,Barshi,Wheat,Other,FAQ,1401,1500,1450,26-May-15
620,Sholapur,Barshi,Wheat,Other,FAQ,1425,2850,2500,23-May-15
621,Sholapur,Barshi,Wheat,Other,FAQ,1411,1450,1425,22-May-15
622,Sholapur,Barshi,Wheat,Other,FAQ,1401,2000,1800,21-May-15
623,Sholapur,Barshi,Wheat,Other,FAQ,1800,3000,2700,20-May-15
624,Sholapur,Barshi,Wheat,Other,FAQ,1411,2700,1600,19-May-15
625,Sholapur,Barshi,Wheat,Other,FAQ,1700,2800,2700,16-May-15
626,Sholapur,Barshi,Wheat,Other,FAQ,1400,1400,1400,11-May-15
627,Sholapur,Barshi,Wheat,Other,FAQ,1525,2900,2100,8-May-15
628,Sholapur,Barshi,Wheat,Other,FAQ,1800,3450,3450,6-May-15
629,Sholapur,Barshi,Wheat,Other,FAQ,1400,1800,1400,5-May-15
630,Sholapur,Barshi,Wheat,Other,FAQ,1400,1400,1400,2-May-15
631,Sholapur,Barshi,Wheat,Other,FAQ,1800,3000,2000,30-Apr-15
632,Sholapur,Barshi,Wheat,Other,FAQ,1400,2000,1800,29-Apr-15
633,Sholapur,Barshi,Wheat,Other,FAQ,2250,2400,2300,27-Apr-15
634,Sholapur,Barshi,Wheat,Other,FAQ,1450,2200,1450,25-Apr-15
635,Sholapur,Barshi,Wheat,Other,FAQ,1400,2200,1650,23-Apr-15
636,Sholapur,Barshi,Wheat,Other,FAQ,2611,4000,2750,21-Apr-15
637,Sholapur,Barshi,Wheat,Other,FAQ,1400,2800,2100,17-Apr-15
638,Sholapur,Barshi,Wheat,Other,FAQ,1400,2100,1400,16-Apr-15
639,Sholapur,Barshi,Wheat,Other,FAQ,1700,2500,2100,15-Apr-15
640,Sholapur,Barshi,Wheat,Other,FAQ,2100,2700,2500,11-Apr-15
641,Sholapur,Barshi,Wheat,Other,FAQ,1450,2300,1650,1-Apr-15
642,Sholapur,Barshi,Wheat,Other,FAQ,1400,2500,1600,30-Mar-15
643,Sholapur,Barshi,Wheat,Other,FAQ,1450,1750,1650,27-Mar-15
644,Sholapur,Barshi,Wheat,Other,FAQ,1400,2450,2200,26-Mar-15
645,Sholapur,Barshi,Wheat,Other,FAQ,1415,2200,1600,25-Mar-15
646,Sholapur,Barshi,Wheat,Other,FAQ,1400,2600,2200,24-Mar-15
647,Sholapur,Barshi,Wheat,Other,FAQ,1600,1600,1600,23-Mar-15
648,Sholapur,Barshi,Wheat,Other,FAQ,1415,2000,1800,21-Mar-15
649,Sholapur,Barshi,Wheat,Other,FAQ,1931,1931,1931,18-Mar-15
650,Sholapur,Barshi,Wheat,Other,FAQ,1515,1875,1800,17-Mar-15
651,Sholapur,Barshi,Wheat,Other,FAQ,1450,1450,1450,16-Mar-15
652,Sholapur,Barshi,Wheat,Other,FAQ,1425,2300,1500,14-Mar-15
653,Sholapur,Barshi,Wheat,Other,FAQ,1411,2500,2300,13-Mar-15
654,Sholapur,Barshi,Wheat,Other,FAQ,1400,2451,1500,12-Mar-15
655,Sholapur,Barshi,Wheat,Other,FAQ,1500,2451,1975,9-Mar-15
656,Sholapur,Barshi,Wheat,Other,FAQ,1700,2450,1800,7-Mar-15
657,Sholapur,Barshi,Wheat,Other,FAQ,1425,1725,1525,5-Mar-15
658,Sholapur,Barshi,Wheat,Other,FAQ,1750,1750,1750,3-Mar-15
659,Sholapur,Barshi,Wheat,Other,FAQ,1751,2271,2000,2-Mar-15
660,Sholapur,Barshi,Wheat,Other,FAQ,1525,2500,1550,28-Feb-15
661,Sholapur,Barshi,Wheat,Other,FAQ,1500,1500,1500,27-Feb-15
662,Sholapur,Barshi,Wheat,Other,FAQ,1520,2425,2200,26-Feb-15
663,Sholapur,Barshi,Wheat,Other,FAQ,1500,2012,1900,25-Feb-15
664,Sholapur,Barshi,Wheat,Other,FAQ,1500,2016,1900,24-Feb-15
665,Sholapur,Barshi,Wheat,Other,FAQ,1500,2251,1500,16-Feb-15
666,Sholapur,Barshi,Wheat,Other,FAQ,1500,2100,1700,13-Feb-15
667,Sholapur,Barshi,Wheat,Other,FAQ,1500,2000,1600,12-Feb-15
668,Sholapur,Barshi,Wheat,Other,FAQ,1400,1700,1500,10-Feb-15
669,Sholapur,Barshi,Wheat,Other,FAQ,1475,1500,1475,5-Feb-15
670,Sholapur,Barshi,Wheat,Other,FAQ,1475,1475,1475,4-Feb-15
671,Sholapur,Barshi,Wheat,Other,FAQ,1500,1951,1700,3-Feb-15
672,Sholapur,Barshi,Wheat,Other,FAQ,1471,2300,1500,2-Feb-15
673,Sholapur,Barshi,Wheat,Other,FAQ,1500,1700,1600,31-Jan-15
674,Sholapur,Barshi,Wheat,Other,FAQ,1400,2100,1500,30-Jan-15
675,Sholapur,Barshi,Wheat,Other,FAQ,1400,1801,1500,29-Jan-15
676,Sholapur,Barshi,Wheat,Other,FAQ,1471,2300,1500,28-Jan-15
677,Sholapur,Barshi,Wheat,Other,FAQ,1550,1800,1700,27-Jan-15
678,Sholapur,Barshi,Wheat,Other,FAQ,1500,2150,1800,19-Jan-15
679,Sholapur,Barshi,Wheat,Other,FAQ,1500,2400,1700,16-Jan-15
680,Sholapur,Barshi,Wheat,Other,FAQ,1461,1700,1600,29-Dec-14
681,Sholapur,Barshi,Wheat,Other,FAQ,1461,1675,1475,27-Dec-14
682,Sholapur,Barshi,Wheat,Other,FAQ,1550,1650,1600,23-Dec-14
683,Sholapur,Barshi,Wheat,Other,FAQ,1461,1651,1625,20-Dec-14
684,Sholapur,Barshi,Wheat,Other,FAQ,1550,2250,2100,19-Dec-14
685,Sholapur,Barshi,Wheat,Other,FAQ,1450,1450,1450,17-Dec-14
686,Sholapur,Barshi,Wheat,Other,FAQ,1450,2200,2000,6-Dec-14
687,Sholapur,Barshi,Wheat,Other,FAQ,1450,1800,1675,5-Dec-14
688,Sholapur,Barshi,Wheat,Other,FAQ,1450,2100,1900,4-Dec-14
689,Sholapur,Barshi,Wheat,Other,FAQ,1475,1700,1600,28-Nov-14
690,Sholapur,Barshi,Wheat,Other,FAQ,1470,1700,1475,26-Nov-14
691,Sholapur,Barshi,Wheat,Other,FAQ,1481,1700,1490,25-Nov-14
692,Sholapur,Barshi,Wheat,Other,FAQ,1475,1475,1475,24-Nov-14
693,Sholapur,Barshi,Wheat,Other,FAQ,1475,1475,1475,22-Nov-14
694,Sholapur,Barshi,Wheat,Other,FAQ,1475,1500,1500,21-Nov-14
695,Sholapur,Barshi,Wheat,Other,FAQ,1475,1475,1475,19-Nov-14
696,Sholapur,Barshi,Wheat,Other,FAQ,1500,1500,1500,18-Nov-14
697,Sholapur,Barshi,Wheat,Other,FAQ,1500,2000,1600,14-Nov-14
698,Sholapur,Barshi,Wheat,Other,FAQ,1475,2200,1500,12-Nov-14
699,Sholapur,Barshi,Wheat,Other,FAQ,1475,1490,1480,11-Nov-14
700,Sholapur,Barshi,Wheat,Other,FAQ,1475,1611,1500,10-Nov-14
701,Sholapur,Barshi,Wheat,Other,FAQ,1475,1475,1475,30-Oct-14
702,Sholapur,Barshi,Wheat,Other,FAQ,1450,2000,1900,4-Oct-14
703,Sholapur,Barshi,Wheat,Other,FAQ,1500,1700,1500,3-Oct-14
704,Sholapur,Barshi,Wheat,Other,FAQ,1500,1700,1525,1-Oct-14
705,Sholapur,Barshi,Wheat,Other,FAQ,1411,1700,1525,30-Sep-14
706,Sholapur,Barshi,Wheat,Other,FAQ,1511,1511,1511,29-Sep-14
707,Sholapur,Barshi,Wheat,Other,FAQ,1525,1525,1525,27-Sep-14
708,Sholapur,Barshi,Wheat,Other,FAQ,1400,1700,1525,26-Sep-14
709,Sholapur,Barshi,Wheat,Other,FAQ,1525,1700,1525,20-Sep-14
710,Sholapur,Barshi,Wheat,Other,FAQ,1500,1550,1525,19-Sep-14
711,Sholapur,Barshi,Wheat,Other,FAQ,1550,2500,1800,18-Sep-14
712,Sholapur,Barshi,Wheat,Other,FAQ,1525,2600,1541,17-Sep-14
713,Sholapur,Barshi,Wheat,Other,FAQ,1535,1700,1550,16-Sep-14
714,Sholapur,Barshi,Wheat,Other,FAQ,1500,1541,1535,15-Sep-14
715,Sholapur,Barshi,Wheat,Other,FAQ,1525,1551,1531,13-Sep-14
716,Sholapur,Barshi,Wheat,Other,FAQ,1500,1561,1551,12-Sep-14
717,Sholapur,Barshi,Wheat,Other,FAQ,1550,1725,1551,11-Sep-14
718,Sholapur,Barshi,Wheat,Other,FAQ,1550,1700,1561,10-Sep-14
719,Sholapur,Barshi,Wheat,Other,FAQ,1500,1561,1541,9-Sep-14
720,Sholapur,Barshi,Wheat,Other,FAQ,1500,1561,1551,28-Aug-14
721,Sholapur,Barshi,Wheat,Other,FAQ,1561,1800,1575,27-Aug-14
722,Sholapur,Barshi,Wheat,Other,FAQ,1500,1575,1550,26-Aug-14
723,Sholapur,Barshi,Wheat,Other,FAQ,1551,1800,1775,23-Aug-14
724,Sholapur,Barshi,Wheat,Other,FAQ,1550,2000,1575,22-Aug-14
725,Sholapur,Barshi,Wheat,Other,FAQ,1550,1550,1550,21-Aug-14
726,Sholapur,Barshi,Wheat,Other,FAQ,1550,2000,1575,20-Aug-14
727,Sholapur,Barshi,Wheat,Other,FAQ,1500,2200,2151,19-Aug-14
728,Sholapur,Barshi,Wheat,Other,FAQ,1611,2200,1900,13-Aug-14
729,Sholapur,Barshi,Wheat,Other,FAQ,1525,3500,1525,12-Aug-14
730,Sholapur,Barshi,Wheat,Other,FAQ,1431,1575,1525,11-Aug-14
731,Sholapur,Barshi,Wheat,Other,FAQ,1450,2475,1800,9-Aug-14
732,Sholapur,Barshi,Wheat,Other,FAQ,1550,2000,1575,8-Aug-14
733,Sholapur,Barshi,Wheat,Other,FAQ,1561,1575,1565,7-Aug-14
734,Sholapur,Barshi,Wheat,Other,FAQ,1441,1800,1575,31-Jul-14
735,Sholapur,Barshi,Wheat,Other,FAQ,3000,3000,3000,30-Jul-14
736,Sholapur,Barshi,Wheat,Other,FAQ,1550,1550,1550,28-Jul-14
737,Sholapur,Barshi,Wheat,Other,FAQ,1500,1750,1625,25-Jul-14
738,Sholapur,Barshi,Wheat,Other,FAQ,1500,1500,1500,24-Jul-14
739,Sholapur,Barshi,Wheat,Other,FAQ,1300,1550,1400,23-Jul-14
740,Sholapur,Barshi,Wheat,Other,FAQ,1450,1800,1500,22-Jul-14
741,Sholapur,Barshi,Wheat,Other,FAQ,1480,1600,1500,21-Jul-14
742,Sholapur,Barshi,Wheat,Other,FAQ,1521,2200,1800,19-Jul-14
743,Sholapur,Barshi,Wheat,Other,FAQ,1400,1700,1650,18-Jul-14
744,Sholapur,Barshi,Wheat,Other,FAQ,1450,2700,1600,17-Jul-14
745,Sholapur,Barshi,Wheat,Other,FAQ,1475,1600,1500,16-Jul-14
746,Sholapur,Barshi,Wheat,Other,FAQ,1475,2700,2100,15-Jul-14
747,Sholapur,Barshi,Wheat,Other,FAQ,1475,4900,1500,14-Jul-14
748,Sholapur,Barshi,Wheat,Other,FAQ,1441,2000,1700,5-Jul-14
749,Sholapur,Barshi,Wheat,Other,FAQ,1431,1450,1440,4-Jul-14
750,Sholapur,Barshi,Wheat,Other,FAQ,1425,2100,1800,2-Jul-14
751,Sholapur,Barshi,Wheat,Other,FAQ,1425,2100,1451,1-Jul-14
752,Sholapur,Barshi,Wheat,Other,FAQ,1431,1800,1435,30-Jun-14
753,Sholapur,Barshi,Wheat,Other,FAQ,1431,1900,1600,28-Jun-14
754,Sholapur,Barshi,Wheat,Other,FAQ,1431,1475,1440,26-Jun-14
755,Sholapur,Barshi,Wheat,Other,FAQ,1425,2400,1450,24-Jun-14
756,Sholapur,Barshi,Wheat,Other,FAQ,1405,1900,1600,23-Jun-14
757,Sholapur,Barshi,Wheat,Other,FAQ,1475,1475,1475,21-Jun-14
758,Sholapur,Barshi,Wheat,Other,FAQ,1461,2400,1461,20-Jun-14
759,Sholapur,Barshi,Wheat,Other,FAQ,1475,1900,1600,19-Jun-14
760,Sholapur,Barshi,Wheat,Other,FAQ,1461,2000,1485,18-Jun-14
761,Sholapur,Barshi,Wheat,Other,FAQ,1461,1500,1481,17-Jun-14
762,Sholapur,Barshi,Wheat,Other,FAQ,1475,1900,1800,16-Jun-14
763,Sholapur,Barshi,Wheat,Other,FAQ,1475,2400,1500,14-Jun-14
764,Sholapur,Barshi,Wheat,Other,FAQ,1450,2000,1461,13-Jun-14
765,Sholapur,Barshi,Wheat,Other,FAQ,1461,2000,1461,12-Jun-14
766,Sholapur,Barshi,Wheat,Other,FAQ,1475,2400,2000,11-Jun-14
767,Sholapur,Barshi,Wheat,Other,FAQ,1475,1475,1475,10-Jun-14
768,Sholapur,Barshi,Wheat,Other,FAQ,1400,2300,1525,7-Jun-14
769,Sholapur,Barshi,Wheat,Other,FAQ,1400,1500,1475,6-Jun-14
770,Sholapur,Barshi,Wheat,Other,FAQ,1450,2000,1525,5-Jun-14
771,Sholapur,Barshi,Wheat,Other,FAQ,1491,2400,1491,20-May-14
772,Sholapur,Barshi,Wheat,Other,FAQ,1435,1625,1450,16-May-14
773,Sholapur,Barshi,Wheat,Other,FAQ,1431,1500,1500,6-May-14
774,Sholapur,Barshi,Wheat,Other,FAQ,1425,2500,2200,5-May-14
775,Sholapur,Barshi,Wheat,Other,FAQ,1431,4000,2000,3-May-14
776,Sholapur,Barshi,Wheat,Other,FAQ,1475,2451,1475,2-May-14
777,Sholapur,Barshi,Wheat,Other,FAQ,1800,6000,1900,30-Apr-14
778,Sholapur,Barshi,Wheat,Other,FAQ,1431,2500,2200,26-Apr-14
779,Sholapur,Barshi,Wheat,Other,FAQ,1600,1600,1600,25-Apr-14
780,Sholapur,Barshi,Wheat,Other,FAQ,1445,2500,1600,24-Apr-14
781,Sholapur,Barshi,Wheat,Other,FAQ,1431,2000,1800,23-Apr-14
782,Sholapur,Barshi,Wheat,Other,FAQ,1141,1425,1421,22-Apr-14
783,Sholapur,Barshi,Wheat,Other,FAQ,1400,1800,1411,15-Apr-14
784,Sholapur,Barshi,Wheat,Other,FAQ,1400,1811,1711,11-Apr-14
785,Sholapur,Barshi,Wheat,Other,FAQ,1431,2200,1450,10-Apr-14
786,Sholapur,Barshi,Wheat,Other,FAQ,1435,2000,1450,9-Apr-14
787,Sholapur,Barshi,Wheat,Other,FAQ,2000,2300,2200,2-Apr-14
788,Sholapur,Barshi,Wheat,Other,FAQ,1450,2000,1800,1-Apr-14
789,Sholapur,Barshi,Wheat,Other,FAQ,1550,1600,1550,26-Feb-14
790,Sholapur,Barshi,Wheat,Other,FAQ,1550,1550,1550,25-Feb-14
791,Sholapur,Barshi,Wheat,Other,FAQ,1700,2000,1900,24-Feb-14
792,Sholapur,Barshi,Wheat,Other,FAQ,1786,2200,1786,22-Feb-14
793,Sholapur,Barshi,Wheat,Other,FAQ,1565,2000,1850,21-Feb-14
794,Sholapur,Barshi,Wheat,Other,FAQ,1900,2000,1900,20-Feb-14
795,Sholapur,Barshi,Wheat,Other,FAQ,1511,1561,1551,7-Feb-14
796,Sholapur,Barshi,Wheat,Other,FAQ,1550,2401,1700,6-Feb-14
797,Sholapur,Barshi,Wheat,Other,FAQ,1551,1551,1551,31-Jan-14
798,Sholapur,Barshi,Wheat,Other,FAQ,1550,2900,2800,29-Jan-14
799,Sholapur,Barshi,Wheat,Other,FAQ,1551,1551,1551,20-Jan-14
800,Sholapur,Barshi,Wheat,Other,FAQ,2400,2400,2400,17-Jan-14
801,Sholapur,Barshi,Wheat,Other,FAQ,1550,1550,1550,11-Jan-14
802,Sholapur,Barshi,Wheat,Other,FAQ,1551,2500,1551,10-Jan-14
803,Sholapur,Barshi,Wheat,Other,FAQ,1525,1525,1525,9-Jan-14
804,Sholapur,Barshi,Wheat,Other,FAQ,1550,2000,1600,31-Dec-13
805,Sholapur,Barshi,Wheat,Other,FAQ,1400,1600,1550,30-Dec-13
806,Sholapur,Barshi,Wheat,Other,FAQ,2411,2450,2450,27-Dec-13
807,Sholapur,Barshi,Wheat,Other,FAQ,1561,1565,1561,26-Dec-13
808,Sholapur,Barshi,Wheat,Other,FAQ,1400,2550,1551,24-Dec-13
809,Sholapur,Barshi,Wheat,Other,FAQ,1350,1550,1524,23-Dec-13
810,Sholapur,Barshi,Wheat,Other,FAQ,1525,2700,2300,21-Dec-13
811,Sholapur,Barshi,Wheat,Other,FAQ,1500,1561,1500,20-Dec-13
812,Sholapur,Barshi,Wheat,Other,FAQ,1541,1541,1541,19-Dec-13
813,Sholapur,Barshi,Wheat,Other,FAQ,1600,2550,2200,18-Dec-13
814,Sholapur,Barshi,Wheat,Other,FAQ,1500,1500,1500,17-Dec-13
815,Sholapur,Barshi,Wheat,Other,FAQ,1550,2550,2550,14-Dec-13
816,Sholapur,Barshi,Wheat,Other,FAQ,1525,2750,2250,13-Dec-13
817,Sholapur,Barshi,Wheat,Other,FAQ,1525,1551,1550,12-Dec-13
818,Sholapur,Barshi,Wheat,Other,FAQ,1525,2000,1650,11-Dec-13
819,Sholapur,Barshi,Wheat,Other,FAQ,1525,1525,1525,4-Dec-13
820,Sholapur,Barshi,Wheat,Other,FAQ,1500,2451,1550,30-Nov-13
821,Sholapur,Barshi,Wheat,Other,FAQ,1525,1525,1525,29-Nov-13
822,Sholapur,Barshi,Wheat,Other,FAQ,1550,1561,1550,27-Nov-13
823,Sholapur,Barshi,Wheat,Bansi,FAQ,5200,5200,5200,26-Nov-13
824,Sholapur,Barshi,Wheat,Other,FAQ,1525,2500,1550,26-Nov-13
825,Sholapur,Barshi,Wheat,Other,FAQ,1550,1550,1550,22-Nov-13
826,Sholapur,Barshi,Wheat,Other,FAQ,1531,1531,1531,21-Nov-13
827,Sholapur,Barshi,Wheat,Other,FAQ,1525,2700,2200,20-Nov-13
828,Sholapur,Barshi,Wheat,Other,FAQ,1525,1525,1525,19-Nov-13
829,Sholapur,Barshi,Wheat,Other,FAQ,1561,1561,1561,18-Nov-13
830,Sholapur,Barshi,Wheat,Other,FAQ,1550,1650,1550,16-Nov-13
831,Sholapur,Barshi,Wheat,Other,FAQ,1541,1541,1541,15-Nov-13
832,Sholapur,Barshi,Wheat,Other,FAQ,1551,1551,1551,12-Nov-13
833,Sholapur,Barshi,Wheat,Other,FAQ,1565,2100,2000,11-Nov-13
834,Sholapur,Barshi,Wheat,Other,FAQ,1550,1550,1550,7-Nov-13
835,Sholapur,Barshi,Wheat,Other,FAQ,1525,1565,1550,6-Nov-13
836,Sholapur,Barshi,Wheat,Other,FAQ,1550,1550,1550,30-Oct-13
837,Sholapur,Barshi,Wheat,Other,FAQ,1600,1600,1600,29-Oct-13
838,Sholapur,Barshi,Wheat,Other,FAQ,1531,2400,1650,28-Oct-13
839,Sholapur,Barshi,Wheat,Other,FAQ,1541,1550,1541,26-Oct-13
840,Sholapur,Barshi,Wheat,Other,FAQ,1531,2050,1550,25-Oct-13
841,Sholapur,Barshi,Wheat,Other,FAQ,1525,1550,1525,24-Oct-13
842,Sholapur,Barshi,Wheat,Other,FAQ,1550,1551,1550,23-Oct-13
843,Sholapur,Barshi,Wheat,Other,FAQ,1531,1541,1531,22-Oct-13
844,Sholapur,Barshi,Wheat,Other,FAQ,1550,2225,2100,21-Oct-13
845,Sholapur,Barshi,Wheat,Other,FAQ,1520,1531,1525,17-Oct-13
846,Sholapur,Barshi,Wheat,Other,FAQ,1525,2250,1550,15-Oct-13
847,Sholapur,Barshi,Wheat,Other,FAQ,1525,1525,1525,13-Oct-13
848,Sholapur,Barshi,Wheat,Other,FAQ,1525,1525,1525,10-Oct-13
849,Sholapur,Barshi,Wheat,Other,FAQ,1525,2500,1525,9-Oct-13
850,Sholapur,Barshi,Wheat,Other,FAQ,2200,2300,2300,8-Oct-13
851,Sholapur,Barshi,Wheat,Other,FAQ,1525,1525,1525,7-Oct-13
852,Sholapur,Barshi,Wheat,Other,FAQ,2100,2200,2100,1-Oct-13
853,Sholapur,Barshi,Wheat,Other,FAQ,2100,2700,2100,30-Sep-13
854,Sholapur,Barshi,Wheat,Other,FAQ,1350,2300,2200,16-Sep-13
855,Sholapur,Barshi,Wheat,Other,FAQ,1550,2350,1551,14-Sep-13
856,Sholapur,Barshi,Wheat,Other,FAQ,1550,2785,2050,13-Sep-13
857,Sholapur,Barshi,Wheat,Other,FAQ,1541,2200,2050,12-Sep-13
858,Sholapur,Barshi,Wheat,Other,FAQ,1500,2200,1550,11-Sep-13
859,Sholapur,Barshi,Wheat,Other,FAQ,1550,1775,1775,31-Aug-13
860,Sholapur,Barshi,Wheat,Other,FAQ,1500,1550,1535,30-Aug-13
861,Sholapur,Barshi,Wheat,Other,FAQ,1500,1551,1525,28-Aug-13
862,Sholapur,Barshi,Wheat,Other,FAQ,1525,1541,1525,27-Aug-13
863,Sholapur,Barshi,Wheat,Other,FAQ,1600,1600,1600,26-Aug-13
864,Sholapur,Barshi,Wheat,Other,FAQ,1541,1541,1541,24-Aug-13
865,Sholapur,Barshi,Wheat,Other,FAQ,1500,2250,1525,23-Aug-13
866,Sholapur,Barshi,Wheat,Other,FAQ,1500,2500,1525,22-Aug-13
867,Sholapur,Barshi,Wheat,Other,FAQ,1541,1541,1541,21-Aug-13
868,Sholapur,Barshi,Wheat,Other,FAQ,1500,1650,1525,19-Aug-13
869,Sholapur,Barshi,Wheat,Other,FAQ,1500,2600,1511,31-Jul-13
870,Sholapur,Barshi,Wheat,Bansi,FAQ,4200,4200,4200,30-Jul-13
871,Sholapur,Barshi,Wheat,Other,FAQ,1531,1550,1531,30-Jul-13
872,Sholapur,Barshi,Wheat,Other,FAQ,1525,2200,2100,29-Jul-13
873,Sholapur,Barshi,Wheat,Other,FAQ,1500,2500,1500,26-Jul-13
874,Sholapur,Barshi,Wheat,Other,FAQ,1525,2150,1711,25-Jul-13
875,Sholapur,Barshi,Wheat,Other,FAQ,1550,1801,1651,24-Jul-13
876,Sholapur,Barshi,Wheat,Other,FAQ,1540,1540,1540,6-Jul-13
877,Sholapur,Barshi,Wheat,Other,FAQ,1551,1551,1551,4-Jul-13
878,Sholapur,Barshi,Wheat,Other,FAQ,2200,2400,2400,3-Jul-13
879,Sholapur,Barshi,Wheat,Other,FAQ,1550,1550,1550,1-Jul-13
880,Sholapur,Barshi,Wheat,Other,FAQ,1550,2600,2600,28-Jun-13
881,Sholapur,Barshi,Wheat,Other,FAQ,1550,2400,1550,26-Jun-13
882,Sholapur,Barshi,Wheat,Other,FAQ,1525,1550,1525,25-Jun-13
883,Sholapur,Barshi,Wheat,Other,FAQ,1525,1525,1525,24-Jun-13
884,Sholapur,Barshi,Wheat,Other,FAQ,1550,1550,1550,22-Jun-13
885,Sholapur,Barshi,Wheat,Other,FAQ,1500,1650,1550,20-Jun-13
886,Sholapur,Barshi,Wheat,Other,FAQ,2100,2500,2200,18-Jun-13
887,Sholapur,Barshi,Wheat,Other,FAQ,1500,1521,1500,17-Jun-13
888,Sholapur,Barshi,Wheat,Other,FAQ,1500,1525,1500,13-Jun-13
889,Sholapur,Barshi,Wheat,Other,FAQ,1525,1525,1525,12-Jun-13
890,Sholapur,Barshi,Wheat,Other,FAQ,1525,2300,2250,10-Jun-13
891,Sholapur,Barshi,Wheat,Other,FAQ,2250,2350,2300,7-Jun-13
892,Sholapur,Barshi,Wheat,Other,FAQ,1500,1500,1500,6-Jun-13
893,Sholapur,Barshi,Wheat,Other,FAQ,2100,2100,2100,5-Jun-13
894,Sholapur,Barshi,Wheat,Other,FAQ,1500,1500,1500,3-Jun-13
895,Sholapur,Barshi,Wheat,Other,FAQ,1500,2200,2051,1-Jun-13
896,Sholapur,Barshi,Wheat,Other,FAQ,1450,1450,1450,31-May-13
897,Sholapur,Barshi,Wheat,Other,FAQ,1400,2350,2250,30-May-13
898,Sholapur,Barshi,Wheat,Other,FAQ,1475,1475,1475,29-May-13
899,Sholapur,Barshi,Wheat,Other,FAQ,1475,1475,1475,28-May-13
900,Sholapur,Barshi,Wheat,Other,FAQ,1475,1725,1475,27-May-13
901,Sholapur,Barshi,Wheat,Other,FAQ,1400,2700,2300,24-May-13
902,Sholapur,Barshi,Wheat,Other,FAQ,1475,2200,1475,23-May-13
903,Sholapur,Barshi,Wheat,Other,FAQ,1500,1500,1500,22-May-13
904,Sholapur,Barshi,Wheat,Other,FAQ,1450,2700,2500,21-May-13
905,Sholapur,Barshi,Wheat,Other,FAQ,1451,1750,1451,20-May-13
906,Sholapur,Barshi,Wheat,Other,FAQ,1425,2350,2300,16-May-13
907,Sholapur,Barshi,Wheat,Other,FAQ,1450,2600,1825,15-May-13
908,Sholapur,Barshi,Wheat,Other,FAQ,1400,2500,1400,14-May-13
909,Sholapur,Barshi,Wheat,Other,FAQ,2250,2250,2250,8-May-13
910,Sholapur,Barshi,Wheat,Other,FAQ,1425,2350,2250,6-May-13
911,Sholapur,Barshi,Wheat,Other,FAQ,1425,1901,1500,2-May-13
912,Sholapur,Barshi,Wheat,Other,FAQ,1901,1901,1901,27-Apr-13
913,Sholapur,Barshi,Wheat,Other,FAQ,1425,2700,2600,26-Apr-13
914,Sholapur,Barshi,Wheat,Other,FAQ,1425,1425,1425,25-Apr-13
915,Sholapur,Barshi,Wheat,Other,FAQ,2575,2575,2575,22-Apr-13
916,Sholapur,Barshi,Wheat,Other,FAQ,1400,1400,1400,20-Apr-13
917,Sholapur,Barshi,Wheat,Other,FAQ,2700,2700,2700,17-Apr-13
918,Sholapur,Barshi,Wheat,Other,FAQ,2450,2450,2450,6-Apr-13
919,Sholapur,Barshi,Wheat,Other,FAQ,1400,1400,1400,1-Apr-13
920,Sholapur,Barshi,Wheat,Other,FAQ,1350,2400,2350,26-Mar-13
921,Sholapur,Barshi,Wheat,Other,FAQ,2500,2500,2500,25-Mar-13
922,Sholapur,Barshi,Wheat,Other,FAQ,1375,2400,1800,23-Mar-13
923,Sholapur,Barshi,Wheat,Other,FAQ,2001,2001,2001,22-Mar-13
924,Sholapur,Barshi,Wheat,Other,FAQ,1500,1500,1500,20-Mar-13
925,Sholapur,Barshi,Wheat,Other,FAQ,1371,1371,1371,19-Mar-13
926,Sholapur,Barshi,Wheat,Other,FAQ,1500,1500,1500,16-Mar-13
927,Sholapur,Barshi,Wheat,Other,FAQ,2000,2000,2000,15-Mar-13
928,Sholapur,Barshi,Wheat,Other,FAQ,1371,2375,1371,14-Mar-13
929,Sholapur,Barshi,Wheat,Other,FAQ,1900,1900,1900,13-Mar-13
930,Sholapur,Barshi,Wheat,Other,FAQ,1365,2350,1365,9-Mar-13
931,Sholapur,Barshi,Wheat,Other,FAQ,1365,1365,1365,6-Mar-13
932,Sholapur,Barshi,Wheat,Other,FAQ,1365,1365,1365,4-Mar-13
933,Sholapur,Barshi,Wheat,Other,FAQ,1371,1600,1371,1-Mar-13
934,Sholapur,Barshi,Wheat,Other,FAQ,1371,1725,1700,28-Feb-13
935,Sholapur,Barshi,Wheat,Other,FAQ,1361,1725,1375,27-Feb-13
936,Sholapur,Barshi,Wheat,Other,FAQ,2201,2201,2201,23-Feb-13
937,Sholapur,Barshi,Wheat,Other,FAQ,1900,1900,1900,21-Feb-13
938,Sholapur,Barshi,Wheat,Other,FAQ,2350,2350,2350,16-Feb-13
939,Sholapur,Barshi,Wheat,Other,FAQ,1360,1800,1360,15-Feb-13
940,Sholapur,Barshi,Wheat,Other,FAQ,1371,1371,1371,14-Feb-13
941,Sholapur,Barshi,Wheat,Other,FAQ,1350,1600,1400,12-Feb-13
942,Sholapur,Barshi,Wheat,Other,FAQ,1351,1361,1351,7-Feb-13
943,Sholapur,Barshi,Wheat,Other,FAQ,1700,2000,1700,6-Feb-13
944,Sholapur,Barshi,Wheat,Other,FAQ,1351,1351,1351,4-Feb-13
945,Sholapur,Barshi,Wheat,Other,FAQ,1351,1351,1351,2-Feb-13
946,Sholapur,Barshi,Wheat,Other,FAQ,1300,2200,1375,1-Feb-13
947,Sholapur,Barshi,Wheat,Other,FAQ,1350,1350,1350,31-Jan-13
948,Sholapur,Barshi,Wheat,Other,FAQ,2100,2200,2100,28-Jan-13
949,Sholapur,Barshi,Wheat,Other,FAQ,2211,2211,2211,24-Jan-13
950,Sholapur,Barshi,Wheat,Other,FAQ,2200,2500,2200,23-Jan-13
951,Sholapur,Barshi,Wheat,Other,FAQ,2500,2500,2500,22-Jan-13
952,Sholapur,Barshi,Wheat,Other,FAQ,1375,1375,1375,21-Jan-13
953,Sholapur,Barshi,Wheat,Other,FAQ,1350,1350,1350,19-Jan-13
954,Sholapur,Barshi,Wheat,Other,FAQ,1351,1700,1375,18-Jan-13
955,Sholapur,Barshi,Wheat,Other,FAQ,1775,2300,2000,17-Jan-13
956,Sholapur,Barshi,Wheat,Other,FAQ,1350,2451,1350,16-Jan-13
957,Sholapur,Barshi,Wheat,Other,FAQ,2200,2200,2200,15-Jan-13
958,Sholapur,Barshi,Wheat,Other,FAQ,2200,2200,2200,10-Jan-13
959,Sholapur,Barshi,Wheat,Other,FAQ,1351,1800,1800,4-Jan-13
960,Sholapur,Barshi,Wheat,Other,FAQ,2111,2500,2500,1-Jan-13
961,Sholapur,Barshi,Wheat,Other,FAQ,1351,1901,1901,29-Dec-12
962,Sholapur,Barshi,Wheat,Other,FAQ,1331,1331,1331,27-Dec-12
963,Sholapur,Barshi,Wheat,Other,FAQ,1335,2100,2100,24-Dec-12
964,Sholapur,Barshi,Wheat,Other,FAQ,1325,1325,1325,20-Dec-12
965,Sholapur,Barshi,Wheat,Other,FAQ,1331,1331,1331,18-Dec-12
966,Sholapur,Barshi,Wheat,Other,FAQ,1350,1500,1350,15-Dec-12
967,Sholapur,Barshi,Wheat,Other,FAQ,1325,1611,1325,14-Dec-12
968,Sholapur,Barshi,Wheat,Other,FAQ,2000,2000,2000,12-Dec-12
969,Sholapur,Barshi,Wheat,Other,FAQ,1350,1700,1400,11-Dec-12
970,Sholapur,Barshi,Wheat,Other,FAQ,1335,2500,2000,10-Dec-12
971,Sholapur,Barshi,Wheat,Other,FAQ,1350,1350,1350,7-Dec-12
972,Sholapur,Barshi,Wheat,Other,FAQ,1311,2100,2000,30-Nov-12
973,Sholapur,Barshi,Wheat,Other,FAQ,1311,2250,1311,29-Nov-12
974,Sholapur,Barshi,Wheat,Other,FAQ,1300,1325,1300,27-Nov-12
975,Sholapur,Barshi,Wheat,Other,FAQ,1300,2000,1325,17-Nov-12
976,Sholapur,Barshi,Wheat,Other,FAQ,2000,2150,2000,16-Nov-12
977,Sholapur,Barshi,Wheat,Other,FAQ,1300,1500,1300,8-Nov-12
978,Sholapur,Barshi,Wheat,Other,FAQ,1325,2300,1331,7-Nov-12
979,Sholapur,Barshi,Wheat,Other,FAQ,1500,1500,1500,3-Nov-12
980,Sholapur,Barshi,Wheat,Other,FAQ,1300,1325,1300,2-Nov-12
981,Sholapur,Barshi,Wheat,Other,FAQ,1321,1331,1325,1-Nov-12
982,Sholapur,Barshi,Wheat,Other,FAQ,1300,2100,1800,31-Oct-12
983,Sholapur,Barshi,Wheat,Other,FAQ,1300,1300,1300,30-Oct-12
984,Sholapur,Barshi,Wheat,Other,FAQ,2000,2000,2000,25-Oct-12
985,Sholapur,Barshi,Wheat,Other,FAQ,1311,2025,2000,23-Oct-12
986,Sholapur,Barshi,Wheat,Other,FAQ,1300,1900,1900,22-Oct-12
987,Sholapur,Barshi,Wheat,Other,FAQ,1300,1350,1300,20-Oct-12
988,Sholapur,Barshi,Wheat,Other,FAQ,1500,1850,1500,18-Oct-12
989,Sholapur,Barshi,Wheat,Other,FAQ,1325,2000,1700,17-Oct-12
990,Sholapur,Barshi,Wheat,Other,FAQ,1375,2050,1750,4-Oct-12
991,Sholapur,Barshi,Wheat,Other,FAQ,1600,2200,1725,3-Oct-12
992,Sholapur,Barshi,Wheat,Other,FAQ,1800,1800,1800,8-Sep-12
993,Sholapur,Barshi,Wheat,Other,FAQ,1525,2450,1600,6-Sep-12
994,Sholapur,Barshi,Wheat,Other,FAQ,1561,1900,1700,5-Sep-12
995,Sholapur,Barshi,Wheat,Other,FAQ,1500,1750,1650,4-Sep-12
996,Sholapur,Barshi,Wheat,Other,FAQ,1511,2100,2075,1-Sep-12
997,Sholapur,Barshi,Wheat,Other,FAQ,1486,1900,1601,31-Aug-12
998,Sholapur,Barshi,Wheat,Other,FAQ,1500,1525,1500,30-Aug-12
999,Sholapur,Barshi,Wheat,Other,FAQ,1400,2100,2000,29-Aug-12
1000,Sholapur,Barshi,Wheat,Other,FAQ,1400,2200,1751,25-Aug-12
1001,Sholapur,Barshi,Wheat,Other,FAQ,2075,2075,2075,24-Aug-12
1002,Sholapur,Barshi,Wheat,Other,FAQ,1425,2200,1425,23-Aug-12
1003,Sholapur,Barshi,Wheat,Other,FAQ,1650,2100,1650,22-Aug-12
1004,Sholapur,Barshi,Wheat,Other,FAQ,1301,2500,1400,9-Aug-12
1005,Sholapur,Barshi,Wheat,Other,FAQ,1475,2100,1825,8-Aug-12
1006,Sholapur,Barshi,Wheat,Other,FAQ,1225,2450,1550,7-Aug-12
1007,Sholapur,Barshi,Wheat,Other,FAQ,1325,1605,1400,4-Aug-12
1008,Sholapur,Barshi,Wheat,Other,FAQ,1250,1451,1250,3-Aug-12
1009,Sholapur,Barshi,Wheat,Other,FAQ,1211,1600,1401,1-Aug-12
1010,Sholapur,Barshi,Wheat,Other,FAQ,1151,1751,1300,12-Jul-12
1011,Sholapur,Barshi,Wheat,Other,FAQ,1140,1140,1140,15-May-12
1012,Sholapur,Barshi,Wheat,Other,FAQ,1111,1900,1600,7-May-12
1013,Sholapur,Barshi,Wheat,Other,FAQ,1300,1800,1700,4-May-12
1014,Sholapur,Barshi,Wheat,Other,FAQ,1125,2400,1125,3-May-12
1015,Sholapur,Barshi,Wheat,Other,FAQ,1551,1915,1850,2-May-12
1016,Sholapur,Barshi,Wheat,Other,FAQ,1181,2100,1800,19-Apr-12
1017,Sholapur,Barshi,Wheat,Other,FAQ,1200,2225,1900,17-Apr-12
1018,Sholapur,Barshi,Wheat,Other,FAQ,1400,2000,1800,13-Apr-12
1019,Sholapur,Barshi,Wheat,Other,FAQ,1175,1575,1550,7-Apr-12
1020,Sholapur,Barshi,Wheat,Other,FAQ,1341,2100,1975,4-Apr-12
1021,Sholapur,Barshi,Wheat,Other,FAQ,1181,2100,1775,2-Apr-12
1022,Sholapur,Barshi,Wheat,Other,FAQ,1161,1161,1161,27-Mar-12
1023,Sholapur,Barshi,Wheat,Other,FAQ,1751,1751,1751,26-Mar-12
1024,Sholapur,Barshi,Wheat,Other,FAQ,1211,1211,1211,24-Mar-12
1025,Sholapur,Barshi,Wheat,Other,FAQ,1150,1900,1800,23-May-11
1026,Sholapur,Barshi,Wheat,Other,FAQ,1121,1800,1600,20-May-11
1027,Sholapur,Barshi,Wheat,Other,FAQ,1151,1700,1400,16-May-11
1028,Sholapur,Barshi,Wheat,Other,FAQ,1150,1800,1600,11-May-11
1029,Sholapur,Barshi,Wheat,Other,FAQ,1151,1411,1325,10-May-11
1030,Sholapur,Barshi,Wheat,Other,FAQ,1225,1801,1500,9-May-11
1031,Sholapur,Barshi,Wheat,Other,FAQ,1351,1901,1600,20-Apr-11
1032,Sholapur,Barshi,Wheat,Other,FAQ,1600,1600,1600,19-Apr-11
1033,Sholapur,Barshi,Wheat,Other,FAQ,1150,2050,1800,9-Apr-11
1034,Sholapur,Barshi,Wheat,Other,FAQ,1141,2000,1850,8-Apr-11
1035,Sholapur,Barshi,Wheat,Other,FAQ,1150,1800,1400,5-Apr-11
1036,Sholapur,Barshi,Wheat,Other,FAQ,1150,1750,1600,2-Apr-11
1037,Sholapur,Barshi,Wheat,Other,FAQ,1140,1800,1451,1-Apr-11
1038,Sholapur,Barshi,Wheat,Other,FAQ,1150,1700,1400,28-Mar-11
1039,Sholapur,Barshi,Wheat,Other,FAQ,1231,1550,1311,18-Mar-11
1040,Sholapur,Barshi,Wheat,Other,FAQ,1211,1411,1311,17-Mar-11
1041,Sholapur,Barshi,Wheat,Other,FAQ,1231,1460,1300,16-Mar-11
1042,Sholapur,Barshi,Wheat,Other,FAQ,1221,2365,1600,14-Mar-11
1043,Sholapur,Barshi,Wheat,Other,FAQ,1291,1650,1400,12-Mar-11
1044,Sholapur,Barshi,Wheat,Other,FAQ,1221,1650,1311,11-Mar-11
1045,Sholapur,Barshi,Wheat,Other,FAQ,1211,1346,1231,10-Mar-11
1046,Sholapur,Barshi,Wheat,Other,FAQ,1300,1875,1450,9-Mar-11
1047,Sholapur,Barshi,Wheat,Other,FAQ,1150,1875,1365,8-Mar-11
1048,Sholapur,Barshi,Wheat,Other,FAQ,1241,1660,1425,7-Mar-11
1049,Sholapur,Barshi,Wheat,Other,FAQ,1200,1501,1441,5-Mar-11
1050,Sholapur,Barshi,Wheat,Other,FAQ,1251,1550,1400,3-Mar-11
1051,Sholapur,Barshi,Wheat,Other,FAQ,1241,1591,1475,12-Feb-11
1052,Sholapur,Barshi,Wheat,Other,FAQ,1271,1651,1271,11-Feb-11
1053,Sholapur,Barshi,Wheat,Other,FAQ,1100,1625,1271,9-Feb-11
1054,Sholapur,Barshi,Wheat,Other,FAQ,1100,1924,1751,8-Feb-11
1055,Sholapur,Barshi,Wheat,Other,FAQ,1100,1900,1261,4-Feb-11
1056,Sholapur,Barshi,Wheat,Other,FAQ,1200,1601,1351,1-Feb-11
1057,Sholapur,Barshi,Wheat,Other,FAQ,1125,1850,1500,11-Jan-11
1058,Sholapur,Barshi,Wheat,Other,FAQ,1100,1700,1231,10-Jan-11
1059,Sholapur,Barshi,Wheat,Other,FAQ,1500,2300,1725,7-Jan-11
1060,Sholapur,Barshi,Wheat,Other,FAQ,1351,1351,1351,1-Jan-11
1061,Sholapur,Barshi,Wheat,Other,FAQ,1200,1301,1221,31-Dec-10
1062,Sholapur,Barshi,Wheat,Other,FAQ,1551,2400,1900,30-Dec-10
1063,Sholapur,Barshi,Wheat,Other,FAQ,1200,1200,1200,29-Dec-10
1064,Sholapur,Barshi,Wheat,Other,FAQ,1350,1800,1700,24-Dec-10
1065,Sholapur,Barshi,Wheat,Other,FAQ,1251,2200,1621,23-Dec-10
1066,Sholapur,Barshi,Wheat,Other,FAQ,1100,1600,1500,14-Dec-10
1067,Sholapur,Barshi,Wheat,Other,FAQ,1241,1800,1600,13-Dec-10
1068,Sholapur,Barshi,Wheat,Other,FAQ,1365,1800,1611,11-Dec-10
1069,Sholapur,Barshi,Wheat,Other,FAQ,1200,1950,1250,9-Dec-10
1070,Sholapur,Barshi,Wheat,Other,FAQ,1400,1400,1400,8-Dec-10
1071,Sholapur,Barshi,Wheat,Other,FAQ,1225,1500,1311,6-Dec-10
1072,Sholapur,Barshi,Wheat,Other,FAQ,1251,1500,1251,3-Dec-10
1073,Sholapur,Barshi,Wheat,Other,FAQ,1225,1700,1500,2-Dec-10
1074,Sholapur,Barshi,Wheat,Other,FAQ,1231,2000,1950,1-Dec-10
1075,Sholapur,Barshi,Wheat,Other,FAQ,1225,2300,1500,29-Nov-10
1076,Sholapur,Barshi,Wheat,Other,FAQ,1225,1711,1651,25-Nov-10
1077,Sholapur,Barshi,Wheat,Other,FAQ,1301,1701,1341,24-Nov-10
1078,Sholapur,Barshi,Wheat,Other,FAQ,1221,1300,1221,22-Nov-10
1079,Sholapur,Barshi,Wheat,Other,FAQ,1175,1311,1250,20-Nov-10
1080,Sholapur,Barshi,Wheat,Other,FAQ,1200,2001,1300,19-Nov-10
1081,Sholapur,Barshi,Wheat,Other,FAQ,1301,1301,1301,18-Nov-10
1082,Sholapur,Barshi,Wheat,Other,FAQ,1251,1775,1600,17-Nov-10
1083,Sholapur,Barshi,Wheat,Other,FAQ,1250,1500,1400,15-Nov-10
1084,Sholapur,Barshi,Wheat,Other,FAQ,1251,1550,1305,13-Nov-10
1085,Sholapur,Barshi,Wheat,Other,FAQ,1350,1850,1550,11-Nov-10
1086,Sholapur,Barshi,Wheat,Other,FAQ,1211,1525,1300,6-Nov-10
1087,Sholapur,Barshi,Wheat,Other,FAQ,1611,1611,1611,2-Nov-10
1088,Sholapur,Barshi,Wheat,Other,FAQ,1251,1251,1251,1-Nov-10
1089,Sholapur,Barshi,Wheat,Other,FAQ,1300,1850,1451,29-Oct-10
1090,Sholapur,Barshi,Wheat,Other,FAQ,1201,1601,1500,28-Oct-10
1091,Sholapur,Barshi,Wheat,Other,FAQ,1201,1350,1250,27-Oct-10
1092,Sholapur,Barshi,Wheat,Other,FAQ,1200,1550,1313,26-Oct-10
1093,Sholapur,Barshi,Wheat,Other,FAQ,1200,1700,1700,25-Oct-10
1094,Sholapur,Barshi,Wheat,Other,FAQ,1211,1425,1300,23-Oct-10
1095,Sholapur,Barshi,Wheat,Other,FAQ,1320,2032,1450,21-Oct-10
1096,Sholapur,Barshi,Wheat,Other,FAQ,1200,2101,1300,19-Oct-10
1097,Sholapur,Barshi,Wheat,Other,FAQ,1301,1301,1301,18-Oct-10
1098,Sholapur,Barshi,Wheat,Other,FAQ,1251,1600,1350,16-Oct-10
1099,Sholapur,Barshi,Wheat,Other,FAQ,1385,1385,1385,14-Oct-10
1100,Sholapur,Barshi,Wheat,Other,FAQ,1225,1225,1225,11-Oct-10
1101,Sholapur,Barshi,Wheat,Other,FAQ,1175,1221,1211,8-Oct-10
1102,Sholapur,Barshi,Wheat,Other,FAQ,1351,1825,1600,4-Oct-10
1103,Sholapur,Barshi,Wheat,Other,FAQ,1300,1450,1300,1-Oct-10
1104,Sholapur,Barshi,Wheat,Other,FAQ,1225,1251,1225,29-Sep-10
1105,Sholapur,Barshi,Wheat,Other,FAQ,1221,1825,1225,28-Sep-10
1106,Sholapur,Barshi,Wheat,Other,FAQ,1350,1350,1350,27-Sep-10
1107,Sholapur,Barshi,Wheat,Other,FAQ,1241,1250,1241,25-Sep-10
1108,Sholapur,Barshi,Wheat,Other,FAQ,1311,1411,1401,24-Sep-10
1109,Sholapur,Barshi,Wheat,Other,FAQ,1200,1500,1241,23-Sep-10
1110,Sholapur,Barshi,Wheat,Other,FAQ,1175,1350,1275,21-Sep-10
1111,Sholapur,Barshi,Wheat,Other,FAQ,1251,1900,1400,18-Sep-10
1112,Sholapur,Barshi,Wheat,Other,FAQ,1100,1700,1551,16-Sep-10
1113,Sholapur,Barshi,Wheat,Other,FAQ,1251,1311,1311,15-Sep-10
1114,Sholapur,Barshi,Wheat,Other,FAQ,1181,1811,1251,14-Sep-10
1115,Sholapur,Barshi,Wheat,Other,FAQ,1181,1700,1600,9-Sep-10
1116,Sholapur,Barshi,Wheat,Other,FAQ,1201,1450,1201,7-Sep-10
1117,Sholapur,Barshi,Wheat,Other,FAQ,1200,1400,1400,6-Sep-10
1118,Sholapur,Barshi,Wheat,Other,FAQ,1350,1425,1350,4-Sep-10
1119,Sholapur,Barshi,Wheat,Other,FAQ,1200,1850,1375,1-Sep-10
1120,Sholapur,Barshi,Wheat,Other,FAQ,1300,1925,1600,31-Aug-10
1121,Sholapur,Barshi,Wheat,Other,FAQ,1675,1800,1675,30-Aug-10
1122,Sholapur,Barshi,Wheat,Other,FAQ,1211,1800,1570,27-Aug-10
1123,Sholapur,Barshi,Wheat,Other,FAQ,1352,1352,1352,26-Aug-10
1124,Sholapur,Barshi,Wheat,Other,FAQ,1325,1900,1900,25-Aug-10
1125,Sholapur,Barshi,Wheat,Other,FAQ,1380,1680,1680,23-Aug-10
1126,Sholapur,Barshi,Wheat,Other,FAQ,1150,1375,1150,21-Aug-10
1127,Sholapur,Barshi,Wheat,Other,FAQ,1211,1361,1301,16-Aug-10
1128,Sholapur,Barshi,Wheat,Other,FAQ,1325,1325,1325,14-Aug-10
1129,Sholapur,Barshi,Wheat,Other,FAQ,1225,1300,1300,13-Aug-10
1130,Sholapur,Barshi,Wheat,Other,FAQ,2051,2051,2051,12-Aug-10
1131,Sholapur,Barshi,Wheat,Other,FAQ,1300,1400,1300,11-Aug-10
1132,Sholapur,Barshi,Wheat,Other,FAQ,1221,1221,1221,5-Aug-10
1133,Sholapur,Barshi,Wheat,Other,FAQ,1200,1450,1351,4-Aug-10
1134,Sholapur,Barshi,Wheat,Other,FAQ,1500,1500,1500,3-Aug-10
1135,Sholapur,Barshi,Wheat,Other,FAQ,1200,1611,1400,2-Aug-10
1136,Sholapur,Barshi,Wheat,Other,FAQ,1313,1650,1401,31-Jul-10
1137,Sholapur,Barshi,Wheat,Other,FAQ,1200,1875,1500,30-Jul-10
1138,Sholapur,Barshi,Wheat,Other,FAQ,1211,2051,1700,29-Jul-10
1139,Sholapur,Barshi,Wheat,Other,FAQ,1611,1800,1611,28-Jul-10
1140,Sholapur,Barshi,Wheat,Other,FAQ,1190,1600,1400,27-Jul-10
1141,Sholapur,Barshi,Wheat,Other,FAQ,1200,1211,1200,26-Jul-10
1142,Sholapur,Barshi,Wheat,Other,FAQ,1275,1785,1531,15-Jul-10
1143,Sholapur,Barshi,Wheat,Other,FAQ,1751,2052,1875,14-Jul-10
1144,Sholapur,Barshi,Wheat,Other,FAQ,1250,1925,1500,13-Jul-10
1145,Sholapur,Barshi,Wheat,Other,FAQ,1300,1300,1300,12-Jul-10
1146,Sholapur,Barshi,Wheat,Other,FAQ,1325,1700,1600,10-Jul-10
1147,Sholapur,Barshi,Wheat,Other,FAQ,1751,1751,1751,9-Jul-10
1148,Sholapur,Barshi,Wheat,Other,FAQ,1275,2200,1850,8-Jul-10
1149,Sholapur,Barshi,Wheat,Other,FAQ,1175,1530,1445,7-Jul-10
1150,Sholapur,Barshi,Wheat,Other,FAQ,1195,1195,1195,5-Jul-10
1151,Sholapur,Barshi,Wheat,Other,FAQ,1300,1300,1300,3-Jul-10
1152,Sholapur,Barshi,Wheat,Other,FAQ,1150,1600,1501,30-Jun-10
1153,Sholapur,Barshi,Wheat,Other,FAQ,1250,1300,1250,29-Jun-10
1154,Sholapur,Barshi,Wheat,Other,FAQ,1850,1950,1850,28-Jun-10
1155,Sholapur,Barshi,Wheat,Other,FAQ,1775,2000,1775,26-Jun-10
1156,Sholapur,Barshi,Wheat,Other,FAQ,1400,1950,1600,23-Jun-10
1157,Sholapur,Barshi,Wheat,Other,FAQ,1401,2000,1800,22-Jun-10
1158,Sholapur,Barshi,Wheat,Other,FAQ,1800,1800,1800,21-Jun-10
1159,Sholapur,Barshi,Wheat,Other,FAQ,1275,1800,1275,19-Jun-10
1160,Sholapur,Barshi,Wheat,Other,FAQ,1301,2071,1850,18-Jun-10
1161,Sholapur,Barshi,Wheat,Other,FAQ,1300,1811,1775,17-Jun-10
1162,Sholapur,Barshi,Wheat,Other,FAQ,1081,1810,1751,15-Jun-10
1163,Sholapur,Barshi,Wheat,Other,FAQ,1350,1950,1800,14-Jun-10
1164,Sholapur,Barshi,Wheat,Other,FAQ,1360,1360,1360,9-Jun-10
1165,Sholapur,Barshi,Wheat,Other,FAQ,1311,1875,1750,8-Jun-10
1166,Sholapur,Barshi,Wheat,Other,FAQ,1225,1800,1261,7-Jun-10
1167,Sholapur,Barshi,Wheat,Other,FAQ,1165,2000,1501,5-Jun-10
1168,Sholapur,Barshi,Wheat,Other,FAQ,1081,1081,1081,4-Jun-10
1169,Sholapur,Barshi,Wheat,Other,FAQ,1225,1760,1300,3-Jun-10
1170,Sholapur,Barshi,Wheat,Other,FAQ,1550,1550,1550,2-Jun-10
1171,Sholapur,Barshi,Wheat,Other,FAQ,1300,2050,1511,1-Jun-10
1172,Sholapur,Barshi,Wheat,Other,FAQ,1400,1850,1400,31-May-10
1173,Sholapur,Barshi,Wheat,Other,FAQ,1200,1201,1200,29-May-10
1174,Sholapur,Barshi,Wheat,Other,FAQ,1175,1175,1175,28-May-10
1175,Sholapur,Barshi,Wheat,Other,FAQ,1161,1161,1161,26-May-10
1176,Sholapur,Barshi,Wheat,Other,FAQ,1151,1800,1301,25-May-10
1177,Sholapur,Barshi,Wheat,Other,FAQ,1251,1400,1251,24-May-10
1178,Sholapur,Barshi,Wheat,Other,FAQ,1131,2000,1800,22-May-10
1179,Sholapur,Barshi,Wheat,Other,FAQ,1200,1800,1800,21-May-10
1180,Sholapur,Barshi,Wheat,Other,FAQ,1900,1900,1900,20-May-10
1181,Sholapur,Barshi,Wheat,Other,FAQ,1151,1151,1151,18-May-10
1182,Sholapur,Barshi,Wheat,Other,FAQ,1251,1601,1291,16-May-10
1183,Sholapur,Barshi,Wheat,Other,FAQ,1150,1150,1150,15-May-10
1184,Sholapur,Barshi,Wheat,Other,FAQ,1325,1325,1325,13-May-10
1185,Sholapur,Barshi,Wheat,Other,FAQ,2000,2000,2000,12-May-10
1186,Sholapur,Barshi,Wheat,Other,FAQ,1175,2050,1311,11-May-10
1187,Sholapur,Barshi,Wheat,Other,FAQ,1150,1400,1200,10-May-10
1188,Sholapur,Barshi,Wheat,Other,FAQ,1300,1951,1551,7-May-10
1189,Sholapur,Barshi,Wheat,Other,FAQ,1161,1161,1161,6-May-10
1190,Sholapur,Barshi,Wheat,Other,FAQ,1241,2000,1900,5-May-10
1191,Sholapur,Barshi,Wheat,Other,FAQ,1081,2050,1650,30-Apr-10
1192,Sholapur,Barshi,Wheat,Other,FAQ,1125,1600,1125,29-Apr-10
1193,Sholapur,Barshi,Wheat,Other,FAQ,1125,1801,1350,27-Apr-10
1194,Sholapur,Barshi,Wheat,Other,FAQ,1350,1350,1350,24-Apr-10
1195,Sholapur,Barshi,Wheat,Other,FAQ,1521,2000,1700,19-Apr-10
1196,Sholapur,Barshi,Wheat,Other,FAQ,1300,2025,1600,17-Apr-10
1197,Sholapur,Barshi,Wheat,Other,FAQ,2110,2110,2110,15-Apr-10
1198,Sholapur,Barshi,Wheat,Other,FAQ,1400,1575,1475,13-Apr-10
1199,Sholapur,Barshi,Wheat,Other,FAQ,1150,2250,1950,12-Apr-10
1200,Sholapur,Barshi,Wheat,Other,FAQ,1400,1750,1551,10-Apr-10
1201,Sholapur,Barshi,Wheat,Other,FAQ,1250,2100,1940,9-Apr-10
1202,Sholapur,Barshi,Wheat,Other,FAQ,1700,2000,1861,8-Apr-10
1203,Sholapur,Barshi,Wheat,Other,FAQ,1501,2005,1600,6-Apr-10
1204,Sholapur,Barshi,Wheat,Other,FAQ,1151,2000,1400,5-Apr-10
1205,Sholapur,Barshi,Wheat,Other,FAQ,1375,1950,1780,1-Apr-10
1206,Sholapur,Barshi,Wheat,Other,FAQ,1251,1725,1475,27-Mar-10
1207,Sholapur,Barshi,Wheat,Other,FAQ,1211,1680,1400,26-Mar-10
1208,Sholapur,Barshi,Wheat,Other,FAQ,1211,1501,1340,25-Mar-10
1209,Sholapur,Barshi,Wheat,Other,FAQ,1211,1325,1275,22-Mar-10
1210,Sholapur,Barshi,Wheat,Other,FAQ,1225,1500,1341,19-Mar-10
1211,Sholapur,Barshi,Wheat,Other,FAQ,1300,1300,1300,18-Mar-10
1212,Sholapur,Barshi,Wheat,Other,FAQ,1125,1450,1251,17-Mar-10
1213,Sholapur,Barshi,Wheat,Other,FAQ,1200,1325,1275,16-Mar-10
1214,Sholapur,Barshi,Wheat,Other,FAQ,1221,1525,1500,13-Mar-10
1215,Sholapur,Barshi,Wheat,Other,FAQ,1225,1311,1300,12-Mar-10
1216,Sholapur,Barshi,Wheat,Other,FAQ,1211,1411,1211,10-Mar-10
1217,Sholapur,Barshi,Wheat,Other,FAQ,1085,1481,1361,9-Mar-10
1218,Sholapur,Barshi,Wheat,Other,FAQ,1215,1951,1365,8-Mar-10
1219,Sholapur,Barshi,Wheat,Other,FAQ,1225,1531,1350,6-Mar-10
1220,Sholapur,Barshi,Wheat,Other,FAQ,1211,1211,1211,3-Mar-10
1221,Sholapur,Barshi,Wheat,Other,FAQ,1081,1501,1405,2-Mar-10
1222,Sholapur,Barshi,Wheat,Other,FAQ,1081,1400,1211,26-Feb-10
1223,Sholapur,Barshi,Wheat,Other,FAQ,1132,1451,1335,25-Feb-10
1224,Sholapur,Barshi,Wheat,Other,FAQ,1081,1623,1400,24-Feb-10
1225,Sholapur,Barshi,Wheat,Other,FAQ,1100,1900,1468,23-Feb-10
1226,Sholapur,Barshi,Wheat,Other,FAQ,1081,1525,1350,20-Feb-10
1227,Sholapur,Barshi,Wheat,Other,FAQ,1175,2000,1501,18-Feb-10
1228,Sholapur,Barshi,Wheat,Other,FAQ,1100,1625,1511,17-Feb-10
1229,Sholapur,Barshi,Wheat,Other,FAQ,1080,1700,1371,16-Feb-10
1230,Sholapur,Barshi,Wheat,Other,FAQ,1080,1501,1201,15-Feb-10
1231,Sholapur,Barshi,Wheat,Other,FAQ,1150,1552,1300,11-Feb-10
1232,Sholapur,Barshi,Wheat,Other,FAQ,1300,1300,1300,10-Feb-10
1233,Sholapur,Barshi,Wheat,Other,FAQ,1081,1500,1400,9-Feb-10
1234,Sholapur,Barshi,Wheat,Other,FAQ,1100,1275,1250,8-Feb-10
1235,Sholapur,Barshi,Wheat,Other,FAQ,1251,1328,1251,6-Feb-10
1236,Sholapur,Barshi,Wheat,Other,FAQ,1081,1725,1600,5-Feb-10
1237,Sholapur,Barshi,Wheat,Other,FAQ,1081,1800,1400,4-Feb-10
1238,Sholapur,Barshi,Wheat,Other,FAQ,1700,1850,1700,3-Feb-10
1239,Sholapur,Barshi,Wheat,Other,FAQ,1200,1675,1400,2-Feb-10
1240,Sholapur,Barshi,Wheat,Other,FAQ,1100,1421,1251,1-Feb-10
1241,Sholapur,Barshi,Wheat,Other,FAQ,1300,1600,1400,30-Jan-10
1242,Sholapur,Barshi,Wheat,Other,FAQ,1321,1350,1350,29-Jan-10
1243,Sholapur,Barshi,Wheat,Other,FAQ,1500,1500,1500,28-Jan-10
1244,Sholapur,Barshi,Wheat,Other,FAQ,1500,1725,1500,27-Jan-10
1245,Sholapur,Barshi,Wheat,Other,FAQ,1225,2025,1556,25-Jan-10
1246,Sholapur,Barshi,Wheat,Other,FAQ,1321,1321,1321,23-Jan-10
1247,Sholapur,Barshi,Wheat,Other,FAQ,1501,1501,1501,22-Jan-10
1248,Sholapur,Barshi,Wheat,Other,FAQ,1459,2000,1950,21-Jan-10
1249,Sholapur,Barshi,Wheat,Other,FAQ,1350,2000,1651,20-Jan-10
1250,Sholapur,Barshi,Wheat,Other,FAQ,1300,2000,1750,19-Jan-10
1251,Sholapur,Barshi,Wheat,Other,FAQ,1200,2000,1800,18-Jan-10
1252,Sholapur,Barshi,Wheat,Other,FAQ,1160,1600,1475,16-Jan-10
1253,Sholapur,Barshi,Wheat,Other,FAQ,1081,2050,1651,13-Jan-10
1254,Sholapur,Barshi,Wheat,Other,FAQ,1401,2050,1900,12-Jan-10
1255,Sholapur,Barshi,Wheat,Other,FAQ,1725,1935,1850,11-Jan-10
1256,Sholapur,Barshi,Wheat,Other,FAQ,1261,2051,1975,9-Jan-10
1257,Sholapur,Barshi,Wheat,Other,FAQ,1500,1900,1801,8-Jan-10
1258,Sholapur,Barshi,Wheat,Other,FAQ,1450,1950,1650,7-Jan-10
1259,Sholapur,Barshi,Wheat,Other,FAQ,1250,2000,1600,6-Jan-10
1260,Sholapur,Barshi,Wheat,Other,FAQ,1261,1901,1600,5-Jan-10
1261,Sholapur,Barshi,Wheat,Other,FAQ,1250,1725,1500,4-Jan-10
1262,Sholapur,Barshi,Wheat,Other,FAQ,1325,1925,1511,2-Jan-10
